n_anchors,room,trial,origin,max_error_m,previous_best_error_m
3,hab_custom,1,preset,5.687116766346677e-15,inf
3,hab_custom,2,custom_v1,0.70468231768891,inf
3,hab_custom,3,aleatorio,2.008291570906441,inf
3,hab_custom,4,aleatorio,2.0458478641845432,inf
3,hab_custom,5,aleatorio,1.4570042612294587,inf
3,hab_custom,6,aleatorio,1.35906710576785,inf
3,hab_custom,7,aleatorio,4.131668467232963,inf
3,hab_custom,8,aleatorio,0.9808517602633052,inf
3,hab_custom,9,aleatorio,13.50477456254762,inf
3,hab_custom,10,aleatorio,4.24803766123541,inf
3,hab_custom,11,aleatorio,9.812022448902333,inf
3,hab_custom,12,aleatorio,0.30366104427185703,inf
3,hab_custom,13,aleatorio,2.655024638571128,inf
3,hab_custom,14,aleatorio,2.250224734964439,inf
3,hab_custom,15,aleatorio,0.9241823555423045,inf
3,hab_custom,16,aleatorio,3.883256143489398,inf
3,hab_custom,17,aleatorio,1.4552495610579188,inf
3,hab_custom,18,aleatorio,2.580528515067205,inf
3,hab_custom,19,aleatorio,0.7216827189339268,inf
3,hab_custom,20,aleatorio,2.1417056482994115,inf
3,hab_custom,21,aleatorio,7.266294577973701,inf
3,hab_custom,22,aleatorio,0.6352783424198678,inf
3,hab_custom,23,aleatorio,14.163901106028344,inf
3,hab_custom,24,aleatorio,1.3835758919865695,inf
3,hab_custom,25,aleatorio,1.6067127705012736,inf
3,hab_custom,26,aleatorio,0.8594200817499363,inf
3,hab_custom,27,aleatorio,1.5327878649870579,inf
3,hab_custom,28,aleatorio,1.1459260463825058,inf
3,hab_custom,29,aleatorio,1.3943284728517884,inf
3,hab_custom,30,aleatorio,0.1665088555846246,inf
3,hab_custom,31,aleatorio,6.774330214032995,inf
3,hab_custom,32,aleatorio,0.6557445993808928,inf
3,hab_custom,33,aleatorio,2.067389438584523,inf
3,hab_custom,34,aleatorio,3.7636388960880436,inf
3,hab_custom,35,aleatorio,2.882868722042099,inf
3,hab_custom,36,aleatorio,3.8886620908611915,inf
3,hab_custom,37,aleatorio,2.5006758545480117,inf
3,hab_custom,38,aleatorio,1.1800224278150817,inf
3,hab_custom,39,aleatorio,2.8951284173082747,inf
3,hab_custom,40,aleatorio,2.8993553713679496,inf
3,hab_custom,41,aleatorio,1.3461464787049384,inf
3,hab_custom,42,aleatorio,0.48198794735519623,inf
3,hab_custom,43,aleatorio,2.2785992242828152,inf
3,hab_custom,44,aleatorio,0.6980918150039619,inf
3,hab_custom,45,aleatorio,4.93726019414841,inf
3,hab_custom,46,aleatorio,4.0290927092418265,inf
3,hab_custom,47,aleatorio,14.00796426772452,inf
3,hab_custom,48,aleatorio,0.10961853475009078,inf
3,hab_custom,49,aleatorio,1.7192917812697721,inf
3,hab_custom,50,aleatorio,1.9394418088510545,inf
3,hab_custom,51,aleatorio,15.954541103923377,inf
3,hab_custom,52,aleatorio,6.790718645584035,inf
3,hab_custom,53,aleatorio,2.78931419544739,inf
3,hab_custom,54,aleatorio,1.9310035248853632,inf
3,hab_custom,55,aleatorio,4.414872686924344,inf
3,hab_custom,56,aleatorio,2.152674844048466,inf
3,hab_custom,57,aleatorio,11.32043449987135,inf
3,hab_custom,58,aleatorio,1.0763004567410652,inf
3,hab_custom,59,aleatorio,1.4375728369269525,inf
3,hab_custom,60,aleatorio,7.9777678531920975,inf
3,hab_custom,61,aleatorio,2.4687404282067726,inf
3,hab_custom,62,aleatorio,3.246006797169704,inf
3,hab_custom,63,aleatorio,2.076565923071348,inf
3,hab_custom,64,aleatorio,0.6160910293306004,inf
3,hab_custom,65,aleatorio,0.43659967545113537,inf
3,hab_custom,66,aleatorio,3.24565489507579,inf
3,hab_custom,67,aleatorio,6.736924661677826,inf
3,hab_custom,68,aleatorio,0.6051723344982808,inf
3,hab_custom,69,aleatorio,1.3177655816571983,inf
3,hab_custom,70,aleatorio,0.81323977562444,inf
3,hab_custom,71,aleatorio,3.652101267809316,inf
3,hab_custom,72,aleatorio,1.5955069936416475,inf
3,hab_custom,73,aleatorio,2.1239387337912166,inf
3,hab_custom,74,aleatorio,2.0455796959930908,inf
3,hab_custom,75,aleatorio,2.4082769739315033,inf
3,hab_custom,76,aleatorio,1.5212268630574957,inf
3,hab_custom,77,aleatorio,4.229564477831253,inf
3,hab_custom,78,aleatorio,3.6324133098250453,inf
3,hab_custom,79,aleatorio,2.336643802070118,inf
3,hab_custom,80,aleatorio,0.3262158368047,inf
3,hab_custom,81,aleatorio,2.321232377400125,inf
3,hab_custom,82,aleatorio,0.15091977415333085,inf
3,hab_custom,83,aleatorio,14.11078902980074,inf
3,hab_custom,84,aleatorio,0.8037318242905168,inf
3,hab_custom,85,aleatorio,4.945212792853928,inf
3,hab_custom,86,aleatorio,5.0743988418011305,inf
3,hab_custom,87,aleatorio,1.7240398160418067,inf
3,hab_custom,88,aleatorio,3.2363209130408848,inf
3,hab_custom,89,aleatorio,3.6927049627875927,inf
3,hab_custom,90,aleatorio,0.5440296348237728,inf
3,hab_custom,91,aleatorio,0.8709376587534358,inf
3,hab_custom,92,aleatorio,0.8617485951859964,inf
3,hab_custom,93,aleatorio,1.4533202790460185,inf
3,hab_custom,94,aleatorio,2.78711097156285,inf
3,hab_custom,95,aleatorio,3.344795711100587,inf
3,hab_custom,96,aleatorio,0.4352542556744839,inf
3,hab_custom,97,aleatorio,1.6952336276705164,inf
3,hab_custom,98,aleatorio,5.0151460020897485,inf
3,hab_custom,99,aleatorio,0.49948185007143014,inf
3,hab_custom,100,aleatorio,2.921373685030917,inf
3,hab_custom,101,aleatorio,4.243562487400904,inf
3,hab_custom,102,aleatorio,0.08502814955905509,inf
3,hab_custom,103,aleatorio,3.9735282953721134,inf
3,hab_custom,104,aleatorio,14.190043137304132,inf
3,hab_custom,105,aleatorio,4.447325834672302,inf
3,hab_custom,106,aleatorio,0.8950437202722634,inf
3,hab_custom,107,aleatorio,1.8241118626923578,inf
3,hab_custom,108,aleatorio,5.196618670115644,inf
3,hab_custom,109,aleatorio,1.0695201752136014,inf
3,hab_custom,110,aleatorio,2.1639660898556015,inf
3,hab_custom,111,aleatorio,14.009628003971864,inf
3,hab_custom,112,aleatorio,3.24784140880605,inf
3,hab_custom,113,aleatorio,1.9234919856438257,inf
3,hab_custom,114,aleatorio,1.466665289431672,inf
3,hab_custom,115,aleatorio,1.031760663508396,inf
3,hab_custom,116,aleatorio,1.4834756132466214,inf
3,hab_custom,117,aleatorio,3.064440773287388,inf
3,hab_custom,118,aleatorio,3.299337417717511,inf
3,hab_custom,119,aleatorio,3.3564046607474314,inf
3,hab_custom,120,aleatorio,1.0861504619385058,inf
3,hab_custom,121,aleatorio,0.6411721410816825,inf
3,hab_custom,122,aleatorio,0.5185848350993433,inf
3,hab_custom,123,aleatorio,2.8458450611579162,inf
3,hab_custom,124,aleatorio,1.473608597781218,inf
3,hab_custom,125,aleatorio,2.3842214116681593,inf
3,hab_custom,126,aleatorio,1.0600600651012306,inf
3,hab_custom,127,aleatorio,13.087628012635234,inf
3,hab_custom,128,aleatorio,2.7286693639227746,inf
3,hab_custom,129,aleatorio,2.802851530785265,inf
3,hab_custom,130,aleatorio,0.7391337929436248,inf
3,hab_custom,131,aleatorio,1.6927376636506193,inf
3,hab_custom,132,aleatorio,7.524887973221651,inf
3,hab_custom,133,aleatorio,1.5970804949971598,inf
3,hab_custom,134,aleatorio,1.9558448067150258,inf
3,hab_custom,135,aleatorio,1.512765169706229,inf
3,hab_custom,136,aleatorio,5.047446999083046,inf
3,hab_custom,137,aleatorio,2.40413819581127,inf
3,hab_custom,138,aleatorio,4.276405306508493,inf
3,hab_custom,139,aleatorio,9.239822741736647,inf
3,hab_custom,140,aleatorio,6.270396539048758e-13,inf
3,hab_custom,141,aleatorio,1.878659920188652,inf
3,hab_custom,142,aleatorio,1.8505403982867081,inf
3,hab_custom,143,aleatorio,1.648621908867532,inf
3,hab_custom,144,aleatorio,12.898830251275461,inf
3,hab_custom,145,aleatorio,5.874942968821266,inf
3,hab_custom,146,aleatorio,0.7611331921302852,inf
3,hab_custom,147,aleatorio,1.965908874837992,inf
3,hab_custom,148,aleatorio,2.324094150750034,inf
3,hab_custom,149,aleatorio,1.5682722030806013,inf
3,hab_custom,150,aleatorio,14.944217624888127,inf
3,hab_custom,151,aleatorio,1.457343793834604,inf
3,hab_custom,152,aleatorio,2.295070261515426,inf
3,hab_custom,153,aleatorio,0.8601365207154165,inf
3,hab_custom,154,aleatorio,2.8076304327982053,inf
3,hab_custom,155,aleatorio,0.42901268781785673,inf
3,hab_custom,156,aleatorio,3.787246389376539,inf
3,hab_custom,157,aleatorio,2.747120364835003,inf
3,hab_custom,158,aleatorio,0.33370470268225644,inf
3,hab_custom,159,aleatorio,0.8536801286843134,inf
3,hab_custom,160,aleatorio,1.4656420864313628,inf
3,hab_custom,161,aleatorio,1.5538170403800933,inf
3,hab_custom,162,aleatorio,1.6805992540539434,inf
3,hab_custom,163,aleatorio,1.524023125109021,inf
3,hab_custom,164,aleatorio,0.15463276951929972,inf
3,hab_custom,165,aleatorio,0.8239738499534157,inf
3,hab_custom,166,aleatorio,0.5768428251285549,inf
3,hab_custom,167,aleatorio,1.032325918417247,inf
3,hab_custom,168,aleatorio,1.8934157055159333,inf
3,hab_custom,169,aleatorio,2.7105265044214235,inf
3,hab_custom,170,aleatorio,2.0359510444385607,inf
3,hab_custom,171,aleatorio,3.87582247358187,inf
3,hab_custom,172,aleatorio,0.5962074795364352,inf
3,hab_custom,173,aleatorio,0.5449143125544357,inf
3,hab_custom,174,aleatorio,5.260978834259579,inf
3,hab_custom,175,aleatorio,1.4687191338209784,inf
3,hab_custom,176,aleatorio,4.57882890585833,inf
3,hab_custom,177,aleatorio,2.9580509825706347,inf
3,hab_custom,178,aleatorio,5.559831926503774,inf
3,hab_custom,179,aleatorio,4.82553066983044,inf
3,hab_custom,180,aleatorio,5.083883438849567,inf
3,hab_custom,181,aleatorio,2.647593954909914,inf
3,hab_custom,182,aleatorio,2.027811336197775,inf
3,hab_custom,183,aleatorio,3.216583876712275,inf
3,hab_custom,184,aleatorio,0.05076431155241396,inf
3,hab_custom,185,aleatorio,4.057835490345838,inf
3,hab_custom,186,aleatorio,2.405478687862149,inf
3,hab_custom,187,aleatorio,0.8476591729679567,inf
3,hab_custom,188,aleatorio,5.507523212722385,inf
3,hab_custom,189,aleatorio,1.5014846821421846,inf
3,hab_custom,190,aleatorio,3.5888601490538323,inf
3,hab_custom,191,aleatorio,4.450560657059971,inf
3,hab_custom,192,aleatorio,0.8138015676081994,inf
3,hab_custom,193,aleatorio,2.2376978905912646,inf
3,hab_custom,194,aleatorio,1.4845282025511435,inf
3,hab_custom,195,aleatorio,5.42994255030891,inf
3,hab_custom,196,aleatorio,1.3935597884000894,inf
3,hab_custom,197,aleatorio,3.9557737378879194,inf
3,hab_custom,198,aleatorio,0.6992456692040003,inf
3,hab_custom,199,aleatorio,4.9639375523197335,inf
3,hab_custom,200,aleatorio,1.3176215456143596,inf
3,hab_custom,201,aleatorio,1.9779976245972177,inf
3,hab_custom,202,aleatorio,7.213556838769953,inf
3,hab_custom,203,aleatorio,2.1178926750320874,inf
3,hab_custom,204,aleatorio,0.9016328287661723,inf
3,hab_custom,205,aleatorio,4.062242938129122,inf
3,hab_custom,206,aleatorio,1.4145565804786098,inf
3,hab_custom,207,aleatorio,0.23582079392687838,inf
3,hab_custom,208,aleatorio,14.184402230025507,inf
3,hab_custom,209,aleatorio,3.447369370685677,inf
3,hab_custom,210,aleatorio,0.6081753731176481,inf
3,hab_custom,211,aleatorio,1.9794032728145934,inf
3,hab_custom,212,aleatorio,0.7617257252510398,inf
3,hab_custom,213,aleatorio,1.6032358906419528,inf
3,hab_custom,214,aleatorio,6.753916492051785,inf
3,hab_custom,215,aleatorio,0.5790836978476571,inf
3,hab_custom,216,aleatorio,1.20687527714715,inf
3,hab_custom,217,aleatorio,2.3690782710923903,inf
3,hab_custom,218,aleatorio,1.480100911752752,inf
3,hab_custom,219,aleatorio,0.6357838586694813,inf
3,hab_custom,220,aleatorio,3.376509693058505,inf
3,hab_custom,221,aleatorio,2.5796179864927926,inf
3,hab_custom,222,aleatorio,3.321316504035214,inf
3,hab_custom,223,aleatorio,4.680641352475489,inf
3,hab_custom,224,aleatorio,1.7115330932712651,inf
3,hab_custom,225,aleatorio,1.7310774100283841,inf
3,hab_custom,226,aleatorio,4.277570003800387,inf
3,hab_custom,227,aleatorio,0.1675631022074271,inf
3,hab_custom,228,aleatorio,0.9645347709482956,inf
3,hab_custom,229,aleatorio,0.48155005142677504,inf
3,hab_custom,230,aleatorio,1.4456606104177874,inf
3,hab_custom,231,aleatorio,1.4505596180553522,inf
3,hab_custom,232,aleatorio,1.40131272621783,inf
3,hab_custom,233,aleatorio,2.04633131857733,inf
3,hab_custom,234,aleatorio,2.3557011919051165,inf
3,hab_custom,235,aleatorio,3.6734933176173254,inf
3,hab_custom,236,aleatorio,1.8312099850499903,inf
3,hab_custom,237,aleatorio,2.6265245715772125,inf
3,hab_custom,238,aleatorio,6.630567681671814,inf
3,hab_custom,239,aleatorio,0.8977032723101063,inf
3,hab_custom,240,aleatorio,1.3972051234543077,inf
3,hab_custom,241,aleatorio,3.366121490425713,inf
3,hab_custom,242,aleatorio,1.6913178330668621,inf
3,hab_custom,243,aleatorio,0.7858547795942527,inf
3,hab_custom,244,aleatorio,0.7502460769925002,inf
3,hab_custom,245,aleatorio,1.2943586980771404,inf
3,hab_custom,246,aleatorio,2.300079066721809,inf
3,hab_custom,247,aleatorio,0.7092200824035159,inf
3,hab_custom,248,aleatorio,1.0158626749105424,inf
3,hab_custom,249,aleatorio,2.01509126302421,inf
3,hab_custom,250,aleatorio,1.7574892206400885,inf
3,hab_custom,251,aleatorio,0.34067956154959533,inf
3,hab_custom,252,aleatorio,4.327946880697058,inf
3,hab_custom,253,aleatorio,5.912668208365919,inf
3,hab_custom,254,aleatorio,1.1957154903167229,inf
3,hab_custom,255,aleatorio,0.20013607799204655,inf
3,hab_custom,256,aleatorio,0.013168226202184705,inf
3,hab_custom,257,aleatorio,0.20762968293351602,inf
3,hab_custom,258,aleatorio,0.7724052298418982,inf
3,hab_custom,259,aleatorio,4.446170076128722,inf
3,hab_custom,260,aleatorio,3.791458836362771,inf
3,hab_custom,261,aleatorio,9.516698295666847,inf
3,hab_custom,262,aleatorio,2.348363024689651,inf
3,hab_custom,263,aleatorio,0.7179913553147058,inf
3,hab_custom,264,aleatorio,4.103281798104402,inf
3,hab_custom,265,aleatorio,0.9435025642172119,inf
3,hab_custom,266,aleatorio,0.7497721323272749,inf
3,hab_custom,267,aleatorio,0.6940815557473635,inf
3,hab_custom,268,aleatorio,2.6919789136875125,inf
3,hab_custom,269,aleatorio,2.451952944121026,inf
3,hab_custom,270,aleatorio,1.22225803224481,inf
3,hab_custom,271,aleatorio,1.6555826190231608,inf
3,hab_custom,272,aleatorio,7.2499441256428465,inf
3,hab_custom,273,aleatorio,1.8289129154955277,inf
3,hab_custom,274,aleatorio,1.115194138353102,inf
3,hab_custom,275,aleatorio,5.4079959206830654,inf
3,hab_custom,276,aleatorio,4.405871013209847,inf
3,hab_custom,277,aleatorio,1.8789607855064432,inf
3,hab_custom,278,aleatorio,0.46394154869319537,inf
3,hab_custom,279,aleatorio,0.40788041558671967,inf
3,hab_custom,280,aleatorio,0.005428815196441148,inf
3,hab_custom,281,aleatorio,2.9910582670627064,inf
3,hab_custom,282,aleatorio,0.03524662609383187,inf
3,hab_custom,283,aleatorio,2.946076579704487,inf
3,hab_custom,284,aleatorio,1.6066740076008708,inf
3,hab_custom,285,aleatorio,3.2791775668619567,inf
3,hab_custom,286,aleatorio,0.5280755628232532,inf
3,hab_custom,287,aleatorio,4.991096110737558,inf
3,hab_custom,288,aleatorio,3.8094071582344946,inf
3,hab_custom,289,aleatorio,2.3669301337742077,inf
3,hab_custom,290,aleatorio,2.7567041320485215,inf
3,hab_custom,291,aleatorio,0.741351714779665,inf
3,hab_custom,292,aleatorio,0.05893571762613899,inf
3,hab_custom,293,aleatorio,6.033892643033625,inf
3,hab_custom,294,aleatorio,0.348588466547081,inf
3,hab_custom,295,aleatorio,13.827750284220619,inf
3,hab_custom,296,aleatorio,3.1905471711912856,inf
3,hab_custom,297,aleatorio,4.890843731419572,inf
3,hab_custom,298,aleatorio,0.6442304719259662,inf
3,hab_custom,299,aleatorio,0.2256156016341323,inf
3,hab_custom,300,aleatorio,1.309907086790037,inf
3,hab_custom,301,aleatorio,3.4474368964818907,inf
3,hab_custom,302,aleatorio,4.650371821564832,inf
3,hab_custom,303,aleatorio,3.7560018273712026,inf
3,hab_custom,304,aleatorio,1.4567879228466096,inf
3,hab_custom,305,aleatorio,1.7118818381700964,inf
3,hab_custom,306,aleatorio,2.010052010543077,inf
3,hab_custom,307,aleatorio,2.247476698734151,inf
3,hab_custom,308,aleatorio,0.9731538918322441,inf
3,hab_custom,309,aleatorio,0.6765377564818577,inf
3,hab_custom,310,aleatorio,0.549236333166658,inf
3,hab_custom,311,aleatorio,5.694347582452176,inf
3,hab_custom,312,aleatorio,1.4582393102985205,inf
3,hab_custom,313,aleatorio,0.8267640448188406,inf
3,hab_custom,314,aleatorio,1.1387946601473402,inf
3,hab_custom,315,aleatorio,1.4875137373529657,inf
3,hab_custom,316,aleatorio,0.009068759199397775,inf
3,hab_custom,317,aleatorio,1.4505355150669632,inf
3,hab_custom,318,aleatorio,1.791067490972591,inf
3,hab_custom,319,aleatorio,1.825065130230267,inf
3,hab_custom,320,aleatorio,1.2574394330380656,inf
3,hab_custom,321,aleatorio,3.774290804841445,inf
3,hab_custom,322,aleatorio,1.8999665689307463,inf
3,hab_custom,323,aleatorio,1.6113734639403445,inf
3,hab_custom,324,aleatorio,4.365379828109971,inf
3,hab_custom,325,aleatorio,0.7992254141098517,inf
3,hab_custom,326,aleatorio,0.7308593413192581,inf
3,hab_custom,327,aleatorio,0.8860149156569225,inf
3,hab_custom,328,aleatorio,2.7953787105052155,inf
3,hab_custom,329,aleatorio,3.2094438034139396,inf
3,hab_custom,330,aleatorio,1.4999793380218336,inf
3,hab_custom,331,aleatorio,1.4263218910311481,inf
3,hab_custom,332,aleatorio,0.49052996356477163,inf
3,hab_custom,333,aleatorio,7.1350206653599715,inf
3,hab_custom,334,aleatorio,2.253625162498067,inf
3,hab_custom,335,aleatorio,1.7776567653696496,inf
3,hab_custom,336,aleatorio,2.3546466086131135,inf
3,hab_custom,337,aleatorio,2.2722143270536437,inf
3,hab_custom,338,aleatorio,2.507095141452772,inf
3,hab_custom,339,aleatorio,0.4847137840543728,inf
3,hab_custom,340,aleatorio,1.8839912661017684,inf
3,hab_custom,341,aleatorio,2.0836703117917827,inf
3,hab_custom,342,aleatorio,1.0668506929104498,inf
3,hab_custom,343,aleatorio,4.28315587096985,inf
3,hab_custom,344,aleatorio,2.055250767790775,inf
3,hab_custom,345,aleatorio,1.672782369329133,inf
3,hab_custom,346,aleatorio,2.5758973202443585,inf
3,hab_custom,347,aleatorio,3.772301494024144,inf
3,hab_custom,348,aleatorio,1.0379296845247283,inf
3,hab_custom,349,aleatorio,2.127752302973771,inf
3,hab_custom,350,aleatorio,0.8740476580687081,inf
3,hab_custom,351,aleatorio,2.2458251994723586,inf
3,hab_custom,352,aleatorio,4.577864615171305,inf
3,hab_custom,353,aleatorio,0.8011465564330581,inf
3,hab_custom,354,aleatorio,0.3001783165602265,inf
3,hab_custom,355,aleatorio,0.3144220972149827,inf
3,hab_custom,356,aleatorio,3.6386953450530455,inf
3,hab_custom,357,aleatorio,2.406254618038863,inf
3,hab_custom,358,aleatorio,3.626260031482565,inf
3,hab_custom,359,aleatorio,1.6751663644299115,inf
3,hab_custom,360,aleatorio,1.7173357496661505,inf
3,hab_custom,361,aleatorio,1.2023173265521885,inf
3,hab_custom,362,aleatorio,3.2343992209118584,inf
3,hab_custom,363,aleatorio,14.074119113857568,inf
3,hab_custom,364,aleatorio,0.6554047504211405,inf
3,hab_custom,365,aleatorio,3.929616306357782,inf
3,hab_custom,366,aleatorio,2.056943229601847,inf
3,hab_custom,367,aleatorio,5.7736515311024865,inf
3,hab_custom,368,aleatorio,5.624974463216716,inf
3,hab_custom,369,aleatorio,14.048371357583832,inf
3,hab_custom,370,aleatorio,1.1310475616847036,inf
3,hab_custom,371,aleatorio,1.1948819700208932,inf
3,hab_custom,372,aleatorio,0.8086373634754986,inf
3,hab_custom,373,aleatorio,1.6321023023884265,inf
3,hab_custom,374,aleatorio,0.7010543071267851,inf
3,hab_custom,375,aleatorio,0.8260841008838897,inf
3,hab_custom,376,aleatorio,2.1156178886410935,inf
3,hab_custom,377,aleatorio,4.824929709298268,inf
3,hab_custom,378,aleatorio,1.054854157834377,inf
3,hab_custom,379,aleatorio,0.5029097641259704,inf
3,hab_custom,380,aleatorio,2.245024927754812,inf
3,hab_custom,381,aleatorio,6.784709810098937,inf
3,hab_custom,382,aleatorio,0.3623209097715016,inf
3,hab_custom,383,aleatorio,3.0422195161340175,inf
3,hab_custom,384,aleatorio,1.1118255967012722,inf
3,hab_custom,385,aleatorio,0.018658347025577646,inf
3,hab_custom,386,aleatorio,6.130828606309201,inf
3,hab_custom,387,aleatorio,6.5491600386529205,inf
3,hab_custom,388,aleatorio,2.545343867703203,inf
3,hab_custom,389,aleatorio,1.1140074210866109,inf
3,hab_custom,390,aleatorio,0.8563114349160454,inf
3,hab_custom,391,aleatorio,0.5745106005978888,inf
3,hab_custom,392,aleatorio,3.986545646153437,inf
3,hab_custom,393,aleatorio,2.650900628939165,inf
3,hab_custom,394,aleatorio,3.452351030572941,inf
3,hab_custom,395,aleatorio,4.544936148775001,inf
3,hab_custom,396,aleatorio,5.740573864929289,inf
3,hab_custom,397,aleatorio,1.686667615835867,inf
3,hab_custom,398,aleatorio,4.401922838671648,inf
3,hab_custom,399,aleatorio,4.165394468867157,inf
3,hab_custom,400,aleatorio,2.8425654634320967,inf
3,hab_custom,401,aleatorio,0.0008379231232479043,inf
3,hab_custom,402,aleatorio,0.23600345290858935,inf
3,hab_custom,403,aleatorio,2.753346998614412,inf
3,hab_custom,404,aleatorio,0.24626767760058257,inf
3,hab_custom,405,aleatorio,1.2120261583949405,inf
3,hab_custom,406,aleatorio,1.7065396944275917,inf
3,hab_custom,407,aleatorio,1.9688641365213133,inf
3,hab_custom,408,aleatorio,1.1390067663148713,inf
3,hab_custom,409,aleatorio,0.7300538778847658,inf
3,hab_custom,410,aleatorio,3.7564565003490817,inf
3,hab_custom,411,aleatorio,3.5143035985580076,inf
3,hab_custom,412,aleatorio,0.4711176170197026,inf
3,hab_custom,413,aleatorio,1.9953726880496294,inf
3,hab_custom,414,aleatorio,0.3798976535703993,inf
3,hab_custom,415,aleatorio,3.1974884371360677,inf
3,hab_custom,416,aleatorio,4.001759740985487,inf
3,hab_custom,417,aleatorio,0.6832576274097091,inf
3,hab_custom,418,aleatorio,1.9023752114951167,inf
3,hab_custom,419,aleatorio,0.9714811860732543,inf
3,hab_custom,420,aleatorio,0.7665131369730394,inf
3,hab_custom,421,aleatorio,0.2975438526359192,inf
3,hab_custom,422,aleatorio,0.29847386989848296,inf
3,hab_custom,423,aleatorio,0.24871029687356058,inf
3,hab_custom,424,aleatorio,0.041396777437392625,inf
3,hab_custom,425,aleatorio,0.03183721240804895,inf
3,hab_custom,426,aleatorio,0.5734385109792737,inf
3,hab_custom,427,aleatorio,1.6244110280482533,inf
3,hab_custom,428,aleatorio,1.037027514625622,inf
3,hab_custom,429,aleatorio,2.0381386809793653,inf
3,hab_custom,430,aleatorio,3.632130331637731,inf
3,hab_custom,431,aleatorio,1.7942121911690345,inf
3,hab_custom,432,aleatorio,0.020976757847333723,inf
3,hab_custom,433,aleatorio,1.272796022217851,inf
3,hab_custom,434,aleatorio,1.4462796507342255,inf
3,hab_custom,435,aleatorio,2.7169684599149946,inf
3,hab_custom,436,aleatorio,5.738051931049213,inf
3,hab_custom,437,aleatorio,3.177385034093682,inf
3,hab_custom,438,aleatorio,2.871067478252707,inf
3,hab_custom,439,aleatorio,2.7816915175432353,inf
3,hab_custom,440,aleatorio,0.5110583285929464,inf
3,hab_custom,441,aleatorio,0.7107165615234555,inf
3,hab_custom,442,aleatorio,0.10370132603815377,inf
3,hab_custom,443,aleatorio,0.47299347257062246,inf
3,hab_custom,444,aleatorio,2.4009450273228876,inf
3,hab_custom,445,aleatorio,0.7303783707671745,inf
3,hab_custom,446,aleatorio,0.2853527798646075,inf
3,hab_custom,447,aleatorio,3.0206134437371897,inf
3,hab_custom,448,aleatorio,0.7473479916662843,inf
3,hab_custom,449,aleatorio,2.5173015499437095,inf
3,hab_custom,450,aleatorio,3.5614712381536426,inf
3,hab_custom,451,aleatorio,4.324453576451759,inf
3,hab_custom,452,aleatorio,0.9003973441205382,inf
3,hab_custom,453,aleatorio,0.38278157290887693,inf
3,hab_custom,454,aleatorio,2.337055638969896,inf
3,hab_custom,455,aleatorio,2.8923046755736017,inf
3,hab_custom,456,aleatorio,0.8702832223614698,inf
3,hab_custom,457,aleatorio,1.2109442044472907,inf
3,hab_custom,458,aleatorio,0.8127346198110271,inf
3,hab_custom,459,aleatorio,5.67097525971916,inf
3,hab_custom,460,aleatorio,1.518941290920239,inf
3,hab_custom,461,aleatorio,2.648737343484973,inf
3,hab_custom,462,aleatorio,2.4153068240521374,inf
3,hab_custom,463,aleatorio,1.969175943883745,inf
3,hab_custom,464,aleatorio,1.2293518893969861,inf
3,hab_custom,465,aleatorio,0.6316972584456665,inf
3,hab_custom,466,aleatorio,13.461208330696495,inf
3,hab_custom,467,aleatorio,4.048889440633945,inf
3,hab_custom,468,aleatorio,15.956643994474017,inf
3,hab_custom,469,aleatorio,4.723583936773947,inf
3,hab_custom,470,aleatorio,1.1533566079008344,inf
3,hab_custom,471,aleatorio,1.3734532386734586,inf
3,hab_custom,472,aleatorio,2.4125160017741307,inf
3,hab_custom,473,aleatorio,2.3834182797626218,inf
3,hab_custom,474,aleatorio,6.206242211406823,inf
3,hab_custom,475,aleatorio,14.095062885675476,inf
3,hab_custom,476,aleatorio,2.461741259017428,inf
3,hab_custom,477,aleatorio,2.767081184054538,inf
3,hab_custom,478,aleatorio,1.9133791165342704,inf
3,hab_custom,479,aleatorio,0.35228886884069893,inf
3,hab_custom,480,aleatorio,2.515564259985941,inf
3,hab_custom,481,aleatorio,2.792746615772413,inf
3,hab_custom,482,aleatorio,11.268127000494422,inf
3,hab_custom,483,aleatorio,4.431335512851512,inf
3,hab_custom,484,aleatorio,0.6493332990177911,inf
3,hab_custom,485,aleatorio,6.9488969000198235,inf
3,hab_custom,486,aleatorio,4.949122461569573,inf
3,hab_custom,487,aleatorio,3.9055522623284733,inf
3,hab_custom,488,aleatorio,2.955947269514423,inf
3,hab_custom,489,aleatorio,0.6852109609012597,inf
3,hab_custom,490,aleatorio,5.183545704999986,inf
3,hab_custom,491,aleatorio,1.4255169456128607,inf
3,hab_custom,492,aleatorio,3.5897547193204025,inf
3,hab_custom,493,aleatorio,2.050695109799853,inf
3,hab_custom,494,aleatorio,1.7406765803399447,inf
3,hab_custom,495,aleatorio,9.281237004276209,inf
3,hab_custom,496,aleatorio,3.746973951358944,inf
3,hab_custom,497,aleatorio,3.1699775122666773,inf
3,hab_custom,498,aleatorio,1.6593391881861665,inf
3,hab_custom,499,aleatorio,1.3121544697150813,inf
3,hab_custom,500,aleatorio,3.174009327597018,inf
3,hab_custom,501,aleatorio,1.1490512019665358,inf
3,hab_custom,502,aleatorio,3.450649512210979,inf
3,hab_custom,503,aleatorio,0.9227398110474124,inf
3,hab_custom,504,aleatorio,0.004542493223051951,inf
3,hab_custom,505,aleatorio,3.3118092898644096,inf
3,hab_custom,506,aleatorio,2.493747704304838,inf
3,hab_custom,507,aleatorio,0.8437197551987392,inf
3,hab_custom,508,aleatorio,5.451044541184948,inf
3,hab_custom,509,aleatorio,0.39851030580625013,inf
3,hab_custom,510,aleatorio,0.6778341107132593,inf
3,hab_custom,511,aleatorio,1.889072376498373,inf
3,hab_custom,512,aleatorio,2.089826140276669,inf
3,hab_custom,513,aleatorio,6.803471401501155,inf
3,hab_custom,514,aleatorio,0.8824416908587829,inf
3,hab_custom,515,aleatorio,2.0859711977793136,inf
3,hab_custom,516,aleatorio,0.9449235380506391,inf
3,hab_custom,517,aleatorio,0.02275135445095692,inf
3,hab_custom,518,aleatorio,3.6647470048282456,inf
3,hab_custom,519,aleatorio,1.405662210645297,inf
3,hab_custom,520,aleatorio,3.338124481111358,inf
3,hab_custom,521,aleatorio,2.3701634820434085,inf
3,hab_custom,522,aleatorio,5.197380206403789,inf
3,hab_custom,523,aleatorio,0.0953766682785595,inf
3,hab_custom,524,aleatorio,3.912227033931576,inf
3,hab_custom,525,aleatorio,0.3271170141665841,inf
3,hab_custom,526,aleatorio,6.396139159563245,inf
3,hab_custom,527,aleatorio,4.0667352363909774,inf
3,hab_custom,528,aleatorio,2.1890049951238755,inf
3,hab_custom,529,aleatorio,1.1877046588835027,inf
3,hab_custom,530,aleatorio,0.11898519090355741,inf
3,hab_custom,531,aleatorio,1.751369430321799,inf
3,hab_custom,532,aleatorio,2.4250504391119034,inf
3,hab_custom,533,aleatorio,2.212449745998604,inf
3,hab_custom,534,aleatorio,4.839061733404101,inf
3,hab_custom,535,aleatorio,10.882779243212516,inf
3,hab_custom,536,aleatorio,0.2867816960659668,inf
3,hab_custom,537,aleatorio,0.2919405853344351,inf
3,hab_custom,538,aleatorio,3.438716987409654,inf
3,hab_custom,539,aleatorio,2.428221387738476,inf
3,hab_custom,540,aleatorio,2.0295765519833924,inf
3,hab_custom,541,aleatorio,3.4697917308352566,inf
3,hab_custom,542,aleatorio,3.0519733499020694,inf
3,hab_custom,543,aleatorio,0.8109128493840889,inf
3,hab_custom,544,aleatorio,2.5485681153640303,inf
3,hab_custom,545,aleatorio,0.5558119828545075,inf
3,hab_custom,546,aleatorio,1.6729916999527095,inf
3,hab_custom,547,aleatorio,1.7444737813550228,inf
3,hab_custom,548,aleatorio,5.288622824097101,inf
3,hab_custom,549,aleatorio,0.6060629721346467,inf
3,hab_custom,550,aleatorio,0.8418141745311021,inf
3,hab_custom,551,aleatorio,2.4366332335001006,inf
3,hab_custom,552,aleatorio,2.305153381828946,inf
3,hab_custom,553,aleatorio,0.15003638624728693,inf
3,hab_custom,554,aleatorio,5.093010868578491,inf
3,hab_custom,555,aleatorio,2.5894741416897267,inf
3,hab_custom,556,aleatorio,6.6200374283882315,inf
3,hab_custom,557,aleatorio,2.509279993873586,inf
3,hab_custom,558,aleatorio,1.0213055196922205,inf
3,hab_custom,559,aleatorio,0.9620223945149017,inf
3,hab_custom,560,aleatorio,0.34525979170932186,inf
3,hab_custom,561,aleatorio,2.947491780119486,inf
3,hab_custom,562,aleatorio,3.2075720723853993,inf
3,hab_custom,563,aleatorio,0.5676604535118001,inf
3,hab_custom,564,aleatorio,5.2901252606830385,inf
3,hab_custom,565,aleatorio,2.705347271547244,inf
3,hab_custom,566,aleatorio,1.0093928316140823,inf
3,hab_custom,567,aleatorio,2.403511296741502,inf
3,hab_custom,568,aleatorio,2.753249854863912,inf
3,hab_custom,569,aleatorio,1.4896352532232469,inf
3,hab_custom,570,aleatorio,1.2868472542576228,inf
3,hab_custom,571,aleatorio,0.3126512770505554,inf
3,hab_custom,572,aleatorio,5.180519795802104,inf
3,hab_custom,573,aleatorio,1.897176033774905,inf
3,hab_custom,574,aleatorio,6.559013090834956e-15,inf
3,hab_custom,575,aleatorio,3.371825430227894,inf
3,hab_custom,576,aleatorio,1.3037353770177504,inf
3,hab_custom,577,aleatorio,2.9693634320775533,inf
3,hab_custom,578,aleatorio,3.8558026849850613,inf
3,hab_custom,579,aleatorio,0.316124389829277,inf
3,hab_custom,580,aleatorio,5.670348339164338,inf
3,hab_custom,581,aleatorio,4.3441271926030725,inf
3,hab_custom,582,aleatorio,1.033453772927324,inf
3,hab_custom,583,aleatorio,1.419425409839168,inf
3,hab_custom,584,aleatorio,1.610009465055608,inf
3,hab_custom,585,aleatorio,3.0940218800719546,inf
3,hab_custom,586,aleatorio,0.23765181951517866,inf
3,hab_custom,587,aleatorio,2.256114876830612,inf
3,hab_custom,588,aleatorio,1.0486121306800065,inf
3,hab_custom,589,aleatorio,2.821347161835259,inf
3,hab_custom,590,aleatorio,0.6604538588957024,inf
3,hab_custom,591,aleatorio,3.6773851757607527,inf
3,hab_custom,592,aleatorio,1.701522932754894,inf
3,hab_custom,593,aleatorio,3.86723534020144,inf
3,hab_custom,594,aleatorio,5.329613025353853e-13,inf
3,hab_custom,595,aleatorio,5.799152238636178,inf
3,hab_custom,596,aleatorio,1.2463204585861907,inf
3,hab_custom,597,aleatorio,0.8680225958462698,inf
3,hab_custom,598,aleatorio,3.321567599402609,inf
3,hab_custom,599,aleatorio,1.9631796906475645,inf
3,hab_custom,600,aleatorio,3.5180687693108705,inf
3,hab_custom,601,aleatorio,0.8515915283611557,inf
3,hab_custom,602,aleatorio,5.160147546291695,inf
3,hab_custom,603,aleatorio,7.410784160544979,inf
3,hab_custom,604,aleatorio,2.736301128229585,inf
3,hab_custom,605,aleatorio,0.6497305759998409,inf
3,hab_custom,606,aleatorio,3.7003820873516085,inf
3,hab_custom,607,aleatorio,1.9030598727780705,inf
3,hab_custom,608,aleatorio,5.291689949801317,inf
3,hab_custom,609,aleatorio,15.568711552801865,inf
3,hab_custom,610,aleatorio,10.084295982134456,inf
3,hab_custom,611,aleatorio,3.7493656803662367,inf
3,hab_custom,612,aleatorio,0.7618890424904209,inf
3,hab_custom,613,aleatorio,2.9821310803625614,inf
3,hab_custom,614,aleatorio,0.706224989467387,inf
3,hab_custom,615,aleatorio,1.0455114510130947,inf
3,hab_custom,616,aleatorio,0.6797479401283341,inf
3,hab_custom,617,aleatorio,1.959199090320947,inf
3,hab_custom,618,aleatorio,0.7896542960973705,inf
3,hab_custom,619,aleatorio,4.475510443458262,inf
3,hab_custom,620,aleatorio,0.5914579654356673,inf
3,hab_custom,621,aleatorio,1.8341089340252117e-13,inf
3,hab_custom,622,aleatorio,4.6925084948926115,inf
3,hab_custom,623,aleatorio,0.9643931312817803,inf
3,hab_custom,624,aleatorio,1.030238920946515,inf
3,hab_custom,625,aleatorio,3.02298801664063,inf
3,hab_custom,626,aleatorio,1.1954082717912902,inf
3,hab_custom,627,aleatorio,2.1240922672853793,inf
3,hab_custom,628,aleatorio,1.686452373498293,inf
3,hab_custom,629,aleatorio,1.4523897633466845,inf
3,hab_custom,630,aleatorio,1.6573761243163707,inf
3,hab_custom,631,aleatorio,4.459869748846785,inf
3,hab_custom,632,aleatorio,2.8636857435999157,inf
3,hab_custom,633,aleatorio,1.7560862535456812,inf
3,hab_custom,634,aleatorio,3.266465910623171,inf
3,hab_custom,635,aleatorio,2.8808923404719593,inf
3,hab_custom,636,aleatorio,3.2405384519881606,inf
3,hab_custom,637,aleatorio,1.3357671823526938,inf
3,hab_custom,638,aleatorio,4.351653926383708,inf
3,hab_custom,639,aleatorio,2.220539668373331,inf
3,hab_custom,640,aleatorio,1.8845405863203957,inf
3,hab_custom,641,aleatorio,1.979248289496312,inf
3,hab_custom,642,aleatorio,1.6590743890865167,inf
3,hab_custom,643,aleatorio,1.3970959863563834,inf
3,hab_custom,644,aleatorio,2.8570030274511717,inf
3,hab_custom,645,aleatorio,3.7743922798202205,inf
3,hab_custom,646,aleatorio,1.4698510497323622,inf
3,hab_custom,647,aleatorio,3.448971198476786,inf
3,hab_custom,648,aleatorio,1.1216048435380552,inf
3,hab_custom,649,aleatorio,2.8643183801415866,inf
3,hab_custom,650,aleatorio,3.754726633888115,inf
3,hab_custom,651,aleatorio,1.9204841840062725,inf
3,hab_custom,652,aleatorio,0.8114643386433206,inf
3,hab_custom,653,aleatorio,1.4917744377014759,inf
3,hab_custom,654,aleatorio,1.084874032588867,inf
3,hab_custom,655,aleatorio,5.251165045522171,inf
3,hab_custom,656,aleatorio,4.535526323635667,inf
3,hab_custom,657,aleatorio,2.825523658862241,inf
3,hab_custom,658,aleatorio,4.466165655430441,inf
3,hab_custom,659,aleatorio,5.798880529508113e-13,inf
3,hab_custom,660,aleatorio,2.24624038365206,inf
3,hab_custom,661,aleatorio,10.027311422947529,inf
3,hab_custom,662,aleatorio,0.44383979998128803,inf
3,hab_custom,663,aleatorio,1.9328208283616926,inf
3,hab_custom,664,aleatorio,0.9078379621978957,inf
3,hab_custom,665,aleatorio,0.9064972117250929,inf
3,hab_custom,666,aleatorio,2.3666939102835323,inf
3,hab_custom,667,aleatorio,0.36957079901738765,inf
3,hab_custom,668,aleatorio,2.9354367825972103,inf
3,hab_custom,669,aleatorio,3.0406078729500368,inf
3,hab_custom,670,aleatorio,1.1535541683888884,inf
3,hab_custom,671,aleatorio,0.7286650144166488,inf
3,hab_custom,672,aleatorio,0.9436495989534132,inf
3,hab_custom,673,aleatorio,2.317216469954053,inf
3,hab_custom,674,aleatorio,0.5361937460683734,inf
3,hab_custom,675,aleatorio,0.8460028457563497,inf
3,hab_custom,676,aleatorio,1.7538218702978168,inf
3,hab_custom,677,aleatorio,1.6548451825535897,inf
3,hab_custom,678,aleatorio,5.525747839964602,inf
3,hab_custom,679,aleatorio,4.0567670526357364,inf
3,hab_custom,680,aleatorio,4.615567576832397,inf
3,hab_custom,681,aleatorio,6.2153506152494975,inf
3,hab_custom,682,aleatorio,1.26609225894876,inf
3,hab_custom,683,aleatorio,4.1440611522170085,inf
3,hab_custom,684,aleatorio,1.8832438622294478,inf
3,hab_custom,685,aleatorio,2.321046254226769,inf
3,hab_custom,686,aleatorio,7.102766476752234,inf
3,hab_custom,687,aleatorio,2.741932309234835,inf
3,hab_custom,688,aleatorio,3.3084321090246407,inf
3,hab_custom,689,aleatorio,1.0411056459800205,inf
3,hab_custom,690,aleatorio,0.7003054720640062,inf
3,hab_custom,691,aleatorio,0.9228625269875643,inf
3,hab_custom,692,aleatorio,0.8987800494972212,inf
3,hab_custom,693,aleatorio,0.8508569699203237,inf
3,hab_custom,694,aleatorio,6.460982930870504e-14,inf
3,hab_custom,695,aleatorio,2.0278485263161823,inf
3,hab_custom,696,aleatorio,2.6002555315065923,inf
3,hab_custom,697,aleatorio,1.680279057319895,inf
3,hab_custom,698,aleatorio,2.6348788184394576,inf
3,hab_custom,699,aleatorio,2.771981154647573,inf
3,hab_custom,700,aleatorio,0.39268819033056274,inf
3,hab_custom,701,aleatorio,1.4291265888967482,inf
3,hab_custom,702,aleatorio,2.7338055226027524,inf
3,hab_custom,703,aleatorio,3.811415416656074,inf
3,hab_custom,704,aleatorio,3.154110845730438,inf
3,hab_custom,705,aleatorio,2.8976836325288997,inf
3,hab_custom,706,aleatorio,9.960089703076918,inf
3,hab_custom,707,aleatorio,6.23263659976328,inf
3,hab_custom,708,aleatorio,2.609924315180762,inf
3,hab_custom,709,aleatorio,2.0515164688617107,inf
3,hab_custom,710,aleatorio,1.9191619153529993,inf
3,hab_custom,711,aleatorio,1.9656603302868616,inf
3,hab_custom,712,aleatorio,2.894303001218432,inf
3,hab_custom,713,aleatorio,3.80957708135391,inf
3,hab_custom,714,aleatorio,6.575424099420195,inf
3,hab_custom,715,aleatorio,0.7639263853671354,inf
3,hab_custom,716,aleatorio,0.8721700482420454,inf
3,hab_custom,717,aleatorio,1.6590160947255737,inf
3,hab_custom,718,aleatorio,0.06771658548439007,inf
3,hab_custom,719,aleatorio,6.726197738766873,inf
3,hab_custom,720,aleatorio,2.2034935006177614,inf
3,hab_custom,721,aleatorio,2.2635153899650255,inf
3,hab_custom,722,aleatorio,2.2999661292431104,inf
3,hab_custom,723,aleatorio,1.9066825184206042,inf
3,hab_custom,724,aleatorio,0.4388413719621375,inf
3,hab_custom,725,aleatorio,0.9038646904724345,inf
3,hab_custom,726,aleatorio,0.5967503738656914,inf
3,hab_custom,727,aleatorio,2.21634988524122,inf
3,hab_custom,728,aleatorio,3.79411427271339,inf
3,hab_custom,729,aleatorio,1.5209057335004286,inf
3,hab_custom,730,aleatorio,0.16855844049064667,inf
3,hab_custom,731,aleatorio,0.6699429548214891,inf
3,hab_custom,732,aleatorio,3.0881488908841663,inf
3,hab_custom,733,aleatorio,4.712497811619868,inf
3,hab_custom,734,aleatorio,3.4358739578710864,inf
3,hab_custom,735,aleatorio,1.4579734379226648,inf
3,hab_custom,736,aleatorio,4.182133331318728,inf
3,hab_custom,737,aleatorio,2.4436781478985403,inf
3,hab_custom,738,aleatorio,2.039404623403631,inf
3,hab_custom,739,aleatorio,2.291647155398276,inf
3,hab_custom,740,aleatorio,1.3557923616759664,inf
3,hab_custom,741,aleatorio,5.893745863901315,inf
3,hab_custom,742,aleatorio,5.269221393128928,inf
3,hab_custom,743,aleatorio,0.4370627021259105,inf
3,hab_custom,744,aleatorio,1.782561231767891,inf
3,hab_custom,745,aleatorio,3.5429887004658664,inf
3,hab_custom,746,aleatorio,1.5271294435324043,inf
3,hab_custom,747,aleatorio,2.112391131304677,inf
3,hab_custom,748,aleatorio,2.392271185347804,inf
3,hab_custom,749,aleatorio,3.4874037205669848,inf
3,hab_custom,750,aleatorio,1.7702734187875924,inf
3,hab_custom,751,aleatorio,1.1344713248269145e-11,inf
3,hab_custom,752,aleatorio,1.3944761853849115,inf
3,hab_custom,753,aleatorio,1.5889265905837386,inf
3,hab_custom,754,aleatorio,1.9023382908463624,inf
3,hab_custom,755,aleatorio,0.4044064608277427,inf
3,hab_custom,756,aleatorio,2.268008175313767,inf
3,hab_custom,757,aleatorio,1.4471527938737276,inf
3,hab_custom,758,aleatorio,1.841381265120332,inf
3,hab_custom,759,aleatorio,3.9960626714225003e-14,inf
3,hab_custom,760,aleatorio,0.5604269449243153,inf
3,hab_custom,761,aleatorio,1.3707479020687146,inf
3,hab_custom,762,aleatorio,2.918245289739902,inf
3,hab_custom,763,aleatorio,0.924842813975132,inf
3,hab_custom,764,aleatorio,0.29931168668504565,inf
3,hab_custom,765,aleatorio,1.2546668702348767,inf
3,hab_custom,766,aleatorio,5.4287520311356845,inf
3,hab_custom,767,aleatorio,2.3975759052223897,inf
3,hab_custom,768,aleatorio,3.7508743552329653,inf
3,hab_custom,769,aleatorio,2.6901868401322413,inf
3,hab_custom,770,aleatorio,4.387731134232901,inf
3,hab_custom,771,aleatorio,5.596143591586347,inf
3,hab_custom,772,aleatorio,1.7003445273352316,inf
3,hab_custom,773,aleatorio,1.0248343700217908,inf
3,hab_custom,774,aleatorio,4.849470416481507,inf
3,hab_custom,775,aleatorio,3.1488603674033246,inf
3,hab_custom,776,aleatorio,1.4102301081623212,inf
3,hab_custom,777,aleatorio,2.8766534706069535,inf
3,hab_custom,778,aleatorio,2.1274398918025024,inf
3,hab_custom,779,aleatorio,1.2097538214296608,inf
3,hab_custom,780,aleatorio,3.955624010021686,inf
3,hab_custom,781,aleatorio,1.3169789014310866,inf
3,hab_custom,782,aleatorio,4.828419754174269,inf
3,hab_custom,783,aleatorio,4.060883746215867,inf
3,hab_custom,784,aleatorio,1.8711536434976181,inf
3,hab_custom,785,aleatorio,1.0466915423875023,inf
3,hab_custom,786,aleatorio,4.419717141938614,inf
3,hab_custom,787,aleatorio,2.796259615816366,inf
3,hab_custom,788,aleatorio,2.155897835563314,inf
3,hab_custom,789,aleatorio,2.588986330880811,inf
3,hab_custom,790,aleatorio,1.8270308327320415,inf
3,hab_custom,791,aleatorio,2.3333658610576107,inf
3,hab_custom,792,aleatorio,2.6776266546452776,inf
3,hab_custom,793,aleatorio,6.105217258353122e-15,inf
3,hab_custom,794,aleatorio,0.701870506817678,inf
3,hab_custom,795,aleatorio,1.7638069412655855,inf
3,hab_custom,796,aleatorio,1.514319484653646,inf
3,hab_custom,797,aleatorio,1.0317370944986215,inf
3,hab_custom,798,aleatorio,1.390748256378902,inf
3,hab_custom,799,aleatorio,1.8924304794323898,inf
3,hab_custom,800,aleatorio,1.2164662470482028,inf
3,hab_custom,801,aleatorio,4.003524492955054,inf
3,hab_custom,802,aleatorio,4.137532828094412,inf
3,hab_custom,803,aleatorio,1.2085708579059042,inf
3,hab_custom,804,aleatorio,1.0071090507332157,inf
3,hab_custom,805,aleatorio,2.3245005242044394,inf
3,hab_custom,806,aleatorio,1.7355200335197838,inf
3,hab_custom,807,aleatorio,1.133406944896897,inf
3,hab_custom,808,aleatorio,2.1441910299644613,inf
3,hab_custom,809,aleatorio,2.170135758015382,inf
3,hab_custom,810,aleatorio,4.522899679984056,inf
3,hab_custom,811,aleatorio,2.6821797797901925,inf
3,hab_custom,812,aleatorio,3.172601448873037,inf
3,hab_custom,813,aleatorio,3.7535549548277447,inf
3,hab_custom,814,aleatorio,3.951112506098692,inf
3,hab_custom,815,aleatorio,2.1450869301600206,inf
3,hab_custom,816,aleatorio,3.0260711978481027,inf
3,hab_custom,817,aleatorio,4.663661445633256,inf
3,hab_custom,818,aleatorio,3.2551431355633005,inf
3,hab_custom,819,aleatorio,1.2146832861345747,inf
3,hab_custom,820,aleatorio,1.6053045688427965,inf
3,hab_custom,821,aleatorio,2.602853752742062,inf
3,hab_custom,822,aleatorio,1.4205985337934561,inf
3,hab_custom,823,aleatorio,0.6567157774323357,inf
3,hab_custom,824,aleatorio,7.444078023792273,inf
3,hab_custom,825,aleatorio,0.49368818031126444,inf
3,hab_custom,826,aleatorio,2.336313155285858,inf
3,hab_custom,827,aleatorio,2.3276416167345846,inf
3,hab_custom,828,aleatorio,2.820198883624336,inf
3,hab_custom,829,aleatorio,0.27613250667619704,inf
3,hab_custom,830,aleatorio,2.5890336249566612,inf
3,hab_custom,831,aleatorio,2.156931345120298,inf
3,hab_custom,832,aleatorio,0.8142601639122454,inf
3,hab_custom,833,aleatorio,2.7264711907065755,inf
3,hab_custom,834,aleatorio,2.5703216542942693,inf
3,hab_custom,835,aleatorio,2.2182734394677444,inf
3,hab_custom,836,aleatorio,0.3207842294746934,inf
3,hab_custom,837,aleatorio,1.9347689577037614,inf
3,hab_custom,838,aleatorio,2.648873865404116,inf
3,hab_custom,839,aleatorio,2.8808095454310636,inf
3,hab_custom,840,aleatorio,3.8026938139616084,inf
3,hab_custom,841,aleatorio,1.4751152039294932,inf
3,hab_custom,842,aleatorio,3.1776735826979765,inf
3,hab_custom,843,aleatorio,3.395255717306747,inf
3,hab_custom,844,aleatorio,3.30229430078246,inf
3,hab_custom,845,aleatorio,1.9196062603205624,inf
3,hab_custom,846,aleatorio,0.9100277225464387,inf
3,hab_custom,847,aleatorio,0.5863270438796485,inf
3,hab_custom,848,aleatorio,2.1008940138223724,inf
3,hab_custom,849,aleatorio,2.8734773148791795,inf
3,hab_custom,850,aleatorio,0.8060092108533065,inf
3,hab_custom,851,aleatorio,2.4679151245091604,inf
3,hab_custom,852,aleatorio,0.6871276938399585,inf
3,hab_custom,853,aleatorio,3.373801118906307,inf
3,hab_custom,854,aleatorio,3.546016638186738,inf
3,hab_custom,855,aleatorio,5.155388362548931,inf
3,hab_custom,856,aleatorio,3.5898870260216755,inf
3,hab_custom,857,aleatorio,2.646300842198635,inf
3,hab_custom,858,aleatorio,4.2765126758733425,inf
3,hab_custom,859,aleatorio,3.9569952004891125,inf
3,hab_custom,860,aleatorio,0.9271620914405739,inf
3,hab_custom,861,aleatorio,2.651597997875622,inf
3,hab_custom,862,aleatorio,0.09989536385901748,inf
3,hab_custom,863,aleatorio,2.784721878174255,inf
3,hab_custom,864,aleatorio,2.86187710481889,inf
3,hab_custom,865,aleatorio,4.815579582548517,inf
3,hab_custom,866,aleatorio,3.9301331831368014,inf
3,hab_custom,867,aleatorio,2.299730037188998,inf
3,hab_custom,868,aleatorio,2.3217352497829054,inf
3,hab_custom,869,aleatorio,0.8046121171081243,inf
3,hab_custom,870,aleatorio,1.5620411478671763,inf
3,hab_custom,871,aleatorio,4.575107535141095,inf
3,hab_custom,872,aleatorio,1.1230205169043597,inf
3,hab_custom,873,aleatorio,0.5423416045236003,inf
3,hab_custom,874,aleatorio,3.360189291259819,inf
3,hab_custom,875,aleatorio,2.418063108669027,inf
3,hab_custom,876,aleatorio,2.549937921581217,inf
3,hab_custom,877,aleatorio,1.2491953641331224,inf
3,hab_custom,878,aleatorio,3.109978086204734,inf
3,hab_custom,879,aleatorio,2.6922849067416132,inf
3,hab_custom,880,aleatorio,0.7617718618275475,inf
3,hab_custom,881,aleatorio,1.7742392446575284,inf
3,hab_custom,882,aleatorio,3.128343242238907,inf
3,hab_custom,883,aleatorio,0.11869739423871394,inf
3,hab_custom,884,aleatorio,5.962761131091106,inf
3,hab_custom,885,aleatorio,2.084144910271049,inf
3,hab_custom,886,aleatorio,1.2254978174085223,inf
3,hab_custom,887,aleatorio,2.367309630631576,inf
3,hab_custom,888,aleatorio,0.8679372132713769,inf
3,hab_custom,889,aleatorio,1.8750782347657025,inf
3,hab_custom,890,aleatorio,1.1972356753792008,inf
3,hab_custom,891,aleatorio,16.181340237057785,inf
3,hab_custom,892,aleatorio,2.299970674370196,inf
3,hab_custom,893,aleatorio,1.1413039617070462,inf
3,hab_custom,894,aleatorio,3.4529152289852347,inf
3,hab_custom,895,aleatorio,4.828784644683437,inf
3,hab_custom,896,aleatorio,0.0045185500057147035,inf
3,hab_custom,897,aleatorio,1.065158022761884,inf
3,hab_custom,898,aleatorio,2.7909405804315943,inf
3,hab_custom,899,aleatorio,2.528864625964623,inf
3,hab_custom,900,aleatorio,3.7222645584854943,inf
3,hab_custom,901,aleatorio,2.7532916207355336,inf
3,hab_custom,902,aleatorio,3.2476051942498354,inf
3,hab_custom,903,aleatorio,2.789295367617578,inf
3,hab_custom,904,aleatorio,1.72121140245093,inf
3,hab_custom,905,aleatorio,1.1373382469790907,inf
3,hab_custom,906,aleatorio,3.9667043475030153,inf
3,hab_custom,907,aleatorio,0.014842177644003066,inf
3,hab_custom,908,aleatorio,3.4008826754266304,inf
3,hab_custom,909,aleatorio,7.595435098142877,inf
3,hab_custom,910,aleatorio,0.7969501182868962,inf
3,hab_custom,911,aleatorio,5.491239207474836,inf
3,hab_custom,912,aleatorio,5.1736496512924255,inf
3,hab_custom,913,aleatorio,2.3526715979627313,inf
3,hab_custom,914,aleatorio,0.9779070336285359,inf
3,hab_custom,915,aleatorio,2.9431217520786017,inf
3,hab_custom,916,aleatorio,1.7723349463592186,inf
3,hab_custom,917,aleatorio,0.4563133447097309,inf
3,hab_custom,918,aleatorio,4.039910278653764,inf
3,hab_custom,919,aleatorio,3.813646553247197,inf
3,hab_custom,920,aleatorio,1.5507648262423586,inf
3,hab_custom,921,aleatorio,0.6730939439488471,inf
3,hab_custom,922,aleatorio,3.8281309398200607,inf
3,hab_custom,923,aleatorio,1.0268854454250427,inf
3,hab_custom,924,aleatorio,3.093351796438277,inf
3,hab_custom,925,aleatorio,0.3651424313493998,inf
3,hab_custom,926,aleatorio,2.2788174900695686,inf
3,hab_custom,927,aleatorio,9.085532354264799e-15,inf
3,hab_custom,928,aleatorio,0.24432692342427945,inf
3,hab_custom,929,aleatorio,2.7784469713128894,inf
3,hab_custom,930,aleatorio,3.8085026417677104,inf
3,hab_custom,931,aleatorio,3.250144121696459,inf
3,hab_custom,932,aleatorio,2.4439717705965722,inf
3,hab_custom,933,aleatorio,3.8784000881977594,inf
3,hab_custom,934,aleatorio,1.0926154087935644,inf
3,hab_custom,935,aleatorio,1.5246283347103007,inf
3,hab_custom,936,aleatorio,0.1366033105711979,inf
3,hab_custom,937,aleatorio,0.7549553955751359,inf
3,hab_custom,938,aleatorio,1.7537428727284006,inf
3,hab_custom,939,aleatorio,1.2942810558672915,inf
3,hab_custom,940,aleatorio,7.05056231177242,inf
3,hab_custom,941,aleatorio,3.01100401140056,inf
3,hab_custom,942,aleatorio,6.2740940774748815,inf
3,hab_custom,943,aleatorio,0.0570406085140585,inf
3,hab_custom,944,aleatorio,2.497483986563462,inf
3,hab_custom,945,aleatorio,6.076070265535607,inf
3,hab_custom,946,aleatorio,3.2865301215810634,inf
3,hab_custom,947,aleatorio,1.1701216736769997,inf
3,hab_custom,948,aleatorio,2.5160513769192256,inf
3,hab_custom,949,aleatorio,1.9973717458235705,inf
3,hab_custom,950,aleatorio,2.7207459675716774,inf
3,hab_custom,951,aleatorio,0.907669683318695,inf
3,hab_custom,952,aleatorio,1.3822316486213717,inf
3,hab_custom,953,aleatorio,0.3247481937305924,inf
3,hab_custom,954,aleatorio,0.8221176985349887,inf
3,hab_custom,955,aleatorio,3.7815852741228553,inf
3,hab_custom,956,aleatorio,9.464936161916843e-15,inf
3,hab_custom,957,aleatorio,3.0863193564880205,inf
3,hab_custom,958,aleatorio,1.230470290467692,inf
3,hab_custom,959,aleatorio,0.254129811964484,inf
3,hab_custom,960,aleatorio,2.149469040583498,inf
3,hab_custom,961,aleatorio,0.6496991028878153,inf
3,hab_custom,962,aleatorio,6.360976028783995,inf
3,hab_custom,963,aleatorio,2.467574815081414,inf
3,hab_custom,964,aleatorio,3.986775761615521,inf
3,hab_custom,965,aleatorio,6.18081415366578,inf
3,hab_custom,966,aleatorio,2.7572807986995667,inf
3,hab_custom,967,aleatorio,14.606602313625286,inf
3,hab_custom,968,aleatorio,2.3206483627255476,inf
3,hab_custom,969,aleatorio,3.3047601663710555,inf
3,hab_custom,970,aleatorio,9.656970416078225,inf
3,hab_custom,971,aleatorio,0.4620272733414076,inf
3,hab_custom,972,aleatorio,0.46050016682745476,inf
3,hab_custom,973,aleatorio,7.5576180309303815,inf
3,hab_custom,974,aleatorio,3.460515921923932,inf
3,hab_custom,975,aleatorio,2.8081715010365444,inf
3,hab_custom,976,aleatorio,2.1525504510288638,inf
3,hab_custom,977,aleatorio,1.4146346683696567,inf
3,hab_custom,978,aleatorio,3.5702634267010165,inf
3,hab_custom,979,aleatorio,3.2118744065606757,inf
3,hab_custom,980,aleatorio,2.642731762911028,inf
3,hab_custom,981,aleatorio,0.714211074621245,inf
3,hab_custom,982,aleatorio,2.2784198252410093,inf
3,hab_custom,983,aleatorio,1.3169022322906696,inf
3,hab_custom,984,aleatorio,2.230826140160426,inf
3,hab_custom,985,aleatorio,2.0550977752196884,inf
3,hab_custom,986,aleatorio,2.488153998793754,inf
3,hab_custom,987,aleatorio,1.7303782857935055,inf
3,hab_custom,988,aleatorio,2.303423204158968,inf
3,hab_custom,989,aleatorio,4.970663501120767,inf
3,hab_custom,990,aleatorio,0.2904572179537422,inf
3,hab_custom,991,aleatorio,2.894017697319324,inf
3,hab_custom,992,aleatorio,3.501826863006821,inf
3,hab_custom,993,aleatorio,2.765227442465228,inf
3,hab_custom,994,aleatorio,4.114327792179882,inf
3,hab_custom,995,aleatorio,1.0830908294557344,inf
3,hab_custom,996,aleatorio,3.717063664190483,inf
3,hab_custom,997,aleatorio,1.5361528027332199,inf
3,hab_custom,998,aleatorio,1.3557053824000864,inf
3,hab_custom,999,aleatorio,1.7390337933748776,inf
3,hab_custom,1000,aleatorio,1.6200637234063264,inf
3,hab_custom,1001,aleatorio,1.781845482248517,inf
3,hab_custom,1002,aleatorio,0.6539950524337451,inf
3,hab_custom,1003,aleatorio,1.4968876580290609,inf
3,hab_custom,1004,aleatorio,0.4373291786659883,inf
3,hab_custom,1005,aleatorio,3.288607519132357,inf
3,hab_custom,1006,aleatorio,0.23979747774987886,inf
3,hab_custom,1007,aleatorio,0.6089892454956347,inf
3,hab_custom,1008,aleatorio,1.3262426265974596,inf
3,hab_custom,1009,aleatorio,2.1937313352141548,inf
3,hab_custom,1010,aleatorio,0.7261268616959382,inf
3,hab_custom,1011,aleatorio,0.9884572093081654,inf
3,hab_custom,1012,aleatorio,3.1073702551569213,inf
3,hab_custom,1013,aleatorio,8.91735919401836,inf
3,hab_custom,1014,aleatorio,1.712392867110429,inf
3,hab_custom,1015,aleatorio,5.509077179773925,inf
3,hab_custom,1016,aleatorio,2.4963836961770833,inf
3,hab_custom,1017,aleatorio,4.779488713742561,inf
3,hab_custom,1018,aleatorio,0.6314433769256325,inf
3,hab_custom,1019,aleatorio,0.29798189381621015,inf
3,hab_custom,1020,aleatorio,1.1351059979453837,inf
3,hab_custom,1021,aleatorio,0.51154962738428,inf
3,hab_custom,1022,aleatorio,2.2314942158775404,inf
3,hab_custom,1023,aleatorio,1.5646420442626556,inf
3,hab_custom,1024,aleatorio,1.377185697429032,inf
3,hab_custom,1025,aleatorio,0.7882212719956702,inf
3,hab_custom,1026,aleatorio,0.5249846501684938,inf
3,hab_custom,1027,aleatorio,0.9800222611931927,inf
3,hab_custom,1028,aleatorio,1.7567132191675627,inf
3,hab_custom,1029,aleatorio,3.270583715523639,inf
3,hab_custom,1030,aleatorio,0.579272916322226,inf
3,hab_custom,1031,aleatorio,2.3960136531290845,inf
3,hab_custom,1032,aleatorio,1.7083284085192512,inf
3,hab_custom,1033,aleatorio,3.261185397449092,inf
3,hab_custom,1034,aleatorio,1.2476068822847117,inf
3,hab_custom,1035,aleatorio,1.3697407870856815,inf
3,hab_custom,1036,aleatorio,0.9892176609159771,inf
3,hab_custom,1037,aleatorio,0.7788162787279159,inf
3,hab_custom,1038,aleatorio,1.3564364158360842,inf
3,hab_custom,1039,aleatorio,2.0506136732787925,inf
3,hab_custom,1040,aleatorio,2.4953928641604177,inf
3,hab_custom,1041,aleatorio,4.579171682892153,inf
3,hab_custom,1042,aleatorio,2.278837984961487,inf
3,hab_custom,1043,aleatorio,4.20496118626288,inf
3,hab_custom,1044,aleatorio,2.8479518805192128,inf
3,hab_custom,1045,aleatorio,8.984566617006246,inf
3,hab_custom,1046,aleatorio,4.349646972407966,inf
3,hab_custom,1047,aleatorio,0.903435533700509,inf
3,hab_custom,1048,aleatorio,0.00046624041267230245,inf
3,hab_custom,1049,aleatorio,0.9277670495172485,inf
3,hab_custom,1050,aleatorio,1.0712179458978429e-13,inf
3,hab_custom,1051,aleatorio,0.1968446183563565,inf
3,hab_custom,1052,aleatorio,4.009958686230667,inf
3,hab_custom,1053,aleatorio,0.5696330847405001,inf
3,hab_custom,1054,aleatorio,2.742863316073276,inf
3,hab_custom,1055,aleatorio,1.7598513200464803,inf
3,hab_custom,1056,aleatorio,5.14120632841321,inf
3,hab_custom,1057,aleatorio,0.9755643634747908,inf
3,hab_custom,1058,aleatorio,2.759079381581431,inf
3,hab_custom,1059,aleatorio,10.276271611436208,inf
3,hab_custom,1060,aleatorio,4.625941770741259,inf
3,hab_custom,1061,aleatorio,2.836054876119471,inf
3,hab_custom,1062,aleatorio,0.669943187438855,inf
3,hab_custom,1063,aleatorio,1.4867041128142062,inf
3,hab_custom,1064,aleatorio,0.639695170572356,inf
3,hab_custom,1065,aleatorio,7.4079217860330475,inf
3,hab_custom,1066,aleatorio,1.974768965660284,inf
3,hab_custom,1067,aleatorio,4.658674704592975,inf
3,hab_custom,1068,aleatorio,1.850061669586798,inf
3,hab_custom,1069,aleatorio,3.4307852452216285,inf
3,hab_custom,1070,aleatorio,3.4722580266483836,inf
3,hab_custom,1071,aleatorio,3.5542219547716223,inf
3,hab_custom,1072,aleatorio,3.7366626124306346,inf
3,hab_custom,1073,aleatorio,0.21076690358645442,inf
3,hab_custom,1074,aleatorio,1.700629923164392,inf
3,hab_custom,1075,aleatorio,2.1939248909607407,inf
3,hab_custom,1076,aleatorio,3.2399601584377167,inf
3,hab_custom,1077,aleatorio,0.32138133890144976,inf
3,hab_custom,1078,aleatorio,1.4143794412266764,inf
3,hab_custom,1079,aleatorio,0.7388826226977481,inf
3,hab_custom,1080,aleatorio,0.6750808839015764,inf
3,hab_custom,1081,aleatorio,1.3994049564620954,inf
3,hab_custom,1082,aleatorio,2.7429758283296963,inf
3,hab_custom,1083,aleatorio,3.3154922843938115,inf
3,hab_custom,1084,aleatorio,1.1915451328082198,inf
3,hab_custom,1085,aleatorio,1.307495308188246,inf
3,hab_custom,1086,aleatorio,4.414823305022494,inf
3,hab_custom,1087,aleatorio,14.90566690422949,inf
3,hab_custom,1088,aleatorio,3.285999924385724,inf
3,hab_custom,1089,aleatorio,2.025324361116243,inf
3,hab_custom,1090,aleatorio,2.5852531882554843,inf
3,hab_custom,1091,aleatorio,1.2771432626326225,inf
3,hab_custom,1092,aleatorio,2.3151733871300504,inf
3,hab_custom,1093,aleatorio,3.6024648873881344,inf
3,hab_custom,1094,aleatorio,2.814382603841451,inf
3,hab_custom,1095,aleatorio,2.728410124056467,inf
3,hab_custom,1096,aleatorio,1.731690512590276,inf
3,hab_custom,1097,aleatorio,2.6313182087666025,inf
3,hab_custom,1098,aleatorio,6.553219053960235,inf
3,hab_custom,1099,aleatorio,2.0436157942225077,inf
3,hab_custom,1100,aleatorio,1.42501020804664,inf
3,hab_custom,1101,aleatorio,1.645729849749991,inf
3,hab_custom,1102,aleatorio,1.6142160219876294,inf
3,hab_custom,1103,aleatorio,2.137564773357184,inf
3,hab_custom,1104,aleatorio,1.4784036659850948,inf
3,hab_custom,1105,aleatorio,0.44608751501263944,inf
3,hab_custom,1106,aleatorio,1.534610672234774,inf
3,hab_custom,1107,aleatorio,5.2564731934357045,inf
3,hab_custom,1108,aleatorio,1.1540597847525227,inf
3,hab_custom,1109,aleatorio,2.0789339711396817,inf
3,hab_custom,1110,aleatorio,3.219314404486188,inf
3,hab_custom,1111,aleatorio,7.931435293913675,inf
3,hab_custom,1112,aleatorio,3.494367060903443,inf
3,hab_custom,1113,aleatorio,8.239108999502948,inf
3,hab_custom,1114,aleatorio,3.2919207327405378,inf
3,hab_custom,1115,aleatorio,1.0236309499958978,inf
3,hab_custom,1116,aleatorio,0.7572574480731296,inf
3,hab_custom,1117,aleatorio,5.483280021191655,inf
3,hab_custom,1118,aleatorio,1.4518636240723775,inf
3,hab_custom,1119,aleatorio,3.0421423454295953,inf
3,hab_custom,1120,aleatorio,1.3936268835537262,inf
3,hab_custom,1121,aleatorio,1.8167609808834662,inf
3,hab_custom,1122,aleatorio,0.7543715525890207,inf
3,hab_custom,1123,aleatorio,13.40137125725937,inf
3,hab_custom,1124,aleatorio,3.311457657574344,inf
3,hab_custom,1125,aleatorio,1.0446821710709153,inf
3,hab_custom,1126,aleatorio,2.257293721792891,inf
3,hab_custom,1127,aleatorio,0.13163410769564077,inf
3,hab_custom,1128,aleatorio,1.266836799588293,inf
3,hab_custom,1129,aleatorio,4.434044728275276,inf
3,hab_custom,1130,aleatorio,0.8772448370420328,inf
3,hab_custom,1131,aleatorio,2.3643816813072944,inf
3,hab_custom,1132,aleatorio,1.6964133188337178,inf
3,hab_custom,1133,aleatorio,1.4634868181346636,inf
3,hab_custom,1134,aleatorio,1.9286781007654157,inf
3,hab_custom,1135,aleatorio,6.5132366911703246,inf
3,hab_custom,1136,aleatorio,2.556398756418039,inf
3,hab_custom,1137,aleatorio,2.0876220884939913,inf
3,hab_custom,1138,aleatorio,4.013991253252858,inf
3,hab_custom,1139,aleatorio,1.192753254307468,inf
3,hab_custom,1140,aleatorio,1.2493665364614406,inf
3,hab_custom,1141,aleatorio,2.7960059378574393,inf
3,hab_custom,1142,aleatorio,1.237773753732598,inf
3,hab_custom,1143,aleatorio,1.2259437245501519,inf
3,hab_custom,1144,aleatorio,2.627310449369313,inf
3,hab_custom,1145,aleatorio,2.832482910902809,inf
3,hab_custom,1146,aleatorio,1.7588372783195776,inf
3,hab_custom,1147,aleatorio,1.6261739734105467,inf
3,hab_custom,1148,aleatorio,0.37092312497899105,inf
3,hab_custom,1149,aleatorio,4.826605032073851,inf
3,hab_custom,1150,aleatorio,1.4227454996750023e-13,inf
3,hab_custom,1151,aleatorio,3.7608088523127794,inf
3,hab_custom,1152,aleatorio,1.329200506054583,inf
3,hab_custom,1153,aleatorio,1.9188225156763956,inf
3,hab_custom,1154,aleatorio,2.139067625630053,inf
3,hab_custom,1155,aleatorio,2.834266183567124,inf
3,hab_custom,1156,aleatorio,0.2566442334624401,inf
3,hab_custom,1157,aleatorio,1.30188388376355,inf
3,hab_custom,1158,aleatorio,2.007102116729251,inf
3,hab_custom,1159,aleatorio,1.8866149084432184,inf
3,hab_custom,1160,aleatorio,1.6527735932214194,inf
3,hab_custom,1161,aleatorio,0.3333297688697165,inf
3,hab_custom,1162,aleatorio,1.966720749537957,inf
3,hab_custom,1163,aleatorio,4.291352965940715,inf
3,hab_custom,1164,aleatorio,0.36491657457239995,inf
3,hab_custom,1165,aleatorio,0.8315219579040399,inf
3,hab_custom,1166,aleatorio,4.472422872598235,inf
3,hab_custom,1167,aleatorio,1.7522876677341213,inf
3,hab_custom,1168,aleatorio,0.7788615267687966,inf
3,hab_custom,1169,aleatorio,0.4380780546906732,inf
3,hab_custom,1170,aleatorio,2.1825457178976624,inf
3,hab_custom,1171,aleatorio,4.490683956337117,inf
3,hab_custom,1172,aleatorio,9.880216420061597,inf
3,hab_custom,1173,aleatorio,1.479736234246885,inf
3,hab_custom,1174,aleatorio,2.535107495626344,inf
3,hab_custom,1175,aleatorio,6.703761607807181e-15,inf
3,hab_custom,1176,aleatorio,0.23281285634693594,inf
3,hab_custom,1177,aleatorio,1.2403503591401301,inf
3,hab_custom,1178,aleatorio,7.338074768324092,inf
3,hab_custom,1179,aleatorio,1.2067309316233872,inf
3,hab_custom,1180,aleatorio,0.946814212453291,inf
3,hab_custom,1181,aleatorio,4.392972890981227,inf
3,hab_custom,1182,aleatorio,2.662359324442871,inf
3,hab_custom,1183,aleatorio,4.917128201744155,inf
3,hab_custom,1184,aleatorio,3.0516697873423526,inf
3,hab_custom,1185,aleatorio,4.266310533474841,inf
3,hab_custom,1186,aleatorio,1.9101283736427883,inf
3,hab_custom,1187,aleatorio,0.8566859400936065,inf
3,hab_custom,1188,aleatorio,3.4684476073050936e-15,inf
3,hab_custom,1189,aleatorio,0.5695859493007608,inf
3,hab_custom,1190,aleatorio,2.2145838955251502,inf
3,hab_custom,1191,aleatorio,2.025764109799815,inf
3,hab_custom,1192,aleatorio,11.910696559447684,inf
3,hab_custom,1193,aleatorio,0.3921443712049436,inf
3,hab_custom,1194,aleatorio,2.392750575652593,inf
3,hab_custom,1195,aleatorio,1.8113512665108624,inf
3,hab_custom,1196,aleatorio,0.9765872236586082,inf
3,hab_custom,1197,aleatorio,3.418499858387401,inf
3,hab_custom,1198,aleatorio,0.3207724893114623,inf
3,hab_custom,1199,aleatorio,1.8297711520837012,inf
3,hab_custom,1200,aleatorio,1.8023992969007052,inf
3,hab_custom,1201,aleatorio,2.9990287164621785,inf
3,hab_custom,1202,aleatorio,0.8790697603133807,inf
3,hab_custom,1203,aleatorio,4.862500536823779,inf
3,hab_custom,1204,aleatorio,5.63558390780648,inf
3,hab_custom,1205,aleatorio,6.755235593379635,inf
3,hab_custom,1206,aleatorio,0.2834720975982844,inf
3,hab_custom,1207,aleatorio,2.9556282519213544,inf
3,hab_custom,1208,aleatorio,2.3663299730558958,inf
3,hab_custom,1209,aleatorio,2.983446476322836,inf
3,hab_custom,1210,aleatorio,0.7066154471673514,inf
3,hab_custom,1211,aleatorio,4.309813559466053,inf
3,hab_custom,1212,aleatorio,1.58090744749339,inf
3,hab_custom,1213,aleatorio,2.757799717282526,inf
3,hab_custom,1214,aleatorio,3.8471469857656575,inf
3,hab_custom,1215,aleatorio,0.9510341724432989,inf
3,hab_custom,1216,aleatorio,10.03351342401066,inf
3,hab_custom,1217,aleatorio,1.4565827367998745,inf
3,hab_custom,1218,aleatorio,2.515327290974656,inf
3,hab_custom,1219,aleatorio,1.4959065811359926,inf
3,hab_custom,1220,aleatorio,2.440472328132666,inf
3,hab_custom,1221,aleatorio,2.2273620559212857,inf
3,hab_custom,1222,aleatorio,0.4373304001215299,inf
3,hab_custom,1223,aleatorio,8.03102692487095,inf
3,hab_custom,1224,aleatorio,0.8488107035618472,inf
3,hab_custom,1225,aleatorio,4.688792056406867,inf
3,hab_custom,1226,aleatorio,1.2238803624639465,inf
3,hab_custom,1227,aleatorio,0.30237580087327437,inf
3,hab_custom,1228,aleatorio,0.6107413600519181,inf
3,hab_custom,1229,aleatorio,1.242388521114104,inf
3,hab_custom,1230,aleatorio,1.610455800989208,inf
3,hab_custom,1231,aleatorio,1.7919248859372061,inf
3,hab_custom,1232,aleatorio,2.213746002806686,inf
3,hab_custom,1233,aleatorio,0.5511440748000824,inf
3,hab_custom,1234,aleatorio,3.7920691538076623,inf
3,hab_custom,1235,aleatorio,0.6509513109760635,inf
3,hab_custom,1236,aleatorio,0.7335719013511947,inf
3,hab_custom,1237,aleatorio,0.22733880973510134,inf
3,hab_custom,1238,aleatorio,0.6634516260803893,inf
3,hab_custom,1239,aleatorio,0.6626321003162673,inf
3,hab_custom,1240,aleatorio,0.9892157652087357,inf
3,hab_custom,1241,aleatorio,2.137644061074416,inf
3,hab_custom,1242,aleatorio,1.425027718765197,inf
3,hab_custom,1243,aleatorio,1.8693993179973833e-14,inf
3,hab_custom,1244,aleatorio,1.9217285849293309,inf
3,hab_custom,1245,aleatorio,4.203295019804523,inf
3,hab_custom,1246,aleatorio,1.0701171126071822,inf
3,hab_custom,1247,aleatorio,1.91036906222687,inf
3,hab_custom,1248,aleatorio,0.6378418501161471,inf
3,hab_custom,1249,aleatorio,0.9035314449785753,inf
3,hab_custom,1250,aleatorio,9.428434607854348,inf
3,hab_custom,1251,aleatorio,3.6574678819650184,inf
3,hab_custom,1252,aleatorio,2.691721674484197,inf
3,hab_custom,1253,aleatorio,10.527876994423849,inf
3,hab_custom,1254,aleatorio,5.937420319352085,inf
3,hab_custom,1255,aleatorio,1.5800569125009212,inf
3,hab_custom,1256,aleatorio,2.4126559846714706,inf
3,hab_custom,1257,aleatorio,1.2888400653435157,inf
3,hab_custom,1258,aleatorio,2.6580532188607817,inf
3,hab_custom,1259,aleatorio,1.3870719351646565,inf
3,hab_custom,1260,aleatorio,1.2396558629419483,inf
3,hab_custom,1261,aleatorio,0.7436605193894714,inf
3,hab_custom,1262,aleatorio,0.30564903299456686,inf
3,hab_custom,1263,aleatorio,1.627482491367244,inf
3,hab_custom,1264,aleatorio,7.9953011021641505,inf
3,hab_custom,1265,aleatorio,1.4645367106557068,inf
3,hab_custom,1266,aleatorio,2.2594233287686296,inf
3,hab_custom,1267,aleatorio,4.011236550861946,inf
3,hab_custom,1268,aleatorio,2.2267017804031455,inf
3,hab_custom,1269,aleatorio,0.45928792060171647,inf
3,hab_custom,1270,aleatorio,3.4896523811350435,inf
3,hab_custom,1271,aleatorio,2.195433989134371,inf
3,hab_custom,1272,aleatorio,4.722578355299536,inf
3,hab_custom,1273,aleatorio,0.5151713090348586,inf
3,hab_custom,1274,aleatorio,2.333791917471961,inf
3,hab_custom,1275,aleatorio,2.512936203955782,inf
3,hab_custom,1276,aleatorio,1.9033341101371488,inf
3,hab_custom,1277,aleatorio,2.0137937390941008,inf
3,hab_custom,1278,aleatorio,0.7385377117916506,inf
3,hab_custom,1279,aleatorio,2.423314018618451,inf
3,hab_custom,1280,aleatorio,3.365628410033252,inf
3,hab_custom,1281,aleatorio,5.9557173832887464,inf
3,hab_custom,1282,aleatorio,1.7287412283832617,inf
3,hab_custom,1283,aleatorio,1.0302486748147897,inf
3,hab_custom,1284,aleatorio,6.064483514495472,inf
3,hab_custom,1285,aleatorio,3.413218620306669,inf
3,hab_custom,1286,aleatorio,2.6694393103324177,inf
3,hab_custom,1287,aleatorio,3.1199505288681517,inf
3,hab_custom,1288,aleatorio,2.629325805212804,inf
3,hab_custom,1289,aleatorio,7.6556988152651515,inf
3,hab_custom,1290,aleatorio,1.7796418980867472,inf
3,hab_custom,1291,aleatorio,2.632890295569166,inf
3,hab_custom,1292,aleatorio,0.06111656036964944,inf
3,hab_custom,1293,aleatorio,1.7440634953541494,inf
3,hab_custom,1294,aleatorio,1.3014200890425365,inf
3,hab_custom,1295,aleatorio,2.0037378737814184,inf
3,hab_custom,1296,aleatorio,5.530745749813437,inf
3,hab_custom,1297,aleatorio,2.967802449126,inf
3,hab_custom,1298,aleatorio,2.9379870326582123,inf
3,hab_custom,1299,aleatorio,3.47542999176745,inf
3,hab_custom,1300,aleatorio,1.2680897620669473,inf
3,hab_custom,1301,aleatorio,1.1077943373466361,inf
3,hab_custom,1302,aleatorio,1.5177603998170437,inf
3,hab_custom,1303,aleatorio,0.5580572085711115,inf
3,hab_custom,1304,aleatorio,1.5787340833735666,inf
3,hab_custom,1305,aleatorio,0.1861669695894364,inf
3,hab_custom,1306,aleatorio,6.841457738038306,inf
3,hab_custom,1307,aleatorio,0.7249423175725805,inf
3,hab_custom,1308,aleatorio,2.3426573753133564,inf
3,hab_custom,1309,aleatorio,0.4425934552274613,inf
3,hab_custom,1310,aleatorio,3.8849148181829305,inf
3,hab_custom,1311,aleatorio,0.9376452909331479,inf
3,hab_custom,1312,aleatorio,0.8677616872731168,inf
3,hab_custom,1313,aleatorio,1.623478979397884,inf
3,hab_custom,1314,aleatorio,2.3978229686160417,inf
3,hab_custom,1315,aleatorio,8.136375468276285,inf
3,hab_custom,1316,aleatorio,1.4146156657117805,inf
3,hab_custom,1317,aleatorio,0.7464397321533109,inf
3,hab_custom,1318,aleatorio,4.535832998891343,inf
3,hab_custom,1319,aleatorio,1.8882355072276753,inf
3,hab_custom,1320,aleatorio,3.05160215581199,inf
3,hab_custom,1321,aleatorio,4.696250118139865,inf
3,hab_custom,1322,aleatorio,1.1404099110881445,inf
3,hab_custom,1323,aleatorio,2.7973171938463057,inf
3,hab_custom,1324,aleatorio,2.761594093602808,inf
3,hab_custom,1325,aleatorio,1.927071977654745,inf
3,hab_custom,1326,aleatorio,0.324759428655327,inf
3,hab_custom,1327,aleatorio,0.48231225819010226,inf
3,hab_custom,1328,aleatorio,2.123920839748501,inf
3,hab_custom,1329,aleatorio,1.572335328926737,inf
3,hab_custom,1330,aleatorio,0.43288340577820655,inf
3,hab_custom,1331,aleatorio,3.067652784686785,inf
3,hab_custom,1332,aleatorio,0.005193099492772939,inf
3,hab_custom,1333,aleatorio,2.048279638669694,inf
3,hab_custom,1334,aleatorio,3.678450279623127,inf
3,hab_custom,1335,aleatorio,2.247897150840465,inf
3,hab_custom,1336,aleatorio,1.6276473302624967,inf
3,hab_custom,1337,aleatorio,4.613105559577237,inf
3,hab_custom,1338,aleatorio,2.989664238141519,inf
3,hab_custom,1339,aleatorio,1.3361557603699383,inf
3,hab_custom,1340,aleatorio,0.9358772976302472,inf
3,hab_custom,1341,aleatorio,1.6835654547007746,inf
3,hab_custom,1342,aleatorio,1.2405883833493603,inf
3,hab_custom,1343,aleatorio,1.3019576218825142,inf
3,hab_custom,1344,aleatorio,2.073649533663269,inf
3,hab_custom,1345,aleatorio,3.2043757485442357,inf
3,hab_custom,1346,aleatorio,1.1883834962529678,inf
3,hab_custom,1347,aleatorio,0.6591183292065633,inf
3,hab_custom,1348,aleatorio,1.3425477153396395,inf
3,hab_custom,1349,aleatorio,1.8189640433139476,inf
3,hab_custom,1350,aleatorio,1.1047384366264947,inf
3,hab_custom,1351,aleatorio,1.2671713741585737,inf
3,hab_custom,1352,aleatorio,1.0089320844900147,inf
3,hab_custom,1353,aleatorio,2.6860600158718997,inf
3,hab_custom,1354,aleatorio,1.6478047217002298,inf
3,hab_custom,1355,aleatorio,0.5855016282702965,inf
3,hab_custom,1356,aleatorio,1.3905224286604119,inf
3,hab_custom,1357,aleatorio,7.110459153254524,inf
3,hab_custom,1358,aleatorio,1.6256660866821018,inf
3,hab_custom,1359,aleatorio,3.297535956155128,inf
3,hab_custom,1360,aleatorio,1.6709257588094513,inf
3,hab_custom,1361,aleatorio,1.2030979048882848,inf
3,hab_custom,1362,aleatorio,5.10742423645869,inf
3,hab_custom,1363,aleatorio,1.8141552055556078,inf
3,hab_custom,1364,aleatorio,2.79262206197193,inf
3,hab_custom,1365,aleatorio,1.6545082390949712,inf
3,hab_custom,1366,aleatorio,0.9733352596006278,inf
3,hab_custom,1367,aleatorio,6.5433179024433565,inf
3,hab_custom,1368,aleatorio,0.3067114553630107,inf
3,hab_custom,1369,aleatorio,4.357512567605388,inf
3,hab_custom,1370,aleatorio,0.9394120945432415,inf
3,hab_custom,1371,aleatorio,0.2452363466448817,inf
3,hab_custom,1372,aleatorio,0.8285598148568889,inf
3,hab_custom,1373,aleatorio,1.545914913526268,inf
3,hab_custom,1374,aleatorio,0.009968627076294716,inf
3,hab_custom,1375,aleatorio,2.1184809431465803,inf
3,hab_custom,1376,aleatorio,3.2997745520817596,inf
3,hab_custom,1377,aleatorio,4.472818293092294,inf
3,hab_custom,1378,aleatorio,1.2601813272091897,inf
3,hab_custom,1379,aleatorio,0.5454053438804372,inf
3,hab_custom,1380,aleatorio,1.3567792813723578,inf
3,hab_custom,1381,aleatorio,3.9822734340307417,inf
3,hab_custom,1382,aleatorio,0.38578923361874023,inf
3,hab_custom,1383,aleatorio,1.78997341096308,inf
3,hab_custom,1384,aleatorio,1.8087154390611542,inf
3,hab_custom,1385,aleatorio,3.889389649371046,inf
3,hab_custom,1386,aleatorio,2.4665958734635627,inf
3,hab_custom,1387,aleatorio,1.992602448418002,inf
3,hab_custom,1388,aleatorio,0.21166424093587974,inf
3,hab_custom,1389,aleatorio,5.478443164689729,inf
3,hab_custom,1390,aleatorio,1.2640418624533312,inf
3,hab_custom,1391,aleatorio,3.131998309905224,inf
3,hab_custom,1392,aleatorio,0.4781362280939053,inf
3,hab_custom,1393,aleatorio,0.16197678668044405,inf
3,hab_custom,1394,aleatorio,1.2602360563062076,inf
3,hab_custom,1395,aleatorio,4.207733193738406,inf
3,hab_custom,1396,aleatorio,4.488116917303427,inf
3,hab_custom,1397,aleatorio,2.032643311106299,inf
3,hab_custom,1398,aleatorio,0.18934817113037555,inf
3,hab_custom,1399,aleatorio,3.022644374696234,inf
3,hab_custom,1400,aleatorio,0.9093218752859887,inf
3,hab_custom,1401,aleatorio,7.050267605901813,inf
3,hab_custom,1402,aleatorio,4.505800470598036e-11,inf
3,hab_custom,1403,aleatorio,3.4236345464967575,inf
3,hab_custom,1404,aleatorio,0.26127355487541704,inf
3,hab_custom,1405,aleatorio,4.127838391557439,inf
3,hab_custom,1406,aleatorio,7.943340195017165,inf
3,hab_custom,1407,aleatorio,3.512986476715229,inf
3,hab_custom,1408,aleatorio,0.8878986697011826,inf
3,hab_custom,1409,aleatorio,0.45773789284009614,inf
3,hab_custom,1410,aleatorio,1.1525165666022832,inf
3,hab_custom,1411,aleatorio,1.1275536884420505,inf
3,hab_custom,1412,aleatorio,0.7718588746473759,inf
3,hab_custom,1413,aleatorio,0.6458534895645569,inf
3,hab_custom,1414,aleatorio,6.844724742534853,inf
3,hab_custom,1415,aleatorio,0.6953464816221525,inf
3,hab_custom,1416,aleatorio,2.155499352303351,inf
3,hab_custom,1417,aleatorio,0.8219409136945487,inf
3,hab_custom,1418,aleatorio,4.240806151123685,inf
3,hab_custom,1419,aleatorio,2.5080129255296923,inf
3,hab_custom,1420,aleatorio,0.19113155822984934,inf
3,hab_custom,1421,aleatorio,5.261781219001173,inf
3,hab_custom,1422,aleatorio,2.638519192446328,inf
3,hab_custom,1423,aleatorio,1.042766841180319,inf
3,hab_custom,1424,aleatorio,1.2545221879009572,inf
3,hab_custom,1425,aleatorio,2.3270310792923317,inf
3,hab_custom,1426,aleatorio,6.090104261909604,inf
3,hab_custom,1427,aleatorio,2.5770096416340116,inf
3,hab_custom,1428,aleatorio,2.4476054102704627,inf
3,hab_custom,1429,aleatorio,0.05047845282516065,inf
3,hab_custom,1430,aleatorio,1.690000025132389,inf
3,hab_custom,1431,aleatorio,2.0139313688698772,inf
3,hab_custom,1432,aleatorio,0.32221730913084345,inf
3,hab_custom,1433,aleatorio,0.8400105283287944,inf
3,hab_custom,1434,aleatorio,0.027666048824618494,inf
3,hab_custom,1435,aleatorio,0.874759273015066,inf
3,hab_custom,1436,aleatorio,2.229779768998438,inf
3,hab_custom,1437,aleatorio,4.496420152506285,inf
3,hab_custom,1438,aleatorio,2.354676296907891,inf
3,hab_custom,1439,aleatorio,0.5017517097643829,inf
3,hab_custom,1440,aleatorio,1.7327297229444507,inf
3,hab_custom,1441,aleatorio,14.062434431478481,inf
3,hab_custom,1442,aleatorio,0.21006207442840333,inf
3,hab_custom,1443,aleatorio,0.1475548958773775,inf
3,hab_custom,1444,aleatorio,0.1579593186105496,inf
3,hab_custom,1445,aleatorio,2.205894177642986,inf
3,hab_custom,1446,aleatorio,0.693111812107198,inf
3,hab_custom,1447,aleatorio,0.06434897044828959,inf
3,hab_custom,1448,aleatorio,1.629788840874122,inf
3,hab_custom,1449,aleatorio,1.307097522023125,inf
3,hab_custom,1450,aleatorio,9.427670469702884e-06,inf
3,hab_custom,1451,aleatorio,10.80966178514465,inf
3,hab_custom,1452,aleatorio,2.6609066048607333e-11,inf
3,hab_custom,1453,aleatorio,1.7459788789424675,inf
3,hab_custom,1454,aleatorio,2.7184161004886596,inf
3,hab_custom,1455,aleatorio,0.8088326683069544,inf
3,hab_custom,1456,aleatorio,2.6488570247370458,inf
3,hab_custom,1457,aleatorio,1.817905004170498,inf
3,hab_custom,1458,aleatorio,4.222863929206786,inf
3,hab_custom,1459,aleatorio,15.254640900780835,inf
3,hab_custom,1460,aleatorio,5.733307550425756,inf
3,hab_custom,1461,aleatorio,0.36492780781970274,inf
3,hab_custom,1462,aleatorio,1.0834873881368545,inf
3,hab_custom,1463,aleatorio,2.2391674958133287,inf
3,hab_custom,1464,aleatorio,1.0125211864234123,inf
3,hab_custom,1465,aleatorio,1.721936866512792,inf
3,hab_custom,1466,aleatorio,2.449094944512088,inf
3,hab_custom,1467,aleatorio,3.09021640464763,inf
3,hab_custom,1468,aleatorio,1.5597714237872284,inf
3,hab_custom,1469,aleatorio,2.7195905451336015,inf
3,hab_custom,1470,aleatorio,4.726584975646043,inf
3,hab_custom,1471,aleatorio,2.1457791259394665,inf
3,hab_custom,1472,aleatorio,1.4444154918057956,inf
3,hab_custom,1473,aleatorio,0.9816590590864714,inf
3,hab_custom,1474,aleatorio,3.674884850534107,inf
3,hab_custom,1475,aleatorio,2.3474635126718613,inf
3,hab_custom,1476,aleatorio,2.570438355976061,inf
3,hab_custom,1477,aleatorio,1.1596439882306897,inf
3,hab_custom,1478,aleatorio,6.000651912037047,inf
3,hab_custom,1479,aleatorio,6.627218288786555,inf
3,hab_custom,1480,aleatorio,3.959835135119941,inf
3,hab_custom,1481,aleatorio,3.2005422661382887,inf
3,hab_custom,1482,aleatorio,4.700670428608418,inf
3,hab_custom,1483,aleatorio,1.8241772677574362,inf
3,hab_custom,1484,aleatorio,0.09455101006613334,inf
3,hab_custom,1485,aleatorio,2.6482509572907027,inf
3,hab_custom,1486,aleatorio,1.5119358712802937,inf
3,hab_custom,1487,aleatorio,9.622485212699573,inf
3,hab_custom,1488,aleatorio,0.5058159748959671,inf
3,hab_custom,1489,aleatorio,5.83499997626546,inf
3,hab_custom,1490,aleatorio,1.6256070569142753,inf
3,hab_custom,1491,aleatorio,0.28760999466912307,inf
3,hab_custom,1492,aleatorio,5.639233568644062e-15,inf
3,hab_custom,1493,aleatorio,0.29602359845078546,inf
3,hab_custom,1494,aleatorio,1.6415355513779752,inf
3,hab_custom,1495,aleatorio,0.5790197014603353,inf
3,hab_custom,1496,aleatorio,2.1421021983186628,inf
3,hab_custom,1497,aleatorio,1.7007430261000667,inf
3,hab_custom,1498,aleatorio,1.9226757619578585,inf
3,hab_custom,1499,aleatorio,1.198845308549914,inf
3,hab_custom,1500,aleatorio,2.162446538790804,inf
3,hab_custom,1501,aleatorio,2.26263308690396,inf
3,hab_custom,1502,aleatorio,3.189868403805233,inf
3,hab_custom,1503,aleatorio,1.8907269144693326,inf
3,hab_custom,1504,aleatorio,1.5923221205958504,inf
3,hab_custom,1505,aleatorio,0.6085123909784091,inf
3,hab_custom,1506,aleatorio,2.3080418713644444,inf
3,hab_custom,1507,aleatorio,5.4684583223196865,inf
3,hab_custom,1508,aleatorio,1.1914797408352065,inf
3,hab_custom,1509,aleatorio,0.2919062048747298,inf
3,hab_custom,1510,aleatorio,0.6142965483200965,inf
3,hab_custom,1511,aleatorio,0.4105484189437146,inf
3,hab_custom,1512,aleatorio,0.5555560275394898,inf
3,hab_custom,1513,aleatorio,0.966139441053213,inf
3,hab_custom,1514,aleatorio,0.5133888592898075,inf
3,hab_custom,1515,aleatorio,4.669602312415573,inf
3,hab_custom,1516,aleatorio,2.047455631231621,inf
3,hab_custom,1517,aleatorio,5.9189162181208355,inf
3,hab_custom,1518,aleatorio,4.218367424865324,inf
3,hab_custom,1519,aleatorio,2.2530231336544064,inf
3,hab_custom,1520,aleatorio,4.2500715819379,inf
3,hab_custom,1521,aleatorio,0.5842793095441856,inf
3,hab_custom,1522,aleatorio,0.6250569617218338,inf
3,hab_custom,1523,aleatorio,1.2624355582496039,inf
3,hab_custom,1524,aleatorio,9.124042996628605,inf
3,hab_custom,1525,aleatorio,0.915493704609114,inf
3,hab_custom,1526,aleatorio,2.7053974345484737,inf
3,hab_custom,1527,aleatorio,0.8633906684258912,inf
3,hab_custom,1528,aleatorio,2.9936496073401604,inf
3,hab_custom,1529,aleatorio,3.276643529049724,inf
3,hab_custom,1530,aleatorio,0.5770691961565039,inf
3,hab_custom,1531,aleatorio,15.020090858832134,inf
3,hab_custom,1532,aleatorio,2.8235881172206707e-13,inf
3,hab_custom,1533,aleatorio,3.735541547680941,inf
3,hab_custom,1534,aleatorio,3.498400853123618,inf
3,hab_custom,1535,aleatorio,1.7737761868269686,inf
3,hab_custom,1536,aleatorio,3.5306004937741204,inf
3,hab_custom,1537,aleatorio,2.081179715337959,inf
3,hab_custom,1538,aleatorio,1.8081735606778748,inf
3,hab_custom,1539,aleatorio,4.806265311890488,inf
3,hab_custom,1540,aleatorio,2.1051356593521584,inf
3,hab_custom,1541,aleatorio,0.6273427473089654,inf
3,hab_custom,1542,aleatorio,3.438318094703268,inf
3,hab_custom,1543,aleatorio,1.4301090978070803,inf
3,hab_custom,1544,aleatorio,0.6141131741204009,inf
3,hab_custom,1545,aleatorio,3.889507529430744,inf
3,hab_custom,1546,aleatorio,2.1910436217133666,inf
3,hab_custom,1547,aleatorio,0.7283801664154047,inf
3,hab_custom,1548,aleatorio,1.2801655635192774e-12,inf
3,hab_custom,1549,aleatorio,1.1098486693165905,inf
3,hab_custom,1550,aleatorio,1.2593548774797616,inf
3,hab_custom,1551,aleatorio,2.0450450872573795,inf
3,hab_custom,1552,aleatorio,2.5935723593503406,inf
3,hab_custom,1553,aleatorio,0.3492483543569,inf
3,hab_custom,1554,aleatorio,1.1815087416021481,inf
3,hab_custom,1555,aleatorio,3.203520358317074,inf
3,hab_custom,1556,aleatorio,2.0723656622610354,inf
3,hab_custom,1557,aleatorio,1.8629590353502345,inf
3,hab_custom,1558,aleatorio,0.9433488357737295,inf
3,hab_custom,1559,aleatorio,0.9618542052177104,inf
3,hab_custom,1560,aleatorio,1.3435751316941493,inf
3,hab_custom,1561,aleatorio,2.332635717136878,inf
3,hab_custom,1562,aleatorio,1.447553409657863,inf
3,hab_custom,1563,aleatorio,0.5515669709862133,inf
3,hab_custom,1564,aleatorio,2.561829462921652,inf
3,hab_custom,1565,aleatorio,1.3004215092999176,inf
3,hab_custom,1566,aleatorio,1.7435556756590902,inf
3,hab_custom,1567,aleatorio,0.6340447100871558,inf
3,hab_custom,1568,aleatorio,1.8615989502194952,inf
3,hab_custom,1569,aleatorio,2.284229982454225,inf
3,hab_custom,1570,aleatorio,3.125582532919465,inf
3,hab_custom,1571,aleatorio,3.2760331608152025,inf
3,hab_custom,1572,aleatorio,4.126412519035448,inf
3,hab_custom,1573,aleatorio,1.7699407428556153,inf
3,hab_custom,1574,aleatorio,2.690788790401585,inf
3,hab_custom,1575,aleatorio,2.281532171116386,inf
3,hab_custom,1576,aleatorio,1.016802443781358,inf
3,hab_custom,1577,aleatorio,1.7304093563420357,inf
3,hab_custom,1578,aleatorio,1.0134328993440693,inf
3,hab_custom,1579,aleatorio,3.5161173866013873,inf
3,hab_custom,1580,aleatorio,1.7549197432215795,inf
3,hab_custom,1581,aleatorio,0.873757730598903,inf
3,hab_custom,1582,aleatorio,2.2570655530886587,inf
3,hab_custom,1583,aleatorio,0.595838212998495,inf
3,hab_custom,1584,aleatorio,1.7365233642217404,inf
3,hab_custom,1585,aleatorio,3.59021884176085,inf
3,hab_custom,1586,aleatorio,3.2087091908812875,inf
3,hab_custom,1587,aleatorio,1.5031843907366933,inf
3,hab_custom,1588,aleatorio,0.997917835729629,inf
3,hab_custom,1589,aleatorio,2.9557084465136074,inf
3,hab_custom,1590,aleatorio,2.4127427574593843,inf
3,hab_custom,1591,aleatorio,1.1147338165945164,inf
3,hab_custom,1592,aleatorio,1.2872996451210914,inf
3,hab_custom,1593,aleatorio,1.3186022259966914,inf
3,hab_custom,1594,aleatorio,0.550950073331697,inf
3,hab_custom,1595,aleatorio,0.6220257597766615,inf
3,hab_custom,1596,aleatorio,1.949371923119883,inf
3,hab_custom,1597,aleatorio,5.626999414932381,inf
3,hab_custom,1598,aleatorio,9.74530252795635,inf
3,hab_custom,1599,aleatorio,0.9988816948869415,inf
3,hab_custom,1600,aleatorio,1.2817666878388443,inf
3,hab_custom,1601,aleatorio,0.9130344030229924,inf
3,hab_custom,1602,aleatorio,5.034158872833085,inf
3,hab_custom,1603,aleatorio,0.26639803120922967,inf
3,hab_custom,1604,aleatorio,3.572698242688782,inf
3,hab_custom,1605,aleatorio,1.64592318038634,inf
3,hab_custom,1606,aleatorio,0.20226774071802953,inf
3,hab_custom,1607,aleatorio,1.6982337722763856,inf
3,hab_custom,1608,aleatorio,6.356376432957578,inf
3,hab_custom,1609,aleatorio,0.7860173073330934,inf
3,hab_custom,1610,aleatorio,2.674524860607268e-12,inf
3,hab_custom,1611,aleatorio,0.2636641438265743,inf
3,hab_custom,1612,aleatorio,0.2045897492681437,inf
3,hab_custom,1613,aleatorio,3.002282893392284,inf
3,hab_custom,1614,aleatorio,2.3021673875054756,inf
3,hab_custom,1615,aleatorio,1.573147568008959,inf
3,hab_custom,1616,aleatorio,0.4487713337322364,inf
3,hab_custom,1617,aleatorio,0.6141631353675555,inf
3,hab_custom,1618,aleatorio,0.8620701581123096,inf
3,hab_custom,1619,aleatorio,0.6508742602712522,inf
3,hab_custom,1620,aleatorio,2.033818892139853,inf
3,hab_custom,1621,aleatorio,0.8573824412459856,inf
3,hab_custom,1622,aleatorio,4.187372012554325,inf
3,hab_custom,1623,aleatorio,8.716104353760299,inf
3,hab_custom,1624,aleatorio,0.5550500379160166,inf
3,hab_custom,1625,aleatorio,2.201277983248597,inf
3,hab_custom,1626,aleatorio,6.0073062074432295,inf
3,hab_custom,1627,aleatorio,2.640552430770754,inf
3,hab_custom,1628,aleatorio,5.241362631690987,inf
3,hab_custom,1629,aleatorio,2.0189691979250677,inf
3,hab_custom,1630,aleatorio,1.0739656402852007,inf
3,hab_custom,1631,aleatorio,2.9393555396703226,inf
3,hab_custom,1632,aleatorio,1.3805181458044273,inf
3,hab_custom,1633,aleatorio,2.414164458795837,inf
3,hab_custom,1634,aleatorio,2.3520974588669303,inf
3,hab_custom,1635,aleatorio,2.836703360166694,inf
3,hab_custom,1636,aleatorio,2.492475370805596,inf
3,hab_custom,1637,aleatorio,2.6262195582440837,inf
3,hab_custom,1638,aleatorio,3.018309227452932,inf
3,hab_custom,1639,aleatorio,4.5237837751417915,inf
3,hab_custom,1640,aleatorio,0.6617535492870283,inf
3,hab_custom,1641,aleatorio,2.9927269768400238,inf
3,hab_custom,1642,aleatorio,1.2451450143147134,inf
3,hab_custom,1643,aleatorio,2.126285815477685,inf
3,hab_custom,1644,aleatorio,0.6873615435986327,inf
3,hab_custom,1645,aleatorio,9.226501809018181,inf
3,hab_custom,1646,aleatorio,2.8510662165557137,inf
3,hab_custom,1647,aleatorio,1.0815720141813276,inf
3,hab_custom,1648,aleatorio,1.5542614713436786,inf
3,hab_custom,1649,aleatorio,0.7513797347293222,inf
3,hab_custom,1650,aleatorio,0.5790960647947347,inf
3,hab_custom,1651,aleatorio,3.1229885412176057,inf
3,hab_custom,1652,aleatorio,0.8908563560448923,inf
3,hab_custom,1653,aleatorio,0.2388647857197089,inf
3,hab_custom,1654,aleatorio,2.4469170563412104,inf
3,hab_custom,1655,aleatorio,1.0712116365039204,inf
3,hab_custom,1656,aleatorio,5.926726318649179,inf
3,hab_custom,1657,aleatorio,6.132407046743996,inf
3,hab_custom,1658,aleatorio,1.6703320181840626,inf
3,hab_custom,1659,aleatorio,5.34236483239652,inf
3,hab_custom,1660,aleatorio,0.9764454146232547,inf
3,hab_custom,1661,aleatorio,2.8811687435946163,inf
3,hab_custom,1662,aleatorio,3.2345031546247824,inf
3,hab_custom,1663,aleatorio,1.904453602333263,inf
3,hab_custom,1664,aleatorio,0.21877934409401276,inf
3,hab_custom,1665,aleatorio,2.2160663938670524,inf
3,hab_custom,1666,aleatorio,7.500143194112601,inf
3,hab_custom,1667,aleatorio,3.908464856304441,inf
3,hab_custom,1668,aleatorio,3.3226214659718116,inf
3,hab_custom,1669,aleatorio,1.870273172909313,inf
3,hab_custom,1670,aleatorio,1.586251353058657,inf
3,hab_custom,1671,aleatorio,1.1231279814986332,inf
3,hab_custom,1672,aleatorio,4.033347889336177,inf
3,hab_custom,1673,aleatorio,1.6903957668801974,inf
3,hab_custom,1674,aleatorio,1.8436898319005597,inf
3,hab_custom,1675,aleatorio,5.071724704707089,inf
3,hab_custom,1676,aleatorio,2.3779795904473198,inf
3,hab_custom,1677,aleatorio,0.7901187671891309,inf
3,hab_custom,1678,aleatorio,8.382000022145452e-15,inf
3,hab_custom,1679,aleatorio,5.846464703157033,inf
3,hab_custom,1680,aleatorio,0.2696925186774608,inf
3,hab_custom,1681,aleatorio,6.26398731264814,inf
3,hab_custom,1682,aleatorio,2.6672116478447996,inf
3,hab_custom,1683,aleatorio,1.6611546534947912,inf
3,hab_custom,1684,aleatorio,2.6168588976232163,inf
3,hab_custom,1685,aleatorio,3.9882216336742844,inf
3,hab_custom,1686,aleatorio,1.0435588147250994,inf
3,hab_custom,1687,aleatorio,2.936381277923945,inf
3,hab_custom,1688,aleatorio,0.3748860606187721,inf
3,hab_custom,1689,aleatorio,3.3180750361781333,inf
3,hab_custom,1690,aleatorio,2.046417808451198,inf
3,hab_custom,1691,aleatorio,1.4089788695158578,inf
3,hab_custom,1692,aleatorio,3.84912897629868e-15,inf
3,hab_custom,1693,aleatorio,8.310624728454162,inf
3,hab_custom,1694,aleatorio,2.2156090902975896e-13,inf
3,hab_custom,1695,aleatorio,3.786949748320604,inf
3,hab_custom,1696,aleatorio,0.131912102103221,inf
3,hab_custom,1697,aleatorio,0.7273858820537514,inf
3,hab_custom,1698,aleatorio,8.143727452376206,inf
3,hab_custom,1699,aleatorio,0.7151160065446658,inf
3,hab_custom,1700,aleatorio,3.79262837072801,inf
3,hab_custom,1701,aleatorio,0.9538546965930816,inf
3,hab_custom,1702,aleatorio,5.364290213926589,inf
3,hab_custom,1703,aleatorio,2.9641470621236023,inf
3,hab_custom,1704,aleatorio,1.47054940146436,inf
3,hab_custom,1705,aleatorio,2.909412096637241,inf
3,hab_custom,1706,aleatorio,13.992184158677976,inf
3,hab_custom,1707,aleatorio,4.420776441678259,inf
3,hab_custom,1708,aleatorio,1.4692134802644383,inf
3,hab_custom,1709,aleatorio,1.7894036157445201,inf
3,hab_custom,1710,aleatorio,3.1695392843785304,inf
3,hab_custom,1711,aleatorio,0.30993798368831693,inf
3,hab_custom,1712,aleatorio,1.2184977300638706,inf
3,hab_custom,1713,aleatorio,3.9606128681896253,inf
3,hab_custom,1714,aleatorio,3.146491135877912,inf
3,hab_custom,1715,aleatorio,12.181065796630094,inf
3,hab_custom,1716,aleatorio,0.4256598585805066,inf
3,hab_custom,1717,aleatorio,4.100492255066923,inf
3,hab_custom,1718,aleatorio,2.49899087439349,inf
3,hab_custom,1719,aleatorio,6.835832548218616,inf
3,hab_custom,1720,aleatorio,6.386925644278882,inf
3,hab_custom,1721,aleatorio,1.318528768681384,inf
3,hab_custom,1722,aleatorio,1.037968309395629,inf
3,hab_custom,1723,aleatorio,4.086801975882309,inf
3,hab_custom,1724,aleatorio,0.832802384097292,inf
3,hab_custom,1725,aleatorio,2.4483827611524394,inf
3,hab_custom,1726,aleatorio,3.297263617293886,inf
3,hab_custom,1727,aleatorio,3.3897897507850914,inf
3,hab_custom,1728,aleatorio,1.421190668405112,inf
3,hab_custom,1729,aleatorio,1.5866223646164097,inf
3,hab_custom,1730,aleatorio,1.0518447697129405e-14,inf
3,hab_custom,1731,aleatorio,3.365346491899967,inf
3,hab_custom,1732,aleatorio,2.1386472851844425,inf
3,hab_custom,1733,aleatorio,0.47791718668167765,inf
3,hab_custom,1734,aleatorio,1.792254010372818,inf
3,hab_custom,1735,aleatorio,1.0781930665448087,inf
3,hab_custom,1736,aleatorio,3.751839416939842,inf
3,hab_custom,1737,aleatorio,0.08227544304417868,inf
3,hab_custom,1738,aleatorio,0.03816852543558844,inf
3,hab_custom,1739,aleatorio,2.1736851992407225,inf
3,hab_custom,1740,aleatorio,3.7641802745594313,inf
3,hab_custom,1741,aleatorio,0.06411336950340524,inf
3,hab_custom,1742,aleatorio,1.7984981268459999,inf
3,hab_custom,1743,aleatorio,2.060916498825162,inf
3,hab_custom,1744,aleatorio,1.2174240287984328,inf
3,hab_custom,1745,aleatorio,1.0290360570760875,inf
3,hab_custom,1746,aleatorio,2.6645352591003757e-15,inf
3,hab_custom,1747,aleatorio,0.9781490370897609,inf
3,hab_custom,1748,aleatorio,1.2466259690014008,inf
3,hab_custom,1749,aleatorio,2.6064212486854457,inf
3,hab_custom,1750,aleatorio,6.562105539111908,inf
3,hab_custom,1751,aleatorio,14.803435345390485,inf
3,hab_custom,1752,aleatorio,2.0011806488414208,inf
3,hab_custom,1753,aleatorio,4.382764321679127,inf
3,hab_custom,1754,aleatorio,2.527966418361095,inf
3,hab_custom,1755,aleatorio,2.772305825391565,inf
3,hab_custom,1756,aleatorio,2.816074191972645,inf
3,hab_custom,1757,aleatorio,1.6575593954333077,inf
3,hab_custom,1758,aleatorio,1.3136871943524615,inf
3,hab_custom,1759,aleatorio,1.1723974354610702,inf
3,hab_custom,1760,aleatorio,4.215423797936874,inf
3,hab_custom,1761,aleatorio,4.3318584223144105,inf
3,hab_custom,1762,aleatorio,4.836692119497468,inf
3,hab_custom,1763,aleatorio,2.8682330776092844,inf
3,hab_custom,1764,aleatorio,1.7806455749882044,inf
3,hab_custom,1765,aleatorio,4.720775989307735,inf
3,hab_custom,1766,aleatorio,0.6804650324169307,inf
3,hab_custom,1767,aleatorio,4.592307284228802,inf
3,hab_custom,1768,aleatorio,0.5749537016627508,inf
3,hab_custom,1769,aleatorio,1.871813509727704,inf
3,hab_custom,1770,aleatorio,5.262426292489222,inf
3,hab_custom,1771,aleatorio,2.841975972727711,inf
3,hab_custom,1772,aleatorio,1.648155439134114,inf
3,hab_custom,1773,aleatorio,1.0353924474619296,inf
3,hab_custom,1774,aleatorio,0.09888958918595209,inf
3,hab_custom,1775,aleatorio,0.9445819240884127,inf
3,hab_custom,1776,aleatorio,1.8586378310357499,inf
3,hab_custom,1777,aleatorio,3.1746537704713185,inf
3,hab_custom,1778,aleatorio,0.6762328115693623,inf
3,hab_custom,1779,aleatorio,0.7554111435260544,inf
3,hab_custom,1780,aleatorio,3.0928500436892143,inf
3,hab_custom,1781,aleatorio,5.937687510829039,inf
3,hab_custom,1782,aleatorio,0.4478592652843782,inf
3,hab_custom,1783,aleatorio,4.110689056512441,inf
3,hab_custom,1784,aleatorio,2.0891779447216083,inf
3,hab_custom,1785,aleatorio,4.106877032674429,inf
3,hab_custom,1786,aleatorio,1.184252632349009,inf
3,hab_custom,1787,aleatorio,2.0465167267279814,inf
3,hab_custom,1788,aleatorio,1.0346860500562702,inf
3,hab_custom,1789,aleatorio,1.6219618305831642,inf
3,hab_custom,1790,aleatorio,3.100436686536032,inf
3,hab_custom,1791,aleatorio,1.161613345224352,inf
3,hab_custom,1792,aleatorio,0.3642860907094511,inf
3,hab_custom,1793,aleatorio,4.4643206696715945,inf
3,hab_custom,1794,aleatorio,1.8849006018340058,inf
3,hab_custom,1795,aleatorio,0.791092140221039,inf
3,hab_custom,1796,aleatorio,0.8987893822293932,inf
3,hab_custom,1797,aleatorio,0.6229428841779832,inf
3,hab_custom,1798,aleatorio,1.3656840704060746,inf
3,hab_custom,1799,aleatorio,0.9058333108525711,inf
3,hab_custom,1800,aleatorio,1.5675086675531007,inf
3,hab_custom,1801,aleatorio,1.0171054463944684,inf
3,hab_custom,1802,aleatorio,1.966931186609069,inf
3,hab_custom,1803,aleatorio,2.822581953279392,inf
3,hab_custom,1804,aleatorio,0.3645339493577381,inf
3,hab_custom,1805,aleatorio,2.668223947167268,inf
3,hab_custom,1806,aleatorio,1.1238946345865561,inf
3,hab_custom,1807,aleatorio,2.887358782960613,inf
3,hab_custom,1808,aleatorio,2.811876044626406,inf
3,hab_custom,1809,aleatorio,1.9007839830929578,inf
3,hab_custom,1810,aleatorio,2.2068031486100015,inf
3,hab_custom,1811,aleatorio,1.8146938618387887,inf
3,hab_custom,1812,aleatorio,1.8847198172458883,inf
3,hab_custom,1813,aleatorio,2.7853607716863698,inf
3,hab_custom,1814,aleatorio,14.049423262663035,inf
3,hab_custom,1815,aleatorio,4.832585772204617,inf
3,hab_custom,1816,aleatorio,1.8589782233313639,inf
3,hab_custom,1817,aleatorio,0.8398052516718292,inf
3,hab_custom,1818,aleatorio,2.231009662912175,inf
3,hab_custom,1819,aleatorio,0.283743433823841,inf
3,hab_custom,1820,aleatorio,2.0724959683202937,inf
3,hab_custom,1821,aleatorio,4.056433439008889,inf
3,hab_custom,1822,aleatorio,5.707812648121843,inf
3,hab_custom,1823,aleatorio,0.9748283841856002,inf
3,hab_custom,1824,aleatorio,0.4190018275051103,inf
3,hab_custom,1825,aleatorio,0.8540373761009672,inf
3,hab_custom,1826,aleatorio,1.0660386448225085,inf
3,hab_custom,1827,aleatorio,4.122227802632303,inf
3,hab_custom,1828,aleatorio,0.4886081909808074,inf
3,hab_custom,1829,aleatorio,3.393190402945393,inf
3,hab_custom,1830,aleatorio,3.1398189379018087,inf
3,hab_custom,1831,aleatorio,1.5793377942942617,inf
3,hab_custom,1832,aleatorio,3.0252065129730314,inf
3,hab_custom,1833,aleatorio,5.29807104361015,inf
3,hab_custom,1834,aleatorio,4.186188748873254,inf
3,hab_custom,1835,aleatorio,2.7172993320103105,inf
3,hab_custom,1836,aleatorio,3.9727772611427152,inf
3,hab_custom,1837,aleatorio,1.1502949822397217,inf
3,hab_custom,1838,aleatorio,0.5979520073569405,inf
3,hab_custom,1839,aleatorio,3.7997197481023317,inf
3,hab_custom,1840,aleatorio,3.2646148895895823,inf
3,hab_custom,1841,aleatorio,0.16824496327558347,inf
3,hab_custom,1842,aleatorio,2.7108302209451858,inf
3,hab_custom,1843,aleatorio,4.592967754567269,inf
3,hab_custom,1844,aleatorio,0.9229120462883059,inf
3,hab_custom,1845,aleatorio,2.0036634519177845,inf
3,hab_custom,1846,aleatorio,4.0937981154143355,inf
3,hab_custom,1847,aleatorio,1.9589019664294165,inf
3,hab_custom,1848,aleatorio,2.1470147617099014,inf
3,hab_custom,1849,aleatorio,0.4523381117155854,inf
3,hab_custom,1850,aleatorio,0.08854290308594637,inf
3,hab_custom,1851,aleatorio,2.2295641374277215,inf
3,hab_custom,1852,aleatorio,3.053328141463762,inf
3,hab_custom,1853,aleatorio,2.5635819894983114,inf
3,hab_custom,1854,aleatorio,2.0260321559538483,inf
3,hab_custom,1855,aleatorio,2.2444105649132085,inf
3,hab_custom,1856,aleatorio,2.4305873028274867,inf
3,hab_custom,1857,aleatorio,3.1385617313556824,inf
3,hab_custom,1858,aleatorio,2.051325225964921,inf
3,hab_custom,1859,aleatorio,0.31751522910569535,inf
3,hab_custom,1860,aleatorio,0.8816995629163906,inf
3,hab_custom,1861,aleatorio,0.38832688247658087,inf
3,hab_custom,1862,aleatorio,11.598880867719727,inf
3,hab_custom,1863,aleatorio,1.2797860814414468,inf
3,hab_custom,1864,aleatorio,4.210186380575752,inf
3,hab_custom,1865,aleatorio,1.0137072622916217,inf
3,hab_custom,1866,aleatorio,2.0288615085893897,inf
3,hab_custom,1867,aleatorio,4.418321731262533,inf
3,hab_custom,1868,aleatorio,10.873942556891539,inf
3,hab_custom,1869,aleatorio,2.6463122684321565,inf
3,hab_custom,1870,aleatorio,2.820330995386013,inf
3,hab_custom,1871,aleatorio,3.0001703837947162,inf
3,hab_custom,1872,aleatorio,2.829351748817056,inf
3,hab_custom,1873,aleatorio,1.032105155920767,inf
3,hab_custom,1874,aleatorio,0.24458125065204342,inf
3,hab_custom,1875,aleatorio,0.9838060083343948,inf
3,hab_custom,1876,aleatorio,1.9328208844880832,inf
3,hab_custom,1877,aleatorio,2.3653710998694084,inf
3,hab_custom,1878,aleatorio,6.9005529477955655e-12,inf
3,hab_custom,1879,aleatorio,0.12031969763830641,inf
3,hab_custom,1880,aleatorio,5.0422804175539,inf
3,hab_custom,1881,aleatorio,1.731775107734743,inf
3,hab_custom,1882,aleatorio,2.9055059161065846,inf
3,hab_custom,1883,aleatorio,2.068746752728676,inf
3,hab_custom,1884,aleatorio,5.031671561324959,inf
3,hab_custom,1885,aleatorio,0.9550443964896962,inf
3,hab_custom,1886,aleatorio,6.518084838876827,inf
3,hab_custom,1887,aleatorio,0.9752977036468387,inf
3,hab_custom,1888,aleatorio,3.262674602966201,inf
3,hab_custom,1889,aleatorio,0.8894722718764545,inf
3,hab_custom,1890,aleatorio,1.3827043133392096,inf
3,hab_custom,1891,aleatorio,2.5390465840571945,inf
3,hab_custom,1892,aleatorio,6.9751043355557405,inf
3,hab_custom,1893,aleatorio,1.9784122594020248,inf
3,hab_custom,1894,aleatorio,0.913567523751969,inf
3,hab_custom,1895,aleatorio,0.5228453802201276,inf
3,hab_custom,1896,aleatorio,3.54352887297599,inf
3,hab_custom,1897,aleatorio,2.230054030263584,inf
3,hab_custom,1898,aleatorio,2.8276235686366404,inf
3,hab_custom,1899,aleatorio,1.5539570696549723,inf
3,hab_custom,1900,aleatorio,1.5195881649977987,inf
3,hab_custom,1901,aleatorio,1.8885569615441238,inf
3,hab_custom,1902,aleatorio,14.544545028540147,inf
3,hab_custom,1903,aleatorio,4.523036899303321,inf
3,hab_custom,1904,aleatorio,5.310207915501635,inf
3,hab_custom,1905,aleatorio,1.1373045545113984,inf
3,hab_custom,1906,aleatorio,0.053540652514880056,inf
3,hab_custom,1907,aleatorio,3.3982423010893954,inf
3,hab_custom,1908,aleatorio,2.5387936142691316,inf
3,hab_custom,1909,aleatorio,0.9528895650393199,inf
3,hab_custom,1910,aleatorio,0.9458487348410772,inf
3,hab_custom,1911,aleatorio,2.792528456313522,inf
3,hab_custom,1912,aleatorio,4.025833712881672,inf
3,hab_custom,1913,aleatorio,0.46727870549326833,inf
3,hab_custom,1914,aleatorio,1.4148328637214178,inf
3,hab_custom,1915,aleatorio,1.6672817540878282,inf
3,hab_custom,1916,aleatorio,2.903062078491138,inf
3,hab_custom,1917,aleatorio,2.0475680552639086,inf
3,hab_custom,1918,aleatorio,2.5537188734160536,inf
3,hab_custom,1919,aleatorio,0.6735201357945387,inf
3,hab_custom,1920,aleatorio,5.966335255562444,inf
3,hab_custom,1921,aleatorio,0.3814931685147395,inf
3,hab_custom,1922,aleatorio,1.1346978842205016,inf
3,hab_custom,1923,aleatorio,0.25320759224667677,inf
3,hab_custom,1924,aleatorio,0.5049908932577083,inf
3,hab_custom,1925,aleatorio,10.174725322880818,inf
3,hab_custom,1926,aleatorio,1.2997711953410174,inf
3,hab_custom,1927,aleatorio,6.01104982903692,inf
3,hab_custom,1928,aleatorio,4.848981930392976,inf
3,hab_custom,1929,aleatorio,1.015531685728672,inf
3,hab_custom,1930,aleatorio,4.323244578975367,inf
3,hab_custom,1931,aleatorio,1.7822253836103255,inf
3,hab_custom,1932,aleatorio,1.4189064200080328,inf
3,hab_custom,1933,aleatorio,3.6135453812226914,inf
3,hab_custom,1934,aleatorio,1.4496999672521398,inf
3,hab_custom,1935,aleatorio,3.6404146834489173,inf
3,hab_custom,1936,aleatorio,0.47752905173794885,inf
3,hab_custom,1937,aleatorio,5.352150186685534e-15,inf
3,hab_custom,1938,aleatorio,0.07737885260900973,inf
3,hab_custom,1939,aleatorio,0.7963197805365414,inf
3,hab_custom,1940,aleatorio,1.858266967042364,inf
3,hab_custom,1941,aleatorio,2.345705458368894,inf
3,hab_custom,1942,aleatorio,0.11978490382429717,inf
3,hab_custom,1943,aleatorio,1.7074062893130384,inf
3,hab_custom,1944,aleatorio,1.7045748595465409,inf
3,hab_custom,1945,aleatorio,0.45351581396077606,inf
3,hab_custom,1946,aleatorio,0.6570312921442057,inf
3,hab_custom,1947,aleatorio,2.325955981272649,inf
3,hab_custom,1948,aleatorio,2.3145114682594357,inf
3,hab_custom,1949,aleatorio,0.909472033523915,inf
3,hab_custom,1950,aleatorio,3.356964082695689,inf
3,hab_custom,1951,aleatorio,13.422254335874904,inf
3,hab_custom,1952,aleatorio,0.5167405221026543,inf
3,hab_custom,1953,aleatorio,0.36279377309785477,inf
3,hab_custom,1954,aleatorio,1.831354592766954,inf
3,hab_custom,1955,aleatorio,14.442404657684468,inf
3,hab_custom,1956,aleatorio,1.006504225146141,inf
3,hab_custom,1957,aleatorio,0.5469232947106074,inf
3,hab_custom,1958,aleatorio,0.8908483037175197,inf
3,hab_custom,1959,aleatorio,0.23708740644862586,inf
3,hab_custom,1960,aleatorio,3.8096298770492343,inf
3,hab_custom,1961,aleatorio,0.9476841195544516,inf
3,hab_custom,1962,aleatorio,0.35780963442629504,inf
3,hab_custom,1963,aleatorio,4.459834197646606,inf
3,hab_custom,1964,aleatorio,0.7235421847434876,inf
3,hab_custom,1965,aleatorio,3.01359202407988,inf
3,hab_custom,1966,aleatorio,2.1434166911152857,inf
3,hab_custom,1967,aleatorio,4.43727856068544,inf
3,hab_custom,1968,aleatorio,1.0961683098428185,inf
3,hab_custom,1969,aleatorio,1.8154559034067144,inf
3,hab_custom,1970,aleatorio,1.8716693015561332,inf
3,hab_custom,1971,aleatorio,1.6292342150432244,inf
3,hab_custom,1972,aleatorio,3.3987061796165468,inf
3,hab_custom,1973,aleatorio,1.2140350492331264,inf
3,hab_custom,1974,aleatorio,1.1811374527626763,inf
3,hab_custom,1975,aleatorio,3.6970104065833316,inf
3,hab_custom,1976,aleatorio,2.6526710706346845,inf
3,hab_custom,1977,aleatorio,1.3915463574620668,inf
3,hab_custom,1978,aleatorio,3.0672494247172293,inf
3,hab_custom,1979,aleatorio,0.9057482580930838,inf
3,hab_custom,1980,aleatorio,0.5360849126804574,inf
3,hab_custom,1981,aleatorio,15.02743941382093,inf
3,hab_custom,1982,aleatorio,1.4931407791879285,inf
3,hab_custom,1983,aleatorio,13.992434803129582,inf
3,hab_custom,1984,aleatorio,2.726423123376757,inf
3,hab_custom,1985,aleatorio,2.05538748426919,inf
3,hab_custom,1986,aleatorio,0.7365814909890468,inf
3,hab_custom,1987,aleatorio,2.339286657613458,inf
3,hab_custom,1988,aleatorio,5.763032669341707,inf
3,hab_custom,1989,aleatorio,0.17643237763477038,inf
3,hab_custom,1990,aleatorio,1.903767852254018,inf
3,hab_custom,1991,aleatorio,2.439197051437456,inf
3,hab_custom,1992,aleatorio,1.62697230582032,inf
3,hab_custom,1993,aleatorio,1.107447945465557,inf
3,hab_custom,1994,aleatorio,0.24531656777495733,inf
3,hab_custom,1995,aleatorio,0.7670377777332094,inf
3,hab_custom,1996,aleatorio,0.15631543132440914,inf
3,hab_custom,1997,aleatorio,0.37291948466619707,inf
3,hab_custom,1998,aleatorio,5.535906567940734,inf
3,hab_custom,1999,aleatorio,3.816032503532132,inf
3,hab_custom,2000,aleatorio,1.7785653679087892,inf
3,hab_custom,2001,aleatorio,1.7140019623203135,inf
3,hab_custom,2002,aleatorio,1.259821927603416,inf
3,hab_custom,2003,aleatorio,0.7856004936875751,inf
3,hab_custom,2004,aleatorio,2.5554849208317116,inf
3,hab_custom,2005,aleatorio,2.205999420093905,inf
3,hab_custom,2006,aleatorio,1.380525078485254,inf
3,hab_custom,2007,aleatorio,0.45653040539239786,inf
3,hab_custom,2008,aleatorio,0.42617633208621913,inf
3,hab_custom,2009,aleatorio,2.108918759233891,inf
3,hab_custom,2010,aleatorio,3.5427743012444637,inf
3,hab_custom,2011,aleatorio,1.7550220637345382,inf
3,hab_custom,2012,aleatorio,1.1785006483555867,inf
3,hab_custom,2013,aleatorio,0.560092042684069,inf
3,hab_custom,2014,aleatorio,3.102215950084434,inf
3,hab_custom,2015,aleatorio,2.765274785749126,inf
3,hab_custom,2016,aleatorio,3.5089175732774747,inf
3,hab_custom,2017,aleatorio,2.6051864484720397,inf
3,hab_custom,2018,aleatorio,3.952316040944721,inf
3,hab_custom,2019,aleatorio,15.611282276444765,inf
3,hab_custom,2020,aleatorio,1.545815444421165,inf
3,hab_custom,2021,aleatorio,3.09963618003017,inf
3,hab_custom,2022,aleatorio,2.4633264059164826,inf
3,hab_custom,2023,aleatorio,0.607728644933659,inf
3,hab_custom,2024,aleatorio,1.9325387120430535,inf
3,hab_custom,2025,aleatorio,0.004606897882255799,inf
3,hab_custom,2026,aleatorio,2.5054211320216475,inf
3,hab_custom,2027,aleatorio,1.6083043064179552,inf
3,hab_custom,2028,aleatorio,1.932861436492407,inf
3,hab_custom,2029,aleatorio,1.3666727873034892,inf
3,hab_custom,2030,aleatorio,9.869402801758824,inf
3,hab_custom,2031,aleatorio,1.3991383114985,inf
3,hab_custom,2032,aleatorio,2.668692163334015,inf
3,hab_custom,2033,aleatorio,1.961717069219473,inf
3,hab_custom,2034,aleatorio,0.39206760873033736,inf
3,hab_custom,2035,aleatorio,1.3860188733282264,inf
3,hab_custom,2036,aleatorio,0.44402311221076446,inf
3,hab_custom,2037,aleatorio,6.8335186659239895,inf
3,hab_custom,2038,aleatorio,2.4528426726065025,inf
3,hab_custom,2039,aleatorio,1.1167901910435853,inf
3,hab_custom,2040,aleatorio,2.047994491127616,inf
3,hab_custom,2041,aleatorio,2.8851885639774264,inf
3,hab_custom,2042,aleatorio,1.1662594598008604,inf
3,hab_custom,2043,aleatorio,1.37803123286136,inf
3,hab_custom,2044,aleatorio,0.6633626336253963,inf
3,hab_custom,2045,aleatorio,2.984162132369012,inf
3,hab_custom,2046,aleatorio,0.6988059403762965,inf
3,hab_custom,2047,aleatorio,1.597312906266527,inf
3,hab_custom,2048,aleatorio,3.5711363047455977,inf
3,hab_custom,2049,aleatorio,1.992372993252813,inf
3,hab_custom,2050,aleatorio,1.3793871809114209,inf
3,hab_custom,2051,aleatorio,0.7546330402390511,inf
3,hab_custom,2052,aleatorio,3.7895972977799137,inf
3,hab_custom,2053,aleatorio,1.808426164650234,inf
3,hab_custom,2054,aleatorio,0.6920360348467446,inf
3,hab_custom,2055,aleatorio,1.7921120348748458,inf
3,hab_custom,2056,aleatorio,2.385134634742415,inf
3,hab_custom,2057,aleatorio,1.6286832132826465,inf
3,hab_custom,2058,aleatorio,3.310577129143506,inf
3,hab_custom,2059,aleatorio,5.017651856831858,inf
3,hab_custom,2060,aleatorio,2.379351425092767,inf
3,hab_custom,2061,aleatorio,2.370595514299248,inf
3,hab_custom,2062,aleatorio,0.5195261286782807,inf
3,hab_custom,2063,aleatorio,0.7723615027012058,inf
3,hab_custom,2064,aleatorio,0.25410330948376303,inf
3,hab_custom,2065,aleatorio,2.206533024180725,inf
3,hab_custom,2066,aleatorio,3.0063565591246046,inf
3,hab_custom,2067,aleatorio,1.4168760776350389,inf
3,hab_custom,2068,aleatorio,1.84519578577048,inf
3,hab_custom,2069,aleatorio,3.415748389689351,inf
3,hab_custom,2070,aleatorio,1.4166528639701086,inf
3,hab_custom,2071,aleatorio,0.3978212538864263,inf
3,hab_custom,2072,aleatorio,2.2129930658873813,inf
3,hab_custom,2073,aleatorio,1.343098090731403,inf
3,hab_custom,2074,aleatorio,2.3781932404329935,inf
3,hab_custom,2075,aleatorio,1.8565209926870974,inf
3,hab_custom,2076,aleatorio,1.5508194971096076,inf
3,hab_custom,2077,aleatorio,1.6775057924651615,inf
3,hab_custom,2078,aleatorio,2.2644195468014703e-15,inf
3,hab_custom,2079,aleatorio,0.18258516000087058,inf
3,hab_custom,2080,aleatorio,2.468663839099338,inf
3,hab_custom,2081,aleatorio,1.8670199555937925,inf
3,hab_custom,2082,aleatorio,2.339671795737687,inf
3,hab_custom,2083,aleatorio,0.3750695531063727,inf
3,hab_custom,2084,aleatorio,14.850998937025594,inf
3,hab_custom,2085,aleatorio,4.376329990786335,inf
3,hab_custom,2086,aleatorio,1.2511829745694876,inf
3,hab_custom,2087,aleatorio,2.6201514501522043,inf
3,hab_custom,2088,aleatorio,0.9887718728673024,inf
3,hab_custom,2089,aleatorio,2.7379194854434608,inf
3,hab_custom,2090,aleatorio,4.315997265960185,inf
3,hab_custom,2091,aleatorio,0.9299763248324163,inf
3,hab_custom,2092,aleatorio,5.530178421432298,inf
3,hab_custom,2093,aleatorio,1.1900811890833585,inf
3,hab_custom,2094,aleatorio,2.779975733594317,inf
3,hab_custom,2095,aleatorio,6.070850259369071,inf
3,hab_custom,2096,aleatorio,0.4673293026587317,inf
3,hab_custom,2097,aleatorio,2.7493209299889108,inf
3,hab_custom,2098,aleatorio,3.01563661314069,inf
3,hab_custom,2099,aleatorio,5.4576638798948265,inf
3,hab_custom,2100,aleatorio,1.5279844957247097,inf
3,hab_custom,2101,aleatorio,0.7273913347953694,inf
3,hab_custom,2102,aleatorio,0.06662004158657715,inf
3,hab_custom,2103,aleatorio,3.1661041045422227,inf
3,hab_custom,2104,aleatorio,0.2610398654872001,inf
3,hab_custom,2105,aleatorio,5.7533287304645055,inf
3,hab_custom,2106,aleatorio,3.113817804748803,inf
3,hab_custom,2107,aleatorio,4.78554749717027,inf
3,hab_custom,2108,aleatorio,1.4178806654507965,inf
3,hab_custom,2109,aleatorio,2.524846696993705,inf
3,hab_custom,2110,aleatorio,2.1880919274684936,inf
3,hab_custom,2111,aleatorio,4.725576178250859,inf
3,hab_custom,2112,aleatorio,2.946627244881364,inf
3,hab_custom,2113,aleatorio,0.529336996853931,inf
3,hab_custom,2114,aleatorio,1.2230137253964153,inf
3,hab_custom,2115,aleatorio,3.6326224586285556,inf
3,hab_custom,2116,aleatorio,0.07703844120089685,inf
3,hab_custom,2117,aleatorio,1.5664120832136623,inf
3,hab_custom,2118,aleatorio,8.771085925708139,inf
3,hab_custom,2119,aleatorio,0.7134398902039253,inf
3,hab_custom,2120,aleatorio,0.699368130568023,inf
3,hab_custom,2121,aleatorio,5.863317425428265,inf
3,hab_custom,2122,aleatorio,1.643500629923142,inf
3,hab_custom,2123,aleatorio,3.58706050986816,inf
3,hab_custom,2124,aleatorio,1.4319214462509262,inf
3,hab_custom,2125,aleatorio,1.350874225875172,inf
3,hab_custom,2126,aleatorio,2.9558516544339164,inf
3,hab_custom,2127,aleatorio,3.4922612787433702,inf
3,hab_custom,2128,aleatorio,4.272061265981537,inf
3,hab_custom,2129,aleatorio,1.6708943533969998,inf
3,hab_custom,2130,aleatorio,4.7590651185658635,inf
3,hab_custom,2131,aleatorio,0.2092445792441675,inf
3,hab_custom,2132,aleatorio,0.9788096015501522,inf
3,hab_custom,2133,aleatorio,0.746503726801712,inf
3,hab_custom,2134,aleatorio,5.675388135135224,inf
3,hab_custom,2135,aleatorio,1.196753520711685,inf
3,hab_custom,2136,aleatorio,6.815339920565452,inf
3,hab_custom,2137,aleatorio,5.499214784472062,inf
3,hab_custom,2138,aleatorio,3.374437986519052,inf
3,hab_custom,2139,aleatorio,1.5225452829619432,inf
3,hab_custom,2140,aleatorio,1.7578638338437302,inf
3,hab_custom,2141,aleatorio,5.037496664422043,inf
3,hab_custom,2142,aleatorio,2.3112992970801267,inf
3,hab_custom,2143,aleatorio,0.7003159532262779,inf
3,hab_custom,2144,aleatorio,1.7294533691524807,inf
3,hab_custom,2145,aleatorio,1.1528977647143597,inf
3,hab_custom,2146,aleatorio,4.0425682339326645,inf
3,hab_custom,2147,aleatorio,1.8603971234431365,inf
3,hab_custom,2148,aleatorio,3.853194864548517,inf
3,hab_custom,2149,aleatorio,4.582775018342011,inf
3,hab_custom,2150,aleatorio,5.612220788131425,inf
3,hab_custom,2151,aleatorio,0.7793811839898402,inf
3,hab_custom,2152,aleatorio,0.7331081444533577,inf
3,hab_custom,2153,aleatorio,3.143776297502897,inf
3,hab_custom,2154,aleatorio,1.620484113888834,inf
3,hab_custom,2155,aleatorio,1.703926968337728,inf
3,hab_custom,2156,aleatorio,1.2075803322334486,inf
3,hab_custom,2157,aleatorio,2.8889553137160675,inf
3,hab_custom,2158,aleatorio,3.3811298262770593,inf
3,hab_custom,2159,aleatorio,0.9379563161992802,inf
3,hab_custom,2160,aleatorio,2.2011728330152427,inf
3,hab_custom,2161,aleatorio,1.3644758233852672,inf
3,hab_custom,2162,aleatorio,0.7484897599921131,inf
3,hab_custom,2163,aleatorio,2.1721526722602245,inf
3,hab_custom,2164,aleatorio,1.0356502692650404,inf
3,hab_custom,2165,aleatorio,1.556260206016,inf
3,hab_custom,2166,aleatorio,3.186138040305659,inf
3,hab_custom,2167,aleatorio,0.427816399984868,inf
3,hab_custom,2168,aleatorio,0.07717289571134207,inf
3,hab_custom,2169,aleatorio,2.7390092947028224,inf
3,hab_custom,2170,aleatorio,2.484837603703374,inf
3,hab_custom,2171,aleatorio,2.5992099893155367,inf
3,hab_custom,2172,aleatorio,2.3998283931811337,inf
3,hab_custom,2173,aleatorio,1.1416051326649161,inf
3,hab_custom,2174,aleatorio,0.2757665512397038,inf
3,hab_custom,2175,aleatorio,0.8914663515528447,inf
3,hab_custom,2176,aleatorio,3.514749851216754,inf
3,hab_custom,2177,aleatorio,0.3570134500220352,inf
3,hab_custom,2178,aleatorio,2.6846311062429087,inf
3,hab_custom,2179,aleatorio,0.38699256468284765,inf
3,hab_custom,2180,aleatorio,2.5407727201859567,inf
3,hab_custom,2181,aleatorio,1.257594277983349,inf
3,hab_custom,2182,aleatorio,2.538753756956928,inf
3,hab_custom,2183,aleatorio,2.156216784235821,inf
3,hab_custom,2184,aleatorio,4.175348007969231,inf
3,hab_custom,2185,aleatorio,3.1308129995606873,inf
3,hab_custom,2186,aleatorio,2.3130265192817068,inf
3,hab_custom,2187,aleatorio,1.5672115879168558,inf
3,hab_custom,2188,aleatorio,1.6562656254040264,inf
3,hab_custom,2189,aleatorio,2.0742175889664187,inf
3,hab_custom,2190,aleatorio,0.4387160944967237,inf
3,hab_custom,2191,aleatorio,4.794419220267504,inf
3,hab_custom,2192,aleatorio,1.2259635817506924,inf
3,hab_custom,2193,aleatorio,1.420135834444562,inf
3,hab_custom,2194,aleatorio,2.194850274021311,inf
3,hab_custom,2195,aleatorio,1.9432607511855204,inf
3,hab_custom,2196,aleatorio,2.2382726597108507,inf
3,hab_custom,2197,aleatorio,2.8309147776189745,inf
3,hab_custom,2198,aleatorio,4.8037154023476045,inf
3,hab_custom,2199,aleatorio,2.8215373839535647,inf
3,hab_custom,2200,aleatorio,1.1765528931243403,inf
3,hab_custom,2201,aleatorio,3.371645748909062,inf
3,hab_custom,2202,aleatorio,3.724910197828067,inf
3,hab_custom,2203,aleatorio,3.486360974719937,inf
3,hab_custom,2204,aleatorio,8.122962494443911,inf
3,hab_custom,2205,aleatorio,4.620662099443318,inf
3,hab_custom,2206,aleatorio,0.7302394041526773,inf
3,hab_custom,2207,aleatorio,1.0427070719007976,inf
3,hab_custom,2208,aleatorio,0.1868850652104172,inf
3,hab_custom,2209,aleatorio,3.1904953771069597,inf
3,hab_custom,2210,aleatorio,0.10886313296283852,inf
3,hab_custom,2211,aleatorio,12.789142880576568,inf
3,hab_custom,2212,aleatorio,6.315731081519652,inf
3,hab_custom,2213,aleatorio,2.3889138908241683,inf
3,hab_custom,2214,aleatorio,2.8605860903766787,inf
3,hab_custom,2215,aleatorio,0.5304530594776812,inf
3,hab_custom,2216,aleatorio,2.1378216646600343,inf
3,hab_custom,2217,aleatorio,3.22955266967821,inf
3,hab_custom,2218,aleatorio,3.3521637473723813,inf
3,hab_custom,2219,aleatorio,4.735245878624764,inf
3,hab_custom,2220,aleatorio,0.7845595951227653,inf
3,hab_custom,2221,aleatorio,2.6735215734040496,inf
3,hab_custom,2222,aleatorio,0.9242095351334184,inf
3,hab_custom,2223,aleatorio,0.8211958228487289,inf
3,hab_custom,2224,aleatorio,3.3356214607243575,inf
3,hab_custom,2225,aleatorio,1.666904027731248,inf
3,hab_custom,2226,aleatorio,1.2342696082296858,inf
3,hab_custom,2227,aleatorio,1.2028249645088025,inf
3,hab_custom,2228,aleatorio,4.051131012351362,inf
3,hab_custom,2229,aleatorio,4.3186673879276,inf
3,hab_custom,2230,aleatorio,4.836199969892655,inf
3,hab_custom,2231,aleatorio,2.6021080191643717,inf
3,hab_custom,2232,aleatorio,1.2531322456791263,inf
3,hab_custom,2233,aleatorio,3.3416779945606696,inf
3,hab_custom,2234,aleatorio,0.2707451102101535,inf
3,hab_custom,2235,aleatorio,1.380744115176098,inf
3,hab_custom,2236,aleatorio,0.8873430713574282,inf
3,hab_custom,2237,aleatorio,4.297777546552609,inf
3,hab_custom,2238,aleatorio,1.351759091309319,inf
3,hab_custom,2239,aleatorio,2.2275802812826164,inf
3,hab_custom,2240,aleatorio,2.478936712049849,inf
3,hab_custom,2241,aleatorio,2.602895286355965,inf
3,hab_custom,2242,aleatorio,3.680711550752558,inf
3,hab_custom,2243,aleatorio,1.2868566655351048,inf
3,hab_custom,2244,aleatorio,1.4160293471084602,inf
3,hab_custom,2245,aleatorio,3.089138705949364,inf
3,hab_custom,2246,aleatorio,0.8588518952104301,inf
3,hab_custom,2247,aleatorio,2.806928850979788,inf
3,hab_custom,2248,aleatorio,2.42533667952221,inf
3,hab_custom,2249,aleatorio,2.195392246340392,inf
3,hab_custom,2250,aleatorio,1.138164376684632,inf
3,hab_custom,2251,aleatorio,1.5604613526508015e-11,inf
3,hab_custom,2252,aleatorio,2.2950816037087214,inf
3,hab_custom,2253,aleatorio,1.0553949830839708,inf
3,hab_custom,2254,aleatorio,0.3402541992299277,inf
3,hab_custom,2255,aleatorio,1.7226269435175494,inf
3,hab_custom,2256,aleatorio,0.046500887911699235,inf
3,hab_custom,2257,aleatorio,2.5379315735650425,inf
3,hab_custom,2258,aleatorio,3.8367154997208734,inf
3,hab_custom,2259,aleatorio,2.273506755427244,inf
3,hab_custom,2260,aleatorio,0.38149247251236096,inf
3,hab_custom,2261,aleatorio,3.897924090701642,inf
3,hab_custom,2262,aleatorio,1.6488909639916627,inf
3,hab_custom,2263,aleatorio,1.8187098142358924,inf
3,hab_custom,2264,aleatorio,3.368466420904824,inf
3,hab_custom,2265,aleatorio,2.2284730778891713,inf
3,hab_custom,2266,aleatorio,2.6645352591003757e-15,inf
3,hab_custom,2267,aleatorio,0.5112120880373038,inf
3,hab_custom,2268,aleatorio,3.352800008858181e-15,inf
3,hab_custom,2269,aleatorio,4.1745552259617655,inf
3,hab_custom,2270,aleatorio,3.877992893349601,inf
3,hab_custom,2271,aleatorio,5.232794747200361,inf
3,hab_custom,2272,aleatorio,1.4187634267629077,inf
3,hab_custom,2273,aleatorio,3.2676660259411365,inf
3,hab_custom,2274,aleatorio,2.0034110886267533,inf
3,hab_custom,2275,aleatorio,1.6057684746586631,inf
3,hab_custom,2276,aleatorio,6.4742040281015205,inf
3,hab_custom,2277,aleatorio,1.39195780520723,inf
3,hab_custom,2278,aleatorio,4.136907235842091,inf
3,hab_custom,2279,aleatorio,0.12671453987787012,inf
3,hab_custom,2280,aleatorio,6.458887496929755,inf
3,hab_custom,2281,aleatorio,1.7592834765149776,inf
3,hab_custom,2282,aleatorio,14.271774725955758,inf
3,hab_custom,2283,aleatorio,3.152248858023216,inf
3,hab_custom,2284,aleatorio,1.67071182185646,inf
3,hab_custom,2285,aleatorio,5.231010972777177,inf
3,hab_custom,2286,aleatorio,0.2746441873619782,inf
3,hab_custom,2287,aleatorio,2.7827457303138616,inf
3,hab_custom,2288,aleatorio,2.0015563505921907,inf
3,hab_custom,2289,aleatorio,2.0105153995146963,inf
3,hab_custom,2290,aleatorio,3.767392102599146,inf
3,hab_custom,2291,aleatorio,3.876323211282328,inf
3,hab_custom,2292,aleatorio,2.1156643814100518,inf
3,hab_custom,2293,aleatorio,0.7783927214017505,inf
3,hab_custom,2294,aleatorio,2.907949061816201,inf
3,hab_custom,2295,aleatorio,2.698071206794899,inf
3,hab_custom,2296,aleatorio,2.1521427368465766,inf
3,hab_custom,2297,aleatorio,3.409016333997485,inf
3,hab_custom,2298,aleatorio,1.9881240117962016,inf
3,hab_custom,2299,aleatorio,1.39800508080145,inf
3,hab_custom,2300,aleatorio,1.3935612215295705,inf
3,hab_custom,2301,aleatorio,3.005558793035771,inf
3,hab_custom,2302,aleatorio,1.912783572421409,inf
3,hab_custom,2303,aleatorio,2.575612861789446,inf
3,hab_custom,2304,aleatorio,2.5115377236530403,inf
3,hab_custom,2305,aleatorio,3.4927414239175785,inf
3,hab_custom,2306,aleatorio,3.698940159260862,inf
3,hab_custom,2307,aleatorio,2.2836530658772367,inf
3,hab_custom,2308,aleatorio,2.4861064322362845e-14,inf
3,hab_custom,2309,aleatorio,3.6123122389949787,inf
3,hab_custom,2310,aleatorio,1.172876932345286e-13,inf
3,hab_custom,2311,aleatorio,4.22275653168314,inf
3,hab_custom,2312,aleatorio,1.464941107467522,inf
3,hab_custom,2313,aleatorio,1.3397877331974735,inf
3,hab_custom,2314,aleatorio,0.7308832363780136,inf
3,hab_custom,2315,aleatorio,6.531869315393257,inf
3,hab_custom,2316,aleatorio,1.453893231655782,inf
3,hab_custom,2317,aleatorio,3.752422660495633,inf
3,hab_custom,2318,aleatorio,3.0946804897063944,inf
3,hab_custom,2319,aleatorio,1.6094656561598277,inf
3,hab_custom,2320,aleatorio,0.8827362064260673,inf
3,hab_custom,2321,aleatorio,1.7985733182901922,inf
3,hab_custom,2322,aleatorio,0.3952740995334174,inf
3,hab_custom,2323,aleatorio,2.074277645070989,inf
3,hab_custom,2324,aleatorio,0.7735528318178424,inf
3,hab_custom,2325,aleatorio,4.288156002441741,inf
3,hab_custom,2326,aleatorio,3.212975592749061,inf
3,hab_custom,2327,aleatorio,1.2993632574900278,inf
3,hab_custom,2328,aleatorio,5.71264721650875,inf
3,hab_custom,2329,aleatorio,3.187110288671714,inf
3,hab_custom,2330,aleatorio,1.9078184556376863,inf
3,hab_custom,2331,aleatorio,4.341761974727289,inf
3,hab_custom,2332,aleatorio,3.8428527974386704,inf
3,hab_custom,2333,aleatorio,8.741494611198712,inf
3,hab_custom,2334,aleatorio,2.020969457165543,inf
3,hab_custom,2335,aleatorio,3.7241448274074336,inf
3,hab_custom,2336,aleatorio,1.0011242524272526,inf
3,hab_custom,2337,aleatorio,2.4291031323137884,inf
3,hab_custom,2338,aleatorio,0.676200923463882,inf
3,hab_custom,2339,aleatorio,1.2041751275361725,inf
3,hab_custom,2340,aleatorio,1.5536323234635279,inf
3,hab_custom,2341,aleatorio,1.6605022203842819,inf
3,hab_custom,2342,aleatorio,2.5639249998686178,inf
3,hab_custom,2343,aleatorio,5.227723733914096,inf
3,hab_custom,2344,aleatorio,4.402248718149568,inf
3,hab_custom,2345,aleatorio,1.3713178875554723,inf
3,hab_custom,2346,aleatorio,0.3858455819163188,inf
3,hab_custom,2347,aleatorio,0.49863646642788323,inf
3,hab_custom,2348,aleatorio,1.8477828980143016,inf
3,hab_custom,2349,aleatorio,1.898340131324974,inf
3,hab_custom,2350,aleatorio,4.361555009682791,inf
3,hab_custom,2351,aleatorio,2.2620364095331937,inf
3,hab_custom,2352,aleatorio,0.34044641063641656,inf
3,hab_custom,2353,aleatorio,5.501335076053077,inf
3,hab_custom,2354,aleatorio,2.262695864966695,inf
3,hab_custom,2355,aleatorio,1.2921788773906286,inf
3,hab_custom,2356,aleatorio,1.453676299634361,inf
3,hab_custom,2357,aleatorio,5.972029698980668,inf
3,hab_custom,2358,aleatorio,1.0600720066842828,inf
3,hab_custom,2359,aleatorio,4.508215600038193,inf
3,hab_custom,2360,aleatorio,7.830619479928838,inf
3,hab_custom,2361,aleatorio,2.5631800815505676,inf
3,hab_custom,2362,aleatorio,2.4159492849347277,inf
3,hab_custom,2363,aleatorio,3.404469549102996,inf
3,hab_custom,2364,aleatorio,1.341438850911879,inf
3,hab_custom,2365,aleatorio,1.0876645822904918,inf
3,hab_custom,2366,aleatorio,14.513102570606707,inf
3,hab_custom,2367,aleatorio,0.8734438923691974,inf
3,hab_custom,2368,aleatorio,2.1462024687915466,inf
3,hab_custom,2369,aleatorio,0.6576040469506982,inf
3,hab_custom,2370,aleatorio,5.4673927914596,inf
3,hab_custom,2371,aleatorio,1.2756201604789101,inf
3,hab_custom,2372,aleatorio,0.4945618259809595,inf
3,hab_custom,2373,aleatorio,1.911625456897198,inf
3,hab_custom,2374,aleatorio,2.9342373511573916,inf
3,hab_custom,2375,aleatorio,0.8750051743550425,inf
3,hab_custom,2376,aleatorio,4.35991863193654,inf
3,hab_custom,2377,aleatorio,1.243385513910921,inf
3,hab_custom,2378,aleatorio,1.7683921311962503,inf
3,hab_custom,2379,aleatorio,3.595768454622782,inf
3,hab_custom,2380,aleatorio,1.1048709224917543,inf
3,hab_custom,2381,aleatorio,1.0688286266034615,inf
3,hab_custom,2382,aleatorio,2.8044632238215916,inf
3,hab_custom,2383,aleatorio,4.918702323994678,inf
3,hab_custom,2384,aleatorio,1.6752149088038149,inf
3,hab_custom,2385,aleatorio,1.6000396861576704,inf
3,hab_custom,2386,aleatorio,1.4885274916797806,inf
3,hab_custom,2387,aleatorio,1.8408950218567377,inf
3,hab_custom,2388,aleatorio,3.6357279055137184,inf
3,hab_custom,2389,aleatorio,3.304562978628606,inf
3,hab_custom,2390,aleatorio,1.6212803428223725,inf
3,hab_custom,2391,aleatorio,2.480953222522874,inf
3,hab_custom,2392,aleatorio,3.4340302688650923,inf
3,hab_custom,2393,aleatorio,5.975004508712987,inf
3,hab_custom,2394,aleatorio,3.7632707077032888,inf
3,hab_custom,2395,aleatorio,1.0079082376800943,inf
3,hab_custom,2396,aleatorio,0.5951565363750113,inf
3,hab_custom,2397,aleatorio,6.0684951353307435,inf
3,hab_custom,2398,aleatorio,3.370292947193829,inf
3,hab_custom,2399,aleatorio,0.35603735080100485,inf
3,hab_custom,2400,aleatorio,0.17953746651937105,inf
3,hab_custom,2401,aleatorio,1.1344930029964917,inf
3,hab_custom,2402,aleatorio,1.5909810609188526,inf
3,hab_custom,2403,aleatorio,2.7047535001520018e-05,inf
3,hab_custom,2404,aleatorio,4.158739594399779,inf
3,hab_custom,2405,aleatorio,3.5836691461659815,inf
3,hab_custom,2406,aleatorio,0.8860782374577006,inf
3,hab_custom,2407,aleatorio,0.15678667827408332,inf
3,hab_custom,2408,aleatorio,2.8303930106477964,inf
3,hab_custom,2409,aleatorio,1.8890415414420596,inf
3,hab_custom,2410,aleatorio,1.5995627071814107,inf
3,hab_custom,2411,aleatorio,3.7297612005350795,inf
3,hab_custom,2412,aleatorio,4.981854820435834,inf
3,hab_custom,2413,aleatorio,5.312425407387258,inf
3,hab_custom,2414,aleatorio,1.940745255347433,inf
3,hab_custom,2415,aleatorio,1.128357223153762,inf
3,hab_custom,2416,aleatorio,4.730212386422586,inf
3,hab_custom,2417,aleatorio,0.6038306958702107,inf
3,hab_custom,2418,aleatorio,7.032459758430823,inf
3,hab_custom,2419,aleatorio,0.4167774907165921,inf
3,hab_custom,2420,aleatorio,0.9506579645012003,inf
3,hab_custom,2421,aleatorio,3.2038445890745386,inf
3,hab_custom,2422,aleatorio,3.5950922278230455,inf
3,hab_custom,2423,aleatorio,0.24183384604811586,inf
3,hab_custom,2424,aleatorio,1.3611470191855974,inf
3,hab_custom,2425,aleatorio,2.5073318580153616,inf
3,hab_custom,2426,aleatorio,0.5322035000376182,inf
3,hab_custom,2427,aleatorio,1.5096358895895798,inf
3,hab_custom,2428,aleatorio,0.18188421925315285,inf
3,hab_custom,2429,aleatorio,5.243684615650159,inf
3,hab_custom,2430,aleatorio,2.933773446167375,inf
3,hab_custom,2431,aleatorio,3.5711627178984475,inf
3,hab_custom,2432,aleatorio,3.484803091773234,inf
3,hab_custom,2433,aleatorio,3.3631889433975592,inf
3,hab_custom,2434,aleatorio,1.7696716919599083,inf
3,hab_custom,2435,aleatorio,1.2202273429950403,inf
3,hab_custom,2436,aleatorio,2.5691125922824627,inf
3,hab_custom,2437,aleatorio,0.4027636700349188,inf
3,hab_custom,2438,aleatorio,2.5940778910193734,inf
3,hab_custom,2439,aleatorio,3.3411554532194017,inf
3,hab_custom,2440,aleatorio,4.421926434286947,inf
3,hab_custom,2441,aleatorio,3.1291386627774633,inf
3,hab_custom,2442,aleatorio,0.2046690171981746,inf
3,hab_custom,2443,aleatorio,1.4415561725961052,inf
3,hab_custom,2444,aleatorio,8.484638041548715,inf
3,hab_custom,2445,aleatorio,4.012187736945022,inf
3,hab_custom,2446,aleatorio,4.242579402736115,inf
3,hab_custom,2447,aleatorio,3.2066400923113516,inf
3,hab_custom,2448,aleatorio,1.6930863848437923,inf
3,hab_custom,2449,aleatorio,0.9227699735217112,inf
3,hab_custom,2450,aleatorio,0.8273804484815368,inf
3,hab_custom,2451,aleatorio,2.5068224406881474,inf
3,hab_custom,2452,aleatorio,1.1060863995739718,inf
3,hab_custom,2453,aleatorio,1.1879871236013066,inf
3,hab_custom,2454,aleatorio,1.4177546306155795,inf
3,hab_custom,2455,aleatorio,4.3737714791252564e-15,inf
4,hab_custom,1,preset,0.1458834413250562,5.329613025353853e-13
4,hab_custom,2,custom_v1,1.1792468045713165,5.329613025353853e-13
4,hab_custom,3,aleatorio,1.841096603147574e-15,5.329613025353853e-13
4,hab_custom,4,aleatorio,3.2082314242878414,5.329613025353853e-13
4,hab_custom,5,aleatorio,0.8208456405515263,5.329613025353853e-13
4,hab_custom,6,aleatorio,1.0436036439796625,5.329613025353853e-13
4,hab_custom,7,aleatorio,0.925574870147839,5.329613025353853e-13
4,hab_custom,8,aleatorio,1.5019069727312948,5.329613025353853e-13
4,hab_custom,9,aleatorio,0.011704759767127069,5.329613025353853e-13
4,hab_custom,10,aleatorio,3.0451942160743344,5.329613025353853e-13
4,hab_custom,11,aleatorio,0.7523440009895656,5.329613025353853e-13
4,hab_custom,12,aleatorio,6.726230218618308,5.329613025353853e-13
4,hab_custom,13,aleatorio,1.3859071110427197,5.329613025353853e-13
4,hab_custom,14,aleatorio,3.26918959241803,5.329613025353853e-13
4,hab_custom,15,aleatorio,1.0181721608142273,5.329613025353853e-13
4,hab_custom,16,aleatorio,1.3862600493913542,5.329613025353853e-13
4,hab_custom,17,aleatorio,1.785382228759938e-13,5.329613025353853e-13
4,hab_custom,18,aleatorio,3.3956850644798693,5.329613025353853e-13
4,hab_custom,19,aleatorio,1.2237441877920567,5.329613025353853e-13
4,hab_custom,20,aleatorio,3.993510096342505,5.329613025353853e-13
4,hab_custom,21,aleatorio,1.2572064693995104,5.329613025353853e-13
4,hab_custom,22,aleatorio,1.9212376215504743,5.329613025353853e-13
4,hab_custom,23,aleatorio,0.1948143359233895,5.329613025353853e-13
4,hab_custom,24,aleatorio,1.508862361281749,5.329613025353853e-13
4,hab_custom,25,aleatorio,0.29343615906483816,5.329613025353853e-13
4,hab_custom,26,aleatorio,5.3534153923714936,5.329613025353853e-13
4,hab_custom,27,aleatorio,0.32937622154345336,5.329613025353853e-13
4,hab_custom,28,aleatorio,3.8310825712857572,5.329613025353853e-13
4,hab_custom,29,aleatorio,1.8455056306114128,5.329613025353853e-13
4,hab_custom,30,aleatorio,0.03509092685075343,5.329613025353853e-13
4,hab_custom,31,aleatorio,3.1068790193347477,5.329613025353853e-13
4,hab_custom,32,aleatorio,0.2894963049940818,5.329613025353853e-13
4,hab_custom,33,aleatorio,0.8718860373265349,5.329613025353853e-13
4,hab_custom,34,aleatorio,2.482534153247273e-15,5.329613025353853e-13
4,hab_custom,35,aleatorio,1.9054195565969623,5.329613025353853e-13
4,hab_custom,36,aleatorio,0.08713329581063887,5.329613025353853e-13
4,hab_custom,37,aleatorio,4.690433999092447,5.329613025353853e-13
4,hab_custom,38,aleatorio,0.5607314412373183,5.329613025353853e-13
4,hab_custom,39,aleatorio,3.4374909925293906,5.329613025353853e-13
4,hab_custom,40,aleatorio,8.24677034760654,5.329613025353853e-13
4,hab_custom,41,aleatorio,1.979186349767679e-12,5.329613025353853e-13
4,hab_custom,42,aleatorio,2.7663665793801115,5.329613025353853e-13
4,hab_custom,43,aleatorio,4.536880837698648,5.329613025353853e-13
4,hab_custom,44,aleatorio,0.23879556284130765,5.329613025353853e-13
4,hab_custom,45,aleatorio,0.04795979894417638,5.329613025353853e-13
4,hab_custom,46,aleatorio,1.0291765592135365,5.329613025353853e-13
4,hab_custom,47,aleatorio,1.646340973702636,5.329613025353853e-13
4,hab_custom,48,aleatorio,0.1497563351501406,5.329613025353853e-13
4,hab_custom,49,aleatorio,0.05538932396966022,5.329613025353853e-13
4,hab_custom,50,aleatorio,6.624052893583016e-14,5.329613025353853e-13
4,hab_custom,51,aleatorio,3.1937394233887776e-14,5.329613025353853e-13
4,hab_custom,52,aleatorio,8.612776399845298,5.329613025353853e-13
4,hab_custom,53,aleatorio,0.7243545258558437,5.329613025353853e-13
4,hab_custom,54,aleatorio,2.5645872004664403,5.329613025353853e-13
4,hab_custom,55,aleatorio,0.7799259512248845,5.329613025353853e-13
4,hab_custom,56,aleatorio,0.0006955425457285163,5.329613025353853e-13
4,hab_custom,57,aleatorio,1.339658602285157,5.329613025353853e-13
4,hab_custom,58,aleatorio,2.886579864025407e-15,5.329613025353853e-13
4,hab_custom,59,aleatorio,0.3527164509192336,5.329613025353853e-13
4,hab_custom,60,aleatorio,0.1337647371733767,5.329613025353853e-13
4,hab_custom,61,aleatorio,4.34607358752317,5.329613025353853e-13
4,hab_custom,62,aleatorio,0.9248867170197326,5.329613025353853e-13
4,hab_custom,63,aleatorio,0.5247356439648507,5.329613025353853e-13
4,hab_custom,64,aleatorio,2.8342180839732305,5.329613025353853e-13
4,hab_custom,65,aleatorio,2.4356402927993375,5.329613025353853e-13
4,hab_custom,66,aleatorio,0.4970255336284857,5.329613025353853e-13
4,hab_custom,67,aleatorio,0.6537257506501953,5.329613025353853e-13
4,hab_custom,68,aleatorio,0.674942774679496,5.329613025353853e-13
4,hab_custom,69,aleatorio,2.3778445804312645,5.329613025353853e-13
4,hab_custom,70,aleatorio,3.229995132400274,5.329613025353853e-13
4,hab_custom,71,aleatorio,0.10610140961514154,5.329613025353853e-13
4,hab_custom,72,aleatorio,1.6434098849683978,5.329613025353853e-13
4,hab_custom,73,aleatorio,1.781088334121537,5.329613025353853e-13
4,hab_custom,74,aleatorio,0.26949212684991697,5.329613025353853e-13
4,hab_custom,75,aleatorio,1.1938649301357378,5.329613025353853e-13
4,hab_custom,76,aleatorio,9.917283506719945,5.329613025353853e-13
4,hab_custom,77,aleatorio,0.7286129679241706,5.329613025353853e-13
4,hab_custom,78,aleatorio,1.3625174058922598,5.329613025353853e-13
4,hab_custom,79,aleatorio,1.9652865294663973,5.329613025353853e-13
4,hab_custom,80,aleatorio,3.374732072884484,5.329613025353853e-13
4,hab_custom,81,aleatorio,8.285295742738205e-12,5.329613025353853e-13
4,hab_custom,82,aleatorio,1.2658490090568385e-15,5.329613025353853e-13
4,hab_custom,83,aleatorio,1.2188097695438793,5.329613025353853e-13
4,hab_custom,84,aleatorio,2.440427111442647,5.329613025353853e-13
4,hab_custom,85,aleatorio,0.11542376383191873,5.329613025353853e-13
4,hab_custom,86,aleatorio,2.9437342290893262,5.329613025353853e-13
4,hab_custom,87,aleatorio,1.1177381583236479,5.329613025353853e-13
4,hab_custom,88,aleatorio,2.2391302085285913e-14,5.329613025353853e-13
4,hab_custom,89,aleatorio,0.3133846653415286,5.329613025353853e-13
4,hab_custom,90,aleatorio,2.2256876138958757,5.329613025353853e-13
4,hab_custom,91,aleatorio,0.10745793098840897,5.329613025353853e-13
4,hab_custom,92,aleatorio,1.857188924970043,5.329613025353853e-13
4,hab_custom,93,aleatorio,3.5002851218456245e-15,5.329613025353853e-13
4,hab_custom,94,aleatorio,0.05957591856294562,5.329613025353853e-13
4,hab_custom,95,aleatorio,0.17852188399611535,5.329613025353853e-13
4,hab_custom,96,aleatorio,3.1051187142993304,5.329613025353853e-13
4,hab_custom,97,aleatorio,5.3369628309927135,5.329613025353853e-13
4,hab_custom,98,aleatorio,2.575081916388604,5.329613025353853e-13
4,hab_custom,99,aleatorio,13.790350784658022,5.329613025353853e-13
4,hab_custom,100,aleatorio,2.101275489459067,5.329613025353853e-13
4,hab_custom,101,aleatorio,9.075949301487864e-14,5.329613025353853e-13
4,hab_custom,102,aleatorio,6.912416883756625e-13,5.329613025353853e-13
4,hab_custom,103,aleatorio,0.9295213614422849,5.329613025353853e-13
4,hab_custom,104,aleatorio,1.4471802308700437,5.329613025353853e-13
4,hab_custom,105,aleatorio,2.547671888960294,5.329613025353853e-13
4,hab_custom,106,aleatorio,0.38118423244937666,5.329613025353853e-13
4,hab_custom,107,aleatorio,9.036991187639105,5.329613025353853e-13
4,hab_custom,108,aleatorio,2.4500861735785966,5.329613025353853e-13
4,hab_custom,109,aleatorio,1.808487793759508,5.329613025353853e-13
4,hab_custom,110,aleatorio,0.029902806523913396,5.329613025353853e-13
4,hab_custom,111,aleatorio,2.0412424130368376,5.329613025353853e-13
4,hab_custom,112,aleatorio,1.5892355768995041,5.329613025353853e-13
4,hab_custom,113,aleatorio,2.033757394274066,5.329613025353853e-13
4,hab_custom,114,aleatorio,1.573143043472063,5.329613025353853e-13
4,hab_custom,115,aleatorio,0.6713668417531495,5.329613025353853e-13
4,hab_custom,116,aleatorio,1.0402719097957662,5.329613025353853e-13
4,hab_custom,117,aleatorio,4.379755957367587e-15,5.329613025353853e-13
4,hab_custom,118,aleatorio,2.375981029593432e-15,5.329613025353853e-13
4,hab_custom,119,aleatorio,0.06808073658125371,5.329613025353853e-13
4,hab_custom,120,aleatorio,1.814659297911475,5.329613025353853e-13
4,hab_custom,121,aleatorio,1.2560739669470201e-15,5.329613025353853e-13
4,hab_custom,122,aleatorio,7.92626787432807,5.329613025353853e-13
4,hab_custom,123,aleatorio,1.4454099946822345,5.329613025353853e-13
4,hab_custom,124,aleatorio,0.3338714348172699,5.329613025353853e-13
4,hab_custom,125,aleatorio,0.07574309185970551,5.329613025353853e-13
4,hab_custom,126,aleatorio,0.12196653821922661,5.329613025353853e-13
4,hab_custom,127,aleatorio,0.015678634606293113,5.329613025353853e-13
4,hab_custom,128,aleatorio,1.222152674105042,5.329613025353853e-13
4,hab_custom,129,aleatorio,1.2097346277589878,5.329613025353853e-13
4,hab_custom,130,aleatorio,0.8825202758082097,5.329613025353853e-13
4,hab_custom,131,aleatorio,2.109165511979091,5.329613025353853e-13
4,hab_custom,132,aleatorio,0.3234484348655228,5.329613025353853e-13
4,hab_custom,133,aleatorio,1.8655790893391444,5.329613025353853e-13
4,hab_custom,134,aleatorio,3.7601437715397616,5.329613025353853e-13
4,hab_custom,135,aleatorio,0.5018115010787859,5.329613025353853e-13
4,hab_custom,136,aleatorio,6.852379840294732e-11,5.329613025353853e-13
4,hab_custom,137,aleatorio,0.7671141773512853,5.329613025353853e-13
4,hab_custom,138,aleatorio,2.3019575291945187,5.329613025353853e-13
4,hab_custom,139,aleatorio,4.0695682126770884e-11,5.329613025353853e-13
4,hab_custom,140,aleatorio,1.775921533844918,5.329613025353853e-13
4,hab_custom,141,aleatorio,0.3406528520261206,5.329613025353853e-13
4,hab_custom,142,aleatorio,3.5044715616558557,5.329613025353853e-13
4,hab_custom,143,aleatorio,0.37996267715479687,5.329613025353853e-13
4,hab_custom,144,aleatorio,11.464828669590784,5.329613025353853e-13
4,hab_custom,145,aleatorio,5.57636319600713,5.329613025353853e-13
4,hab_custom,146,aleatorio,0.7042349707504992,5.329613025353853e-13
4,hab_custom,147,aleatorio,1.4242153154006467,5.329613025353853e-13
4,hab_custom,148,aleatorio,1.674185799459814,5.329613025353853e-13
4,hab_custom,149,aleatorio,2.9853934371849307,5.329613025353853e-13
4,hab_custom,150,aleatorio,13.682151003432011,5.329613025353853e-13
4,hab_custom,151,aleatorio,2.514088563181009,5.329613025353853e-13
4,hab_custom,152,aleatorio,4.457165216721866,5.329613025353853e-13
4,hab_custom,153,aleatorio,2.641550663997615,5.329613025353853e-13
4,hab_custom,154,aleatorio,3.265689094854777e-11,5.329613025353853e-13
4,hab_custom,155,aleatorio,5.386310604664194,5.329613025353853e-13
4,hab_custom,156,aleatorio,1.8922976493050583,5.329613025353853e-13
4,hab_custom,157,aleatorio,0.6759437428019429,5.329613025353853e-13
4,hab_custom,158,aleatorio,5.687687345323223,5.329613025353853e-13
4,hab_custom,159,aleatorio,0.5303722525572668,5.329613025353853e-13
4,hab_custom,160,aleatorio,1.0765252175358473,5.329613025353853e-13
4,hab_custom,161,aleatorio,0.25948951833519246,5.329613025353853e-13
4,hab_custom,162,aleatorio,4.334137781101951e-15,5.329613025353853e-13
4,hab_custom,163,aleatorio,0.1718033460942962,5.329613025353853e-13
4,hab_custom,164,aleatorio,1.834226232095429,5.329613025353853e-13
4,hab_custom,165,aleatorio,1.1798849796148911,5.329613025353853e-13
4,hab_custom,166,aleatorio,0.9039749148315532,5.329613025353853e-13
4,hab_custom,167,aleatorio,1.8901105177662616,5.329613025353853e-13
4,hab_custom,168,aleatorio,2.0894102363067914e-13,5.329613025353853e-13
4,hab_custom,169,aleatorio,4.693106384364909,5.329613025353853e-13
4,hab_custom,170,aleatorio,1.9668933426736748,5.329613025353853e-13
4,hab_custom,171,aleatorio,1.6616296724220897e-15,5.329613025353853e-13
4,hab_custom,172,aleatorio,0.2953875624086373,5.329613025353853e-13
4,hab_custom,173,aleatorio,1.3556713943482595,5.329613025353853e-13
4,hab_custom,174,aleatorio,0.6196958157597129,5.329613025353853e-13
4,hab_custom,175,aleatorio,0.09410456903993586,5.329613025353853e-13
4,hab_custom,176,aleatorio,1.9998404965698762,5.329613025353853e-13
4,hab_custom,177,aleatorio,0.8566233378439847,5.329613025353853e-13
4,hab_custom,178,aleatorio,2.9287472335759066,5.329613025353853e-13
4,hab_custom,179,aleatorio,3.122392220093233,5.329613025353853e-13
4,hab_custom,180,aleatorio,1.51764711379832,5.329613025353853e-13
4,hab_custom,181,aleatorio,1.5370252201011552,5.329613025353853e-13
4,hab_custom,182,aleatorio,0.32551843350349363,5.329613025353853e-13
4,hab_custom,183,aleatorio,0.8380641957441537,5.329613025353853e-13
4,hab_custom,184,aleatorio,2.7465400791133423e-15,5.329613025353853e-13
4,hab_custom,185,aleatorio,1.8941156848502034,5.329613025353853e-13
4,hab_custom,186,aleatorio,0.7606508102447419,5.329613025353853e-13
4,hab_custom,187,aleatorio,1.5780744964298827,5.329613025353853e-13
4,hab_custom,188,aleatorio,1.7763568394002505e-15,5.329613025353853e-13
4,hab_custom,189,aleatorio,1.6050308076832566e-15,5.329613025353853e-13
4,hab_custom,190,aleatorio,0.09897801031236564,5.329613025353853e-13
4,hab_custom,191,aleatorio,2.3376103589004815,5.329613025353853e-13
4,hab_custom,192,aleatorio,0.638802401168605,5.329613025353853e-13
4,hab_custom,193,aleatorio,2.5250579507161803,5.329613025353853e-13
4,hab_custom,194,aleatorio,1.496956291426,5.329613025353853e-13
4,hab_custom,195,aleatorio,0.24269998940771453,5.329613025353853e-13
4,hab_custom,196,aleatorio,0.9684018590133722,5.329613025353853e-13
4,hab_custom,197,aleatorio,0.8058854780339241,5.329613025353853e-13
4,hab_custom,198,aleatorio,14.555425652586239,5.329613025353853e-13
4,hab_custom,199,aleatorio,6.358874225010928,5.329613025353853e-13
4,hab_custom,200,aleatorio,13.50584553909359,5.329613025353853e-13
4,hab_custom,201,aleatorio,0.680292308178775,5.329613025353853e-13
4,hab_custom,202,aleatorio,9.720417550754869,5.329613025353853e-13
4,hab_custom,203,aleatorio,0.6219157588645576,5.329613025353853e-13
4,hab_custom,204,aleatorio,1.1914801697125972,5.329613025353853e-13
4,hab_custom,205,aleatorio,0.1729156624385763,5.329613025353853e-13
4,hab_custom,206,aleatorio,2.736060578951253,5.329613025353853e-13
4,hab_custom,207,aleatorio,2.631569540442273,5.329613025353853e-13
4,hab_custom,208,aleatorio,0.14919717199107582,5.329613025353853e-13
4,hab_custom,209,aleatorio,3.0737535045031206,5.329613025353853e-13
4,hab_custom,210,aleatorio,1.938762584570561,5.329613025353853e-13
4,hab_custom,211,aleatorio,0.8262289033748761,5.329613025353853e-13
4,hab_custom,212,aleatorio,3.325768331983786,5.329613025353853e-13
4,hab_custom,213,aleatorio,3.286748396260016,5.329613025353853e-13
4,hab_custom,214,aleatorio,3.182369413222931,5.329613025353853e-13
4,hab_custom,215,aleatorio,0.475092549971086,5.329613025353853e-13
4,hab_custom,216,aleatorio,2.646662664714272e-07,5.329613025353853e-13
4,hab_custom,217,aleatorio,0.8469083648087047,5.329613025353853e-13
4,hab_custom,218,aleatorio,0.8490030915968607,5.329613025353853e-13
4,hab_custom,219,aleatorio,4.685815981175704,5.329613025353853e-13
4,hab_custom,220,aleatorio,2.124599139347738,5.329613025353853e-13
4,hab_custom,221,aleatorio,1.8006977165967417,5.329613025353853e-13
4,hab_custom,222,aleatorio,2.4445913087141444,5.329613025353853e-13
4,hab_custom,223,aleatorio,2.0458641147131384,5.329613025353853e-13
4,hab_custom,224,aleatorio,1.3291431926410582,5.329613025353853e-13
4,hab_custom,225,aleatorio,4.983101687176685,5.329613025353853e-13
4,hab_custom,226,aleatorio,5.209504212428181,5.329613025353853e-13
4,hab_custom,227,aleatorio,0.46343392250916465,5.329613025353853e-13
4,hab_custom,228,aleatorio,1.8913150820967056e-11,5.329613025353853e-13
4,hab_custom,229,aleatorio,0.15736804255837933,5.329613025353853e-13
4,hab_custom,230,aleatorio,2.2370279345087405,5.329613025353853e-13
4,hab_custom,231,aleatorio,5.334573596835457,5.329613025353853e-13
4,hab_custom,232,aleatorio,1.1940440140501187,5.329613025353853e-13
4,hab_custom,233,aleatorio,1.1520043447774155,5.329613025353853e-13
4,hab_custom,234,aleatorio,0.5640134918925926,5.329613025353853e-13
4,hab_custom,235,aleatorio,3.3776563389590812,5.329613025353853e-13
4,hab_custom,236,aleatorio,5.813860428638942,5.329613025353853e-13
4,hab_custom,237,aleatorio,1.373336172082883,5.329613025353853e-13
4,hab_custom,238,aleatorio,1.6478465785130534,5.329613025353853e-13
4,hab_custom,239,aleatorio,1.313044252690168,5.329613025353853e-13
4,hab_custom,240,aleatorio,1.9829206225932756,5.329613025353853e-13
4,hab_custom,241,aleatorio,0.07944888959927313,5.329613025353853e-13
4,hab_custom,242,aleatorio,3.057723923971363e-05,5.329613025353853e-13
4,hab_custom,243,aleatorio,5.905092480317098e-15,5.329613025353853e-13
4,hab_custom,244,aleatorio,0.9316766103803508,5.329613025353853e-13
4,hab_custom,245,aleatorio,0.8225411186858083,5.329613025353853e-13
4,hab_custom,246,aleatorio,1.1941387675233603,5.329613025353853e-13
4,hab_custom,247,aleatorio,1.2488385173157879,5.329613025353853e-13
4,hab_custom,248,aleatorio,4.406928151684383,5.329613025353853e-13
4,hab_custom,249,aleatorio,1.751142356811798e-13,5.329613025353853e-13
4,hab_custom,250,aleatorio,0.6185628489988563,5.329613025353853e-13
4,hab_custom,251,aleatorio,2.2434029730660967,5.329613025353853e-13
4,hab_custom,252,aleatorio,1.242192775663396,5.329613025353853e-13
4,hab_custom,253,aleatorio,3.200288488717856,5.329613025353853e-13
4,hab_custom,254,aleatorio,0.6445312041957167,5.329613025353853e-13
4,hab_custom,255,aleatorio,1.8812182693375823,5.329613025353853e-13
4,hab_custom,256,aleatorio,0.3727004089983052,5.329613025353853e-13
4,hab_custom,257,aleatorio,2.3849902084679018,5.329613025353853e-13
4,hab_custom,258,aleatorio,0.45158381596336405,5.329613025353853e-13
4,hab_custom,259,aleatorio,4.215313130801868,5.329613025353853e-13
4,hab_custom,260,aleatorio,1.120768808123658,5.329613025353853e-13
4,hab_custom,261,aleatorio,5.685859408733775,5.329613025353853e-13
4,hab_custom,262,aleatorio,7.88069117748057e-14,5.329613025353853e-13
4,hab_custom,263,aleatorio,0.15100707703781815,5.329613025353853e-13
4,hab_custom,264,aleatorio,3.891735115708548,5.329613025353853e-13
4,hab_custom,265,aleatorio,1.5928582659316795,5.329613025353853e-13
4,hab_custom,266,aleatorio,1.8998694051845162,5.329613025353853e-13
4,hab_custom,267,aleatorio,3.610342099612717,5.329613025353853e-13
4,hab_custom,268,aleatorio,3.747345290691278,5.329613025353853e-13
4,hab_custom,269,aleatorio,2.1906502030766055,5.329613025353853e-13
4,hab_custom,270,aleatorio,6.173347757004087,5.329613025353853e-13
4,hab_custom,271,aleatorio,6.529862419729079,5.329613025353853e-13
4,hab_custom,272,aleatorio,1.373702322444337,5.329613025353853e-13
4,hab_custom,273,aleatorio,1.9903327512717384,5.329613025353853e-13
4,hab_custom,274,aleatorio,0.8057743410992577,5.329613025353853e-13
4,hab_custom,275,aleatorio,2.936686862276418,5.329613025353853e-13
4,hab_custom,276,aleatorio,5.751240756220952,5.329613025353853e-13
4,hab_custom,277,aleatorio,2.9421047982062176,5.329613025353853e-13
4,hab_custom,278,aleatorio,19.91004079256869,5.329613025353853e-13
4,hab_custom,279,aleatorio,3.1422537732426967,5.329613025353853e-13
4,hab_custom,280,aleatorio,0.8101140364097421,5.329613025353853e-13
4,hab_custom,281,aleatorio,0.8988191518945103,5.329613025353853e-13
4,hab_custom,282,aleatorio,3.062967164875258,5.329613025353853e-13
4,hab_custom,283,aleatorio,1.6171898971698512e-13,5.329613025353853e-13
4,hab_custom,284,aleatorio,1.4063069627387195,5.329613025353853e-13
4,hab_custom,285,aleatorio,2.311306139329067,5.329613025353853e-13
4,hab_custom,286,aleatorio,4.463041323674983e-15,5.329613025353853e-13
4,hab_custom,287,aleatorio,0.27352468413432074,5.329613025353853e-13
4,hab_custom,288,aleatorio,1.863688805830819,5.329613025353853e-13
4,hab_custom,289,aleatorio,2.3547730274163325,5.329613025353853e-13
4,hab_custom,290,aleatorio,2.625875314818857,5.329613025353853e-13
4,hab_custom,291,aleatorio,1.0922840513937833,5.329613025353853e-13
4,hab_custom,292,aleatorio,0.661255895357043,5.329613025353853e-13
4,hab_custom,293,aleatorio,0.1275144662589818,5.329613025353853e-13
4,hab_custom,294,aleatorio,1.3830004842242807,5.329613025353853e-13
4,hab_custom,295,aleatorio,2.7826474408018913,5.329613025353853e-13
4,hab_custom,296,aleatorio,0.9265659870329263,5.329613025353853e-13
4,hab_custom,297,aleatorio,2.4084571510516133,5.329613025353853e-13
4,hab_custom,298,aleatorio,5.396540959564097,5.329613025353853e-13
4,hab_custom,299,aleatorio,2.185847324539769,5.329613025353853e-13
4,hab_custom,300,aleatorio,1.9842607296212909,5.329613025353853e-13
4,hab_custom,301,aleatorio,2.913550336212496,5.329613025353853e-13
4,hab_custom,302,aleatorio,6.9070008974851165,5.329613025353853e-13
4,hab_custom,303,aleatorio,5.936334468934841,5.329613025353853e-13
4,hab_custom,304,aleatorio,0.45257451485368316,5.329613025353853e-13
4,hab_custom,305,aleatorio,1.4405869313687383,5.329613025353853e-13
4,hab_custom,306,aleatorio,1.2731576030865166,5.329613025353853e-13
4,hab_custom,307,aleatorio,2.531698018113677e-15,5.329613025353853e-13
4,hab_custom,308,aleatorio,0.1868176589321901,5.329613025353853e-13
4,hab_custom,309,aleatorio,2.2648490754388706,5.329613025353853e-13
4,hab_custom,310,aleatorio,0.7030486652431022,5.329613025353853e-13
4,hab_custom,311,aleatorio,0.28015935653115726,5.329613025353853e-13
4,hab_custom,312,aleatorio,0.6228703385529205,5.329613025353853e-13
4,hab_custom,313,aleatorio,2.3034502423819947,5.329613025353853e-13
4,hab_custom,314,aleatorio,5.5135513075292456e-14,5.329613025353853e-13
4,hab_custom,315,aleatorio,4.008586165037157,5.329613025353853e-13
4,hab_custom,316,aleatorio,5.202030482788237,5.329613025353853e-13
4,hab_custom,317,aleatorio,1.4455583219292116,5.329613025353853e-13
4,hab_custom,318,aleatorio,2.5943683661692205,5.329613025353853e-13
4,hab_custom,319,aleatorio,0.469415572157854,5.329613025353853e-13
4,hab_custom,320,aleatorio,0.7497104352175226,5.329613025353853e-13
4,hab_custom,321,aleatorio,2.1846321615141178,5.329613025353853e-13
4,hab_custom,322,aleatorio,6.5663730255494155,5.329613025353853e-13
4,hab_custom,323,aleatorio,0.5362399937152929,5.329613025353853e-13
4,hab_custom,324,aleatorio,3.5332952751973474e-11,5.329613025353853e-13
4,hab_custom,325,aleatorio,1.0628891161005463,5.329613025353853e-13
4,hab_custom,326,aleatorio,0.7867941688200665,5.329613025353853e-13
4,hab_custom,327,aleatorio,2.710399819191012e-15,5.329613025353853e-13
4,hab_custom,328,aleatorio,0.2302734803119089,5.329613025353853e-13
4,hab_custom,329,aleatorio,2.272889449940516,5.329613025353853e-13
4,hab_custom,330,aleatorio,3.8282092220786996,5.329613025353853e-13
4,hab_custom,331,aleatorio,2.2436497649718934,5.329613025353853e-13
4,hab_custom,332,aleatorio,2.6435271930783903,5.329613025353853e-13
4,hab_custom,333,aleatorio,1.7990311123693221,5.329613025353853e-13
4,hab_custom,334,aleatorio,4.554622281151632,5.329613025353853e-13
4,hab_custom,335,aleatorio,2.317743421972822,5.329613025353853e-13
4,hab_custom,336,aleatorio,5.606378279031346,5.329613025353853e-13
4,hab_custom,337,aleatorio,1.283891924536627,5.329613025353853e-13
4,hab_custom,338,aleatorio,0.9512543867808224,5.329613025353853e-13
4,hab_custom,339,aleatorio,1.8722129773143694,5.329613025353853e-13
4,hab_custom,340,aleatorio,2.465073789115692,5.329613025353853e-13
4,hab_custom,341,aleatorio,0.5192335185759214,5.329613025353853e-13
4,hab_custom,342,aleatorio,0.09897690209899612,5.329613025353853e-13
4,hab_custom,343,aleatorio,0.008259805929073893,5.329613025353853e-13
4,hab_custom,344,aleatorio,8.840052795286715e-15,5.329613025353853e-13
4,hab_custom,345,aleatorio,2.4145755584882908e-15,5.329613025353853e-13
4,hab_custom,346,aleatorio,0.15862065003671147,5.329613025353853e-13
4,hab_custom,347,aleatorio,1.2651428395931716,5.329613025353853e-13
4,hab_custom,348,aleatorio,2.9970474129826443,5.329613025353853e-13
4,hab_custom,349,aleatorio,0.955608361939764,5.329613025353853e-13
4,hab_custom,350,aleatorio,2.736410877233498,5.329613025353853e-13
4,hab_custom,351,aleatorio,0.3349762995124738,5.329613025353853e-13
4,hab_custom,352,aleatorio,0.41886220085208975,5.329613025353853e-13
4,hab_custom,353,aleatorio,4.696519880865655,5.329613025353853e-13
4,hab_custom,354,aleatorio,8.979957145747715,5.329613025353853e-13
4,hab_custom,355,aleatorio,0.6545608178558048,5.329613025353853e-13
4,hab_custom,356,aleatorio,0.36587133062056715,5.329613025353853e-13
4,hab_custom,357,aleatorio,1.6942536427254584,5.329613025353853e-13
4,hab_custom,358,aleatorio,2.7860909094167483,5.329613025353853e-13
4,hab_custom,359,aleatorio,0.34034816672598833,5.329613025353853e-13
4,hab_custom,360,aleatorio,0.6702525565624393,5.329613025353853e-13
4,hab_custom,361,aleatorio,0.17023746442896856,5.329613025353853e-13
4,hab_custom,362,aleatorio,4.054041188739564,5.329613025353853e-13
4,hab_custom,363,aleatorio,1.754766689561758e-11,5.329613025353853e-13
4,hab_custom,364,aleatorio,2.253316510301474,5.329613025353853e-13
4,hab_custom,365,aleatorio,0.6498346264487324,5.329613025353853e-13
4,hab_custom,366,aleatorio,3.510833468576701e-16,5.329613025353853e-13
5,hab_custom,1,preset,3.6659626475147293e-13,2.886579864025407e-15
5,hab_custom,2,custom_v1,0.006819774338288362,2.886579864025407e-15
5,hab_custom,3,aleatorio,1.2990567560646777e-12,2.886579864025407e-15
5,hab_custom,4,aleatorio,0.4966931700144507,2.886579864025407e-15
5,hab_custom,5,aleatorio,4.3233365759490985,2.886579864025407e-15
5,hab_custom,6,aleatorio,1.392088004478867,2.886579864025407e-15
5,hab_custom,7,aleatorio,8.366300417994113e-12,2.886579864025407e-15
5,hab_custom,8,aleatorio,1.6502608391606892e-12,2.886579864025407e-15
5,hab_custom,9,aleatorio,0.06947497033899064,2.886579864025407e-15
5,hab_custom,10,aleatorio,0.559183692724121,2.886579864025407e-15
5,hab_custom,11,aleatorio,3.4521228813469507,2.886579864025407e-15
5,hab_custom,12,aleatorio,1.8738156874417988,2.886579864025407e-15
5,hab_custom,13,aleatorio,0.43945978463554475,2.886579864025407e-15
5,hab_custom,14,aleatorio,7.424030733610604e-14,2.886579864025407e-15
5,hab_custom,15,aleatorio,0.008586875535400355,2.886579864025407e-15
5,hab_custom,16,aleatorio,6.243361047356306,2.886579864025407e-15
5,hab_custom,17,aleatorio,3.1502957362359e-14,2.886579864025407e-15
5,hab_custom,18,aleatorio,1.4645286089706089,2.886579864025407e-15
5,hab_custom,19,aleatorio,3.506244242679584,2.886579864025407e-15
5,hab_custom,20,aleatorio,0.22287470861393932,2.886579864025407e-15
5,hab_custom,21,aleatorio,1.202232635694872,2.886579864025407e-15
5,hab_custom,22,aleatorio,0.1699168280856857,2.886579864025407e-15
5,hab_custom,23,aleatorio,0.08840272606828219,2.886579864025407e-15
5,hab_custom,24,aleatorio,0.7850142859895073,2.886579864025407e-15
5,hab_custom,25,aleatorio,2.8246356448997365,2.886579864025407e-15
5,hab_custom,26,aleatorio,0.9334781970356386,2.886579864025407e-15
5,hab_custom,27,aleatorio,0.7366621994449517,2.886579864025407e-15
5,hab_custom,28,aleatorio,1.5887892863984023,2.886579864025407e-15
5,hab_custom,29,aleatorio,6.058705688915247,2.886579864025407e-15
5,hab_custom,30,aleatorio,0.47561580578143353,2.886579864025407e-15
5,hab_custom,31,aleatorio,2.736539615150703,2.886579864025407e-15
5,hab_custom,32,aleatorio,1.5815262829742889,2.886579864025407e-15
5,hab_custom,33,aleatorio,1.5644759929321612,2.886579864025407e-15
5,hab_custom,34,aleatorio,0.2343302335462205,2.886579864025407e-15
5,hab_custom,35,aleatorio,0.0018251209220752757,2.886579864025407e-15
5,hab_custom,36,aleatorio,4.467502981487072,2.886579864025407e-15
5,hab_custom,37,aleatorio,0.12573861810278777,2.886579864025407e-15
5,hab_custom,38,aleatorio,0.3960400859926103,2.886579864025407e-15
5,hab_custom,39,aleatorio,6.252832847199451e-15,2.886579864025407e-15
5,hab_custom,40,aleatorio,3.047342169957504,2.886579864025407e-15
5,hab_custom,41,aleatorio,10.600589311941636,2.886579864025407e-15
5,hab_custom,42,aleatorio,0.35021506733067215,2.886579864025407e-15
5,hab_custom,43,aleatorio,1.0864942266586208,2.886579864025407e-15
5,hab_custom,44,aleatorio,2.005227334438397,2.886579864025407e-15
5,hab_custom,45,aleatorio,2.682571231971573e-11,2.886579864025407e-15
5,hab_custom,46,aleatorio,0.27714965042786566,2.886579864025407e-15
5,hab_custom,47,aleatorio,1.0335536327982675,2.886579864025407e-15
5,hab_custom,48,aleatorio,0.2874238961839768,2.886579864025407e-15
5,hab_custom,49,aleatorio,2.72002576534056,2.886579864025407e-15
5,hab_custom,50,aleatorio,1.6998164369821862,2.886579864025407e-15
5,hab_custom,51,aleatorio,0.4771558633852378,2.886579864025407e-15
5,hab_custom,52,aleatorio,0.0667481021921054,2.886579864025407e-15
5,hab_custom,53,aleatorio,14.285382081797136,2.886579864025407e-15
5,hab_custom,54,aleatorio,3.4628116713602006,2.886579864025407e-15
5,hab_custom,55,aleatorio,1.4217791915866692e-15,2.886579864025407e-15
5,hab_custom,56,aleatorio,3.030374845776243e-13,2.886579864025407e-15
5,hab_custom,57,aleatorio,1.7306635119324865e-12,2.886579864025407e-15
5,hab_custom,58,aleatorio,0.5154408754006207,2.886579864025407e-15
5,hab_custom,59,aleatorio,1.3615899578274049,2.886579864025407e-15
5,hab_custom,60,aleatorio,0.8146885209763823,2.886579864025407e-15
5,hab_custom,61,aleatorio,1.8399840229056899,2.886579864025407e-15
5,hab_custom,62,aleatorio,0.9844430617809069,2.886579864025407e-15
5,hab_custom,63,aleatorio,0.24035533824858596,2.886579864025407e-15
5,hab_custom,64,aleatorio,0.45725092554045976,2.886579864025407e-15
5,hab_custom,65,aleatorio,2.451830204617465,2.886579864025407e-15
5,hab_custom,66,aleatorio,1.3804918722312967,2.886579864025407e-15
5,hab_custom,67,aleatorio,0.6144392072360279,2.886579864025407e-15
5,hab_custom,68,aleatorio,1.0559709328634622e-13,2.886579864025407e-15
5,hab_custom,69,aleatorio,2.854623657155186,2.886579864025407e-15
5,hab_custom,70,aleatorio,0.3782298770245075,2.886579864025407e-15
5,hab_custom,71,aleatorio,0.4626922558794715,2.886579864025407e-15
5,hab_custom,72,aleatorio,0.34344283119545843,2.886579864025407e-15
5,hab_custom,73,aleatorio,1.45021735855718,2.886579864025407e-15
5,hab_custom,74,aleatorio,0.9109708561821548,2.886579864025407e-15
5,hab_custom,75,aleatorio,0.9644015821372347,2.886579864025407e-15
5,hab_custom,76,aleatorio,10.419484625147906,2.886579864025407e-15
5,hab_custom,77,aleatorio,0.06322097421428564,2.886579864025407e-15
5,hab_custom,78,aleatorio,1.5817279262443964,2.886579864025407e-15
5,hab_custom,79,aleatorio,3.5272428071475423,2.886579864025407e-15
5,hab_custom,80,aleatorio,0.4721013279393173,2.886579864025407e-15
5,hab_custom,81,aleatorio,1.8249135990211178,2.886579864025407e-15
5,hab_custom,82,aleatorio,6.475092384258882,2.886579864025407e-15
5,hab_custom,83,aleatorio,1.7222418539888655e-14,2.886579864025407e-15
5,hab_custom,84,aleatorio,6.2361593410881,2.886579864025407e-15
5,hab_custom,85,aleatorio,0.4988474989312362,2.886579864025407e-15
5,hab_custom,86,aleatorio,0.5477620856860121,2.886579864025407e-15
5,hab_custom,87,aleatorio,1.4379439855234812,2.886579864025407e-15
5,hab_custom,88,aleatorio,0.0951230245556155,2.886579864025407e-15
5,hab_custom,89,aleatorio,1.0558188647503703,2.886579864025407e-15
5,hab_custom,90,aleatorio,0.31324752670646067,2.886579864025407e-15
5,hab_custom,91,aleatorio,0.5671784883904688,2.886579864025407e-15
5,hab_custom,92,aleatorio,1.3617857500026715,2.886579864025407e-15
5,hab_custom,93,aleatorio,0.3288354831309176,2.886579864025407e-15
5,hab_custom,94,aleatorio,0.5850679471230805,2.886579864025407e-15
5,hab_custom,95,aleatorio,1.6071466116143176,2.886579864025407e-15
5,hab_custom,96,aleatorio,1.8481715244561627,2.886579864025407e-15
5,hab_custom,97,aleatorio,1.2080492199777655,2.886579864025407e-15
5,hab_custom,98,aleatorio,8.562338246775109e-13,2.886579864025407e-15
5,hab_custom,99,aleatorio,0.7136169720362049,2.886579864025407e-15
5,hab_custom,100,aleatorio,2.2599912308168633,2.886579864025407e-15
5,hab_custom,101,aleatorio,2.525807744112085,2.886579864025407e-15
5,hab_custom,102,aleatorio,3.342616398384681,2.886579864025407e-15
5,hab_custom,103,aleatorio,0.39130346541936273,2.886579864025407e-15
5,hab_custom,104,aleatorio,3.52656166489692,2.886579864025407e-15
5,hab_custom,105,aleatorio,0.04824846566423182,2.886579864025407e-15
5,hab_custom,106,aleatorio,0.041856296189621035,2.886579864025407e-15
5,hab_custom,107,aleatorio,0.10325798634043246,2.886579864025407e-15
5,hab_custom,108,aleatorio,7.691850745534255e-16,2.886579864025407e-15
5,hab_custom,109,aleatorio,1.4179170191350137,2.886579864025407e-15
5,hab_custom,110,aleatorio,9.951791730314403e-14,2.886579864025407e-15
5,hab_custom,111,aleatorio,3.662178011048906,2.886579864025407e-15
5,hab_custom,112,aleatorio,1.1102230246251565e-15,2.886579864025407e-15
5,hab_custom,113,aleatorio,0.5678923277354782,2.886579864025407e-15
5,hab_custom,114,aleatorio,0.34912171041214285,2.886579864025407e-15
5,hab_custom,115,aleatorio,1.2073097065017113,2.886579864025407e-15
5,hab_custom,116,aleatorio,0.10787527267548773,2.886579864025407e-15
5,hab_custom,117,aleatorio,7.444291678311382e-15,2.886579864025407e-15
5,hab_custom,118,aleatorio,9.269531213112662e-15,2.886579864025407e-15
5,hab_custom,119,aleatorio,0.8155846623220845,2.886579864025407e-15
5,hab_custom,120,aleatorio,0.4935879560579059,2.886579864025407e-15
5,hab_custom,121,aleatorio,1.6875711613685733,2.886579864025407e-15
5,hab_custom,122,aleatorio,0.5853401534092596,2.886579864025407e-15
5,hab_custom,123,aleatorio,1.4353758498238052,2.886579864025407e-15
5,hab_custom,124,aleatorio,1.1584428370330047,2.886579864025407e-15
5,hab_custom,125,aleatorio,1.7905623764242615,2.886579864025407e-15
5,hab_custom,126,aleatorio,3.2783048802895336,2.886579864025407e-15
5,hab_custom,127,aleatorio,0.8623251855278088,2.886579864025407e-15
5,hab_custom,128,aleatorio,2.092791305911571,2.886579864025407e-15
5,hab_custom,129,aleatorio,1.73007652212013,2.886579864025407e-15
5,hab_custom,130,aleatorio,3.8968670012594065e-15,2.886579864025407e-15
5,hab_custom,131,aleatorio,0.22090179008415872,2.886579864025407e-15
5,hab_custom,132,aleatorio,2.9692636191887245,2.886579864025407e-15
5,hab_custom,133,aleatorio,1.1613932580297046,2.886579864025407e-15
5,hab_custom,134,aleatorio,1.1371401570105655,2.886579864025407e-15
5,hab_custom,135,aleatorio,0.854570087361278,2.886579864025407e-15
5,hab_custom,136,aleatorio,1.310665185595431e-13,2.886579864025407e-15
5,hab_custom,137,aleatorio,0.781819604347518,2.886579864025407e-15
5,hab_custom,138,aleatorio,2.4731103882487586,2.886579864025407e-15
5,hab_custom,139,aleatorio,3.2073345268648046,2.886579864025407e-15
5,hab_custom,140,aleatorio,1.015006912806036,2.886579864025407e-15
5,hab_custom,141,aleatorio,0.5974017396811737,2.886579864025407e-15
5,hab_custom,142,aleatorio,5.77297454018234,2.886579864025407e-15
5,hab_custom,143,aleatorio,0.7813331405424728,2.886579864025407e-15
5,hab_custom,144,aleatorio,2.3295745156093637,2.886579864025407e-15
5,hab_custom,145,aleatorio,1.772257682332555,2.886579864025407e-15
5,hab_custom,146,aleatorio,0.931615426060623,2.886579864025407e-15
5,hab_custom,147,aleatorio,0.5406063898970853,2.886579864025407e-15
5,hab_custom,148,aleatorio,1.9739864445693627,2.886579864025407e-15
5,hab_custom,149,aleatorio,1.4942186224335532,2.886579864025407e-15
5,hab_custom,150,aleatorio,1.285974871210045,2.886579864025407e-15
5,hab_custom,151,aleatorio,3.4571578892365004e-13,2.886579864025407e-15
5,hab_custom,152,aleatorio,3.3362806816985753,2.886579864025407e-15
5,hab_custom,153,aleatorio,2.08981728236095,2.886579864025407e-15
5,hab_custom,154,aleatorio,2.520433741308984e-13,2.886579864025407e-15
5,hab_custom,155,aleatorio,3.2349669456805303,2.886579864025407e-15
5,hab_custom,156,aleatorio,2.4478626975417215,2.886579864025407e-15
5,hab_custom,157,aleatorio,1.5639831772158175,2.886579864025407e-15
5,hab_custom,158,aleatorio,1.0877919644084146e-15,2.886579864025407e-15
5,hab_custom,159,aleatorio,1.3077280059004202,2.886579864025407e-15
5,hab_custom,160,aleatorio,3.392026117901134,2.886579864025407e-15
5,hab_custom,161,aleatorio,10.065455181131712,2.886579864025407e-15
5,hab_custom,162,aleatorio,2.2020591453355425,2.886579864025407e-15
5,hab_custom,163,aleatorio,0.14103568267379152,2.886579864025407e-15
5,hab_custom,164,aleatorio,1.520380387834016,2.886579864025407e-15
5,hab_custom,165,aleatorio,1.6463557252195495,2.886579864025407e-15
5,hab_custom,166,aleatorio,2.383531499252364,2.886579864025407e-15
5,hab_custom,167,aleatorio,0.07071637682092989,2.886579864025407e-15
5,hab_custom,168,aleatorio,0.24897949032110347,2.886579864025407e-15
5,hab_custom,169,aleatorio,3.807789836369938e-14,2.886579864025407e-15
5,hab_custom,170,aleatorio,1.0706864484400553,2.886579864025407e-15
5,hab_custom,171,aleatorio,0.837385247081845,2.886579864025407e-15
5,hab_custom,172,aleatorio,0.08999060647019892,2.886579864025407e-15
5,hab_custom,173,aleatorio,0.7799257590040529,2.886579864025407e-15
5,hab_custom,174,aleatorio,2.8541529121861196,2.886579864025407e-15
5,hab_custom,175,aleatorio,2.028599105216617,2.886579864025407e-15
5,hab_custom,176,aleatorio,0.8469217958031608,2.886579864025407e-15
5,hab_custom,177,aleatorio,1.7731751460049203,2.886579864025407e-15
5,hab_custom,178,aleatorio,9.222205069512407e-16,2.886579864025407e-15
5,hab_custom,179,aleatorio,1.7111600594477951,2.886579864025407e-15
5,hab_custom,180,aleatorio,3.327777995265575,2.886579864025407e-15
5,hab_custom,181,aleatorio,0.09755639044663506,2.886579864025407e-15
5,hab_custom,182,aleatorio,2.0066734774780763,2.886579864025407e-15
5,hab_custom,183,aleatorio,1.406440211500598,2.886579864025407e-15
5,hab_custom,184,aleatorio,4.735805082275364,2.886579864025407e-15
5,hab_custom,185,aleatorio,4.001781731520446,2.886579864025407e-15
5,hab_custom,186,aleatorio,1.4781977561871207,2.886579864025407e-15
5,hab_custom,187,aleatorio,1.3880058230263477,2.886579864025407e-15
5,hab_custom,188,aleatorio,0.576110652847755,2.886579864025407e-15
5,hab_custom,189,aleatorio,0.7251695057546432,2.886579864025407e-15
5,hab_custom,190,aleatorio,3.7455930286609083,2.886579864025407e-15
5,hab_custom,191,aleatorio,0.8173931651534087,2.886579864025407e-15
5,hab_custom,192,aleatorio,0.021574560754856358,2.886579864025407e-15
5,hab_custom,193,aleatorio,0.011460304165396857,2.886579864025407e-15
5,hab_custom,194,aleatorio,1.2286843938271372e-10,2.886579864025407e-15
5,hab_custom,195,aleatorio,0.08975727229736732,2.886579864025407e-15
5,hab_custom,196,aleatorio,1.7943341660777596,2.886579864025407e-15
5,hab_custom,197,aleatorio,0.7718051943127606,2.886579864025407e-15
5,hab_custom,198,aleatorio,2.847753638255819,2.886579864025407e-15
5,hab_custom,199,aleatorio,0.6724702667428049,2.886579864025407e-15
5,hab_custom,200,aleatorio,0.6510712888153193,2.886579864025407e-15
5,hab_custom,201,aleatorio,7.500777348593014e-13,2.886579864025407e-15
5,hab_custom,202,aleatorio,1.4305898474293683,2.886579864025407e-15
5,hab_custom,203,aleatorio,1.569753561704986,2.886579864025407e-15
5,hab_custom,204,aleatorio,1.603644267409093,2.886579864025407e-15
5,hab_custom,205,aleatorio,0.643322288977853,2.886579864025407e-15
5,hab_custom,206,aleatorio,0.7047919542514406,2.886579864025407e-15
5,hab_custom,207,aleatorio,0.4741706516514789,2.886579864025407e-15
5,hab_custom,208,aleatorio,2.361956470926439,2.886579864025407e-15
5,hab_custom,209,aleatorio,0.02040566902854618,2.886579864025407e-15
5,hab_custom,210,aleatorio,9.930136612989092e-16,2.886579864025407e-15
5,hab_custom,211,aleatorio,0.6326346132473029,2.886579864025407e-15
5,hab_custom,212,aleatorio,3.0769563951711816,2.886579864025407e-15
5,hab_custom,213,aleatorio,1.1045395725941878,2.886579864025407e-15
5,hab_custom,214,aleatorio,2.2585861790830672,2.886579864025407e-15
5,hab_custom,215,aleatorio,0.7655028855493791,2.886579864025407e-15
5,hab_custom,216,aleatorio,0.9219977969951246,2.886579864025407e-15
5,hab_custom,217,aleatorio,3.514758502317424,2.886579864025407e-15
5,hab_custom,218,aleatorio,4.0777978331912985,2.886579864025407e-15
5,hab_custom,219,aleatorio,1.5466768876388095,2.886579864025407e-15
5,hab_custom,220,aleatorio,0.7242289969739873,2.886579864025407e-15
5,hab_custom,221,aleatorio,1.0576743456885801e-13,2.886579864025407e-15
5,hab_custom,222,aleatorio,0.49368114041504013,2.886579864025407e-15
5,hab_custom,223,aleatorio,2.4093710178739585,2.886579864025407e-15
5,hab_custom,224,aleatorio,1.5573797060385428,2.886579864025407e-15
5,hab_custom,225,aleatorio,0.47291612982867354,2.886579864025407e-15
5,hab_custom,226,aleatorio,6.404418109208124e-13,2.886579864025407e-15
5,hab_custom,227,aleatorio,0.527446478614011,2.886579864025407e-15
5,hab_custom,228,aleatorio,0.19259450409308168,2.886579864025407e-15
5,hab_custom,229,aleatorio,1.2929625011302004,2.886579864025407e-15
5,hab_custom,230,aleatorio,1.392119534041476,2.886579864025407e-15
5,hab_custom,231,aleatorio,5.532504079230531e-11,2.886579864025407e-15
5,hab_custom,232,aleatorio,0.0025927087098641826,2.886579864025407e-15
5,hab_custom,233,aleatorio,1.5769870855947328,2.886579864025407e-15
5,hab_custom,234,aleatorio,5.433138184748823,2.886579864025407e-15
5,hab_custom,235,aleatorio,1.5409189289064036,2.886579864025407e-15
5,hab_custom,236,aleatorio,3.834125376859232,2.886579864025407e-15
5,hab_custom,237,aleatorio,0.030210101896866216,2.886579864025407e-15
5,hab_custom,238,aleatorio,3.2718546021796104,2.886579864025407e-15
5,hab_custom,239,aleatorio,1.6507134776436745,2.886579864025407e-15
5,hab_custom,240,aleatorio,0.27250529075967533,2.886579864025407e-15
5,hab_custom,241,aleatorio,2.6822376678292366,2.886579864025407e-15
5,hab_custom,242,aleatorio,3.069145330360766,2.886579864025407e-15
5,hab_custom,243,aleatorio,2.4567516595332233,2.886579864025407e-15
5,hab_custom,244,aleatorio,1.0086322484566204,2.886579864025407e-15
5,hab_custom,245,aleatorio,0.6913147858376006,2.886579864025407e-15
5,hab_custom,246,aleatorio,5.35943707021774e-14,2.886579864025407e-15
5,hab_custom,247,aleatorio,0.208986837057995,2.886579864025407e-15
5,hab_custom,248,aleatorio,0.014350019719523783,2.886579864025407e-15
5,hab_custom,249,aleatorio,2.7703121822457013,2.886579864025407e-15
5,hab_custom,250,aleatorio,5.818203652710129,2.886579864025407e-15
5,hab_custom,251,aleatorio,7.415454027758769,2.886579864025407e-15
5,hab_custom,252,aleatorio,2.7142790518773214,2.886579864025407e-15
5,hab_custom,253,aleatorio,0.39087768804781775,2.886579864025407e-15
5,hab_custom,254,aleatorio,0.9597482991781441,2.886579864025407e-15
5,hab_custom,255,aleatorio,8.005932084973442e-16,2.886579864025407e-15
5,hab_custom,256,aleatorio,2.0280635841812478,2.886579864025407e-15
5,hab_custom,257,aleatorio,2.071743977727358,2.886579864025407e-15
5,hab_custom,258,aleatorio,2.5842302812608047,2.886579864025407e-15
5,hab_custom,259,aleatorio,1.864249265941741e-14,2.886579864025407e-15
5,hab_custom,260,aleatorio,5.739618734260122,2.886579864025407e-15
5,hab_custom,261,aleatorio,5.573988798926385,2.886579864025407e-15
5,hab_custom,262,aleatorio,0.15510126196966695,2.886579864025407e-15
5,hab_custom,263,aleatorio,0.2883351047533852,2.886579864025407e-15
5,hab_custom,264,aleatorio,1.1383777919101106,2.886579864025407e-15
5,hab_custom,265,aleatorio,3.0846800222318955,2.886579864025407e-15
5,hab_custom,266,aleatorio,2.6108614944136144,2.886579864025407e-15
5,hab_custom,267,aleatorio,6.1299681274687945,2.886579864025407e-15
5,hab_custom,268,aleatorio,0.47499264366747895,2.886579864025407e-15
5,hab_custom,269,aleatorio,0.7958619138004658,2.886579864025407e-15
5,hab_custom,270,aleatorio,0.015824340551407162,2.886579864025407e-15
5,hab_custom,271,aleatorio,1.0193721118644188,2.886579864025407e-15
5,hab_custom,272,aleatorio,9.50197851991224e-16,2.886579864025407e-15
5,hab_custom,273,aleatorio,1.0681803730371922,2.886579864025407e-15
5,hab_custom,274,aleatorio,0.3145613349339336,2.886579864025407e-15
5,hab_custom,275,aleatorio,1.0614939820707569e-13,2.886579864025407e-15
5,hab_custom,276,aleatorio,9.689041707476102e-15,2.886579864025407e-15
5,hab_custom,277,aleatorio,3.135812955857936,2.886579864025407e-15
5,hab_custom,278,aleatorio,1.8464882371895164,2.886579864025407e-15
5,hab_custom,279,aleatorio,1.7448877659046678e-14,2.886579864025407e-15
5,hab_custom,280,aleatorio,0.7194503360413156,2.886579864025407e-15
5,hab_custom,281,aleatorio,0.2945488455797518,2.886579864025407e-15
5,hab_custom,282,aleatorio,0.09696639069780497,2.886579864025407e-15
5,hab_custom,283,aleatorio,1.4895204919483639e-15,2.886579864025407e-15
5,hab_custom,284,aleatorio,2.1859386806050165e-12,2.886579864025407e-15
5,hab_custom,285,aleatorio,3.8594876630328936,2.886579864025407e-15
5,hab_custom,286,aleatorio,2.3914935841127266e-15,2.886579864025407e-15
5,hab_custom,287,aleatorio,0.9485564524679561,2.886579864025407e-15
5,hab_custom,288,aleatorio,1.0826230641862942,2.886579864025407e-15
5,hab_custom,289,aleatorio,0.16414243172235693,2.886579864025407e-15
5,hab_custom,290,aleatorio,0.02622287164024244,2.886579864025407e-15
5,hab_custom,291,aleatorio,4.597928610659704,2.886579864025407e-15
5,hab_custom,292,aleatorio,1.016925079997207,2.886579864025407e-15
5,hab_custom,293,aleatorio,1.2860490822809683,2.886579864025407e-15
5,hab_custom,294,aleatorio,0.8691769742120359,2.886579864025407e-15
5,hab_custom,295,aleatorio,1.0212989818881894e-13,2.886579864025407e-15
5,hab_custom,296,aleatorio,86.76478136779905,2.886579864025407e-15
5,hab_custom,297,aleatorio,1.849401350545454,2.886579864025407e-15
5,hab_custom,298,aleatorio,4.179724648221521,2.886579864025407e-15
5,hab_custom,299,aleatorio,2.830354012893725,2.886579864025407e-15
5,hab_custom,300,aleatorio,7.540630786285308,2.886579864025407e-15
5,hab_custom,301,aleatorio,2.1576148115105998,2.886579864025407e-15
5,hab_custom,302,aleatorio,2.7939345078588116,2.886579864025407e-15
5,hab_custom,303,aleatorio,4.32705807738591e-12,2.886579864025407e-15
5,hab_custom,304,aleatorio,1.2761983485803846e-13,2.886579864025407e-15
5,hab_custom,305,aleatorio,3.0853978030107857e-12,2.886579864025407e-15
5,hab_custom,306,aleatorio,0.251646543982547,2.886579864025407e-15
5,hab_custom,307,aleatorio,2.366442834937155,2.886579864025407e-15
5,hab_custom,308,aleatorio,0.5995309775645189,2.886579864025407e-15
5,hab_custom,309,aleatorio,1.8694116727660335,2.886579864025407e-15
5,hab_custom,310,aleatorio,0.46472998675157395,2.886579864025407e-15
5,hab_custom,311,aleatorio,9.755709918793613,2.886579864025407e-15
5,hab_custom,312,aleatorio,0.8633154938279735,2.886579864025407e-15
5,hab_custom,313,aleatorio,6.673937879680108,2.886579864025407e-15
5,hab_custom,314,aleatorio,0.49192917559644556,2.886579864025407e-15
5,hab_custom,315,aleatorio,0.07063656147687655,2.886579864025407e-15
5,hab_custom,316,aleatorio,0.4918413350690428,2.886579864025407e-15
5,hab_custom,317,aleatorio,3.4558550583368115,2.886579864025407e-15
5,hab_custom,318,aleatorio,2.9717116694007597,2.886579864025407e-15
5,hab_custom,319,aleatorio,1.1632223130003674,2.886579864025407e-15
5,hab_custom,320,aleatorio,0.29807096607513134,2.886579864025407e-15
5,hab_custom,321,aleatorio,0.2111264054291161,2.886579864025407e-15
5,hab_custom,322,aleatorio,1.1328977033038334,2.886579864025407e-15
5,hab_custom,323,aleatorio,0.7909889434467763,2.886579864025407e-15
5,hab_custom,324,aleatorio,0.8979522016425574,2.886579864025407e-15
5,hab_custom,325,aleatorio,3.3627847204873526e-14,2.886579864025407e-15
5,hab_custom,326,aleatorio,0.46154364157214217,2.886579864025407e-15
5,hab_custom,327,aleatorio,4.9722380341423635,2.886579864025407e-15
5,hab_custom,328,aleatorio,1.472877282518059e-15,2.886579864025407e-15
5,hab_custom,329,aleatorio,2.633844586841894,2.886579864025407e-15
5,hab_custom,330,aleatorio,0.3830217971556162,2.886579864025407e-15
5,hab_custom,331,aleatorio,0.6254465582581586,2.886579864025407e-15
5,hab_custom,332,aleatorio,2.449841726281932,2.886579864025407e-15
5,hab_custom,333,aleatorio,2.2907170850764933,2.886579864025407e-15
5,hab_custom,334,aleatorio,3.508669349210722,2.886579864025407e-15
5,hab_custom,335,aleatorio,2.1055060935150382e-11,2.886579864025407e-15
5,hab_custom,336,aleatorio,1.1422700771910158e-12,2.886579864025407e-15
5,hab_custom,337,aleatorio,3.4497173633729124e-11,2.886579864025407e-15
5,hab_custom,338,aleatorio,0.6901240413701507,2.886579864025407e-15
5,hab_custom,339,aleatorio,0.016246229349610813,2.886579864025407e-15
5,hab_custom,340,aleatorio,7.377764055609925e-15,2.886579864025407e-15
5,hab_custom,341,aleatorio,1.6488576747792107,2.886579864025407e-15
5,hab_custom,342,aleatorio,0.5832342704409156,2.886579864025407e-15
5,hab_custom,343,aleatorio,0.4429714763358323,2.886579864025407e-15
5,hab_custom,344,aleatorio,0.7723668457326791,2.886579864025407e-15
5,hab_custom,345,aleatorio,14.416995876799074,2.886579864025407e-15
5,hab_custom,346,aleatorio,4.159769059080457,2.886579864025407e-15
5,hab_custom,347,aleatorio,0.19458861712502862,2.886579864025407e-15
5,hab_custom,348,aleatorio,5.717918904346146e-13,2.886579864025407e-15
5,hab_custom,349,aleatorio,1.291102407471506,2.886579864025407e-15
5,hab_custom,350,aleatorio,1.8955993666745379,2.886579864025407e-15
5,hab_custom,351,aleatorio,0.6139996738715269,2.886579864025407e-15
5,hab_custom,352,aleatorio,1.4487542202254131,2.886579864025407e-15
5,hab_custom,353,aleatorio,9.155133597044475e-16,2.886579864025407e-15
5,hab_custom,354,aleatorio,5.207449960107888,2.886579864025407e-15
5,hab_custom,355,aleatorio,1.1529340988454244,2.886579864025407e-15
5,hab_custom,356,aleatorio,0.03895597194873219,2.886579864025407e-15
5,hab_custom,357,aleatorio,2.897284052631,2.886579864025407e-15
5,hab_custom,358,aleatorio,1.075098666207837,2.886579864025407e-15
5,hab_custom,359,aleatorio,0.04306333522837701,2.886579864025407e-15
5,hab_custom,360,aleatorio,3.131250789839628,2.886579864025407e-15
5,hab_custom,361,aleatorio,1.3871811135863774,2.886579864025407e-15
5,hab_custom,362,aleatorio,2.082963028648268e-15,2.886579864025407e-15
5,hab_custom,363,aleatorio,2.0895065982872287,2.886579864025407e-15
5,hab_custom,364,aleatorio,0.5255454332850834,2.886579864025407e-15
5,hab_custom,365,aleatorio,2.0199348076995114,2.886579864025407e-15
5,hab_custom,366,aleatorio,0.08999047813682648,2.886579864025407e-15
5,hab_custom,367,aleatorio,0.05244441528252956,2.886579864025407e-15
5,hab_custom,368,aleatorio,0.7817739369362666,2.886579864025407e-15
5,hab_custom,369,aleatorio,0.41555839600909206,2.886579864025407e-15
5,hab_custom,370,aleatorio,0.46852297363012824,2.886579864025407e-15
5,hab_custom,371,aleatorio,0.0714223845003981,2.886579864025407e-15
5,hab_custom,372,aleatorio,2.4289564231505434,2.886579864025407e-15
5,hab_custom,373,aleatorio,1.0421742165028704e-10,2.886579864025407e-15
5,hab_custom,374,aleatorio,0.558083880687997,2.886579864025407e-15
5,hab_custom,375,aleatorio,2.0429784570994514,2.886579864025407e-15
5,hab_custom,376,aleatorio,0.8635316235953675,2.886579864025407e-15
5,hab_custom,377,aleatorio,3.2559399190715763,2.886579864025407e-15
5,hab_custom,378,aleatorio,1.3537290757483949,2.886579864025407e-15
5,hab_custom,379,aleatorio,5.242074100192153,2.886579864025407e-15
5,hab_custom,380,aleatorio,4.762494855473713,2.886579864025407e-15
5,hab_custom,381,aleatorio,0.36964447676263423,2.886579864025407e-15
5,hab_custom,382,aleatorio,3.822254545653396e-12,2.886579864025407e-15
5,hab_custom,383,aleatorio,1.961322647367783e-13,2.886579864025407e-15
5,hab_custom,384,aleatorio,2.0286023461052833,2.886579864025407e-15
5,hab_custom,385,aleatorio,1.6270565997208564,2.886579864025407e-15
5,hab_custom,386,aleatorio,0.34154717252684563,2.886579864025407e-15
5,hab_custom,387,aleatorio,4.819912022592079,2.886579864025407e-15
5,hab_custom,388,aleatorio,0.8127048781873211,2.886579864025407e-15
5,hab_custom,389,aleatorio,0.7885621950255108,2.886579864025407e-15
5,hab_custom,390,aleatorio,0.6455431543580097,2.886579864025407e-15
5,hab_custom,391,aleatorio,0.0899758926775745,2.886579864025407e-15
5,hab_custom,392,aleatorio,1.6628161271769187e-14,2.886579864025407e-15
5,hab_custom,393,aleatorio,3.4451023664537685,2.886579864025407e-15
5,hab_custom,394,aleatorio,2.8309477115700963,2.886579864025407e-15
5,hab_custom,395,aleatorio,12.551499093495337,2.886579864025407e-15
5,hab_custom,396,aleatorio,1.4739626776827857e-12,2.886579864025407e-15
5,hab_custom,397,aleatorio,1.3274898221746387,2.886579864025407e-15
5,hab_custom,398,aleatorio,0.36501793263733884,2.886579864025407e-15
5,hab_custom,399,aleatorio,2.701198823488685,2.886579864025407e-15
5,hab_custom,400,aleatorio,9.276378259907938,2.886579864025407e-15
5,hab_custom,401,aleatorio,4.8401547668909926,2.886579864025407e-15
5,hab_custom,402,aleatorio,2.6337511743440887,2.886579864025407e-15
5,hab_custom,403,aleatorio,3.5057067171684843e-13,2.886579864025407e-15
5,hab_custom,404,aleatorio,5.373664325660411,2.886579864025407e-15
5,hab_custom,405,aleatorio,0.5774207227562604,2.886579864025407e-15
5,hab_custom,406,aleatorio,1.8541596359003316,2.886579864025407e-15
5,hab_custom,407,aleatorio,0.6859187604356959,2.886579864025407e-15
5,hab_custom,408,aleatorio,1.958091897255912,2.886579864025407e-15
5,hab_custom,409,aleatorio,0.00031280138393886353,2.886579864025407e-15
5,hab_custom,410,aleatorio,1.2987032877503053,2.886579864025407e-15
5,hab_custom,411,aleatorio,4.851822530609564,2.886579864025407e-15
5,hab_custom,412,aleatorio,0.3705306830331762,2.886579864025407e-15
5,hab_custom,413,aleatorio,0.8678711527120884,2.886579864025407e-15
5,hab_custom,414,aleatorio,1.1476944077992561,2.886579864025407e-15
5,hab_custom,415,aleatorio,0.6306827708970495,2.886579864025407e-15
5,hab_custom,416,aleatorio,4.177615162926079,2.886579864025407e-15
5,hab_custom,417,aleatorio,3.0665984554397356,2.886579864025407e-15
5,hab_custom,418,aleatorio,0.4446341874130381,2.886579864025407e-15
5,hab_custom,419,aleatorio,6.921935510815281,2.886579864025407e-15
5,hab_custom,420,aleatorio,2.1583607789167565,2.886579864025407e-15
5,hab_custom,421,aleatorio,1.2742275839708705,2.886579864025407e-15
5,hab_custom,422,aleatorio,0.016176022339195812,2.886579864025407e-15
5,hab_custom,423,aleatorio,1.3071526533831666,2.886579864025407e-15
5,hab_custom,424,aleatorio,0.6240603400480991,2.886579864025407e-15
5,hab_custom,425,aleatorio,4.0876114065119733e-14,2.886579864025407e-15
5,hab_custom,426,aleatorio,3.003503377029843,2.886579864025407e-15
5,hab_custom,427,aleatorio,0.08452757425471148,2.886579864025407e-15
5,hab_custom,428,aleatorio,1.842573860906809,2.886579864025407e-15
5,hab_custom,429,aleatorio,0.4178883875762764,2.886579864025407e-15
5,hab_custom,430,aleatorio,0.8560023453483164,2.886579864025407e-15
5,hab_custom,431,aleatorio,0.24381337386990096,2.886579864025407e-15
5,hab_custom,432,aleatorio,1.0723675806106711e-11,2.886579864025407e-15
5,hab_custom,433,aleatorio,2.4864900960210656,2.886579864025407e-15
5,hab_custom,434,aleatorio,3.7352244159295815,2.886579864025407e-15
5,hab_custom,435,aleatorio,1.790180836524724e-15,2.886579864025407e-15
5,hab_custom,436,aleatorio,1.3667391894813254,2.886579864025407e-15
5,hab_custom,437,aleatorio,2.0394286265466084e-14,2.886579864025407e-15
5,hab_custom,438,aleatorio,3.440066060808684,2.886579864025407e-15
5,hab_custom,439,aleatorio,0.9904956262982689,2.886579864025407e-15
5,hab_custom,440,aleatorio,0.8530802096908088,2.886579864025407e-15
5,hab_custom,441,aleatorio,0.6174555427045971,2.886579864025407e-15
5,hab_custom,442,aleatorio,0.7779904433395965,2.886579864025407e-15
5,hab_custom,443,aleatorio,1.426078697050262,2.886579864025407e-15
5,hab_custom,444,aleatorio,2.0399497860403337,2.886579864025407e-15
5,hab_custom,445,aleatorio,0.8456034809112621,2.886579864025407e-15
5,hab_custom,446,aleatorio,3.739814380209182,2.886579864025407e-15
5,hab_custom,447,aleatorio,0.5091549113489588,2.886579864025407e-15
5,hab_custom,448,aleatorio,1.0175362097255202e-15,2.886579864025407e-15
5,hab_custom,449,aleatorio,0.8807766059940871,2.886579864025407e-15
5,hab_custom,450,aleatorio,5.422081755780567,2.886579864025407e-15
5,hab_custom,451,aleatorio,4.676024125205152,2.886579864025407e-15
5,hab_custom,452,aleatorio,2.5732277829991786e-14,2.886579864025407e-15
5,hab_custom,453,aleatorio,3.830907508975046,2.886579864025407e-15
5,hab_custom,454,aleatorio,0.9953015713327461,2.886579864025407e-15
5,hab_custom,455,aleatorio,1.8019766472551357,2.886579864025407e-15
5,hab_custom,456,aleatorio,0.3340124757761788,2.886579864025407e-15
5,hab_custom,457,aleatorio,1.6991922589130037,2.886579864025407e-15
5,hab_custom,458,aleatorio,4.319867377671865,2.886579864025407e-15
5,hab_custom,459,aleatorio,2.3321079639108483e-13,2.886579864025407e-15
5,hab_custom,460,aleatorio,4.965068306494546e-16,2.886579864025407e-15
5,hab_custom,461,aleatorio,3.6876896311876953e-13,2.886579864025407e-15
5,hab_custom,462,aleatorio,1.4217791915866692e-15,2.886579864025407e-15
5,hab_custom,463,aleatorio,2.0121466954358347,2.886579864025407e-15
5,hab_custom,464,aleatorio,0.6551236270443414,2.886579864025407e-15
5,hab_custom,465,aleatorio,1.4608358822100844,2.886579864025407e-15
5,hab_custom,466,aleatorio,3.2249094051205263,2.886579864025407e-15
5,hab_custom,467,aleatorio,0.36754305508590673,2.886579864025407e-15
5,hab_custom,468,aleatorio,3.784447854980383,2.886579864025407e-15
5,hab_custom,469,aleatorio,1.0019109251294436e-14,2.886579864025407e-15
5,hab_custom,470,aleatorio,0.039928469598792656,2.886579864025407e-15
5,hab_custom,471,aleatorio,2.4483072099737386,2.886579864025407e-15
5,hab_custom,472,aleatorio,2.1709343715453033,2.886579864025407e-15
5,hab_custom,473,aleatorio,0.7298206893625179,2.886579864025407e-15
5,hab_custom,474,aleatorio,0.9546632316859823,2.886579864025407e-15
5,hab_custom,475,aleatorio,3.74326343483574,2.886579864025407e-15
5,hab_custom,476,aleatorio,1.0295490525507585,2.886579864025407e-15
5,hab_custom,477,aleatorio,0.8078482073559591,2.886579864025407e-15
5,hab_custom,478,aleatorio,0.8765907648711857,2.886579864025407e-15
5,hab_custom,479,aleatorio,2.3527046508820537,2.886579864025407e-15
5,hab_custom,480,aleatorio,0.433445725457372,2.886579864025407e-15
5,hab_custom,481,aleatorio,2.6172450895737516,2.886579864025407e-15
5,hab_custom,482,aleatorio,0.4447153850633528,2.886579864025407e-15
5,hab_custom,483,aleatorio,1.4121856396451604,2.886579864025407e-15
5,hab_custom,484,aleatorio,0.5099331419691668,2.886579864025407e-15
5,hab_custom,485,aleatorio,0.13153366420792864,2.886579864025407e-15
5,hab_custom,486,aleatorio,3.4912694470439156,2.886579864025407e-15
5,hab_custom,487,aleatorio,1.3920786906028226,2.886579864025407e-15
5,hab_custom,488,aleatorio,3.447166315776821,2.886579864025407e-15
5,hab_custom,489,aleatorio,1.33548212843031,2.886579864025407e-15
5,hab_custom,490,aleatorio,0.14422893564361305,2.886579864025407e-15
5,hab_custom,491,aleatorio,0.4135742574903003,2.886579864025407e-15
5,hab_custom,492,aleatorio,0.5666826746832915,2.886579864025407e-15
5,hab_custom,493,aleatorio,0.3860278741426712,2.886579864025407e-15
5,hab_custom,494,aleatorio,3.2774617697521867e-12,2.886579864025407e-15
5,hab_custom,495,aleatorio,0.05490642008328946,2.886579864025407e-15
5,hab_custom,496,aleatorio,0.7807318148047468,2.886579864025407e-15
5,hab_custom,497,aleatorio,1.8162501754426328,2.886579864025407e-15
5,hab_custom,498,aleatorio,1.0539686197185276,2.886579864025407e-15
5,hab_custom,499,aleatorio,0.15016333077870916,2.886579864025407e-15
5,hab_custom,500,aleatorio,2.7465400791133423e-15,2.886579864025407e-15
5,hab_custom,501,aleatorio,3.3009303617866928e-15,2.886579864025407e-15
5,hab_custom,502,aleatorio,1.6011864169946884e-15,2.886579864025407e-15
5,hab_custom,503,aleatorio,3.5240942465316385,2.886579864025407e-15
5,hab_custom,504,aleatorio,2.2693622783784515,2.886579864025407e-15
5,hab_custom,505,aleatorio,3.631048994976792,2.886579864025407e-15
5,hab_custom,506,aleatorio,4.749942075193291,2.886579864025407e-15
5,hab_custom,507,aleatorio,4.441949368593855e-11,2.886579864025407e-15
5,hab_custom,508,aleatorio,1.6577762858954348,2.886579864025407e-15
5,hab_custom,509,aleatorio,0.11987137114918743,2.886579864025407e-15
5,hab_custom,510,aleatorio,1.8855285597612903,2.886579864025407e-15
5,hab_custom,511,aleatorio,1.6955962447333928,2.886579864025407e-15
5,hab_custom,512,aleatorio,0.23536457055766236,2.886579864025407e-15
5,hab_custom,513,aleatorio,0.9854432114312472,2.886579864025407e-15
5,hab_custom,514,aleatorio,3.696120430663147,2.886579864025407e-15
5,hab_custom,515,aleatorio,0.8339266897765181,2.886579864025407e-15
5,hab_custom,516,aleatorio,2.4288368889084886,2.886579864025407e-15
5,hab_custom,517,aleatorio,1.6365577650359031,2.886579864025407e-15
5,hab_custom,518,aleatorio,0.5206013996863883,2.886579864025407e-15
5,hab_custom,519,aleatorio,2.2670103769123378,2.886579864025407e-15
5,hab_custom,520,aleatorio,4.582480622122491,2.886579864025407e-15
5,hab_custom,521,aleatorio,1.5737168573624265,2.886579864025407e-15
5,hab_custom,522,aleatorio,0.5584504913705111,2.886579864025407e-15
5,hab_custom,523,aleatorio,0.9309332903562014,2.886579864025407e-15
5,hab_custom,524,aleatorio,0.47010467229374364,2.886579864025407e-15
5,hab_custom,525,aleatorio,0.8206811953827294,2.886579864025407e-15
5,hab_custom,526,aleatorio,2.054657711073766,2.886579864025407e-15
5,hab_custom,527,aleatorio,3.495763947853317,2.886579864025407e-15
5,hab_custom,528,aleatorio,2.259843531458206,2.886579864025407e-15
5,hab_custom,529,aleatorio,0.029890841508162194,2.886579864025407e-15
5,hab_custom,530,aleatorio,1.4622062259971293,2.886579864025407e-15
5,hab_custom,531,aleatorio,0.35220070621125216,2.886579864025407e-15
5,hab_custom,532,aleatorio,0.43805407996239026,2.886579864025407e-15
5,hab_custom,533,aleatorio,0.12074158093686224,2.886579864025407e-15
5,hab_custom,534,aleatorio,0.0016817295150937826,2.886579864025407e-15
5,hab_custom,535,aleatorio,0.07177943472910481,2.886579864025407e-15
5,hab_custom,536,aleatorio,3.1225326202217287,2.886579864025407e-15
5,hab_custom,537,aleatorio,0.3847644641488153,2.886579864025407e-15
5,hab_custom,538,aleatorio,6.661338147750939e-16,2.886579864025407e-15
5,hab_custom,539,aleatorio,2.667635562743452,2.886579864025407e-15
5,hab_custom,540,aleatorio,2.0100178656204832,2.886579864025407e-15
5,hab_custom,541,aleatorio,1.2526023316117167e-13,2.886579864025407e-15
5,hab_custom,542,aleatorio,0.9597743147303126,2.886579864025407e-15
5,hab_custom,543,aleatorio,0.5515046647456123,2.886579864025407e-15
5,hab_custom,544,aleatorio,0.39570226804788206,2.886579864025407e-15
5,hab_custom,545,aleatorio,3.0915070999471657,2.886579864025407e-15
5,hab_custom,546,aleatorio,0.4470164747578419,2.886579864025407e-15
5,hab_custom,547,aleatorio,0.9185416732090194,2.886579864025407e-15
5,hab_custom,548,aleatorio,0.7861530933727755,2.886579864025407e-15
5,hab_custom,549,aleatorio,1.46642315972192,2.886579864025407e-15
5,hab_custom,550,aleatorio,0.7924939494629312,2.886579864025407e-15
5,hab_custom,551,aleatorio,2.2676999501326827,2.886579864025407e-15
5,hab_custom,552,aleatorio,7.145668969459644e-13,2.886579864025407e-15
5,hab_custom,553,aleatorio,0.8696542390980523,2.886579864025407e-15
5,hab_custom,554,aleatorio,1.4420584135155472,2.886579864025407e-15
5,hab_custom,555,aleatorio,0.9602314942289012,2.886579864025407e-15
5,hab_custom,556,aleatorio,0.4910840547388163,2.886579864025407e-15
5,hab_custom,557,aleatorio,0.16407180930920787,2.886579864025407e-15
5,hab_custom,558,aleatorio,2.0265360149063407,2.886579864025407e-15
5,hab_custom,559,aleatorio,2.283228606981858,2.886579864025407e-15
5,hab_custom,560,aleatorio,0.55098921333957,2.886579864025407e-15
5,hab_custom,561,aleatorio,0.8424983614123552,2.886579864025407e-15
5,hab_custom,562,aleatorio,1.3031824157281599e-13,2.886579864025407e-15
5,hab_custom,563,aleatorio,0.4885749160254554,2.886579864025407e-15
5,hab_custom,564,aleatorio,1.8028093387834725,2.886579864025407e-15
5,hab_custom,565,aleatorio,1.2241642582089922,2.886579864025407e-15
5,hab_custom,566,aleatorio,1.723303305546858,2.886579864025407e-15
5,hab_custom,567,aleatorio,2.12001614318331e-13,2.886579864025407e-15
5,hab_custom,568,aleatorio,1.1169459281599694,2.886579864025407e-15
5,hab_custom,569,aleatorio,0.735027165148037,2.886579864025407e-15
5,hab_custom,570,aleatorio,3.095025592813296,2.886579864025407e-15
5,hab_custom,571,aleatorio,0.6371322431020568,2.886579864025407e-15
5,hab_custom,572,aleatorio,1.352252055047563,2.886579864025407e-15
5,hab_custom,573,aleatorio,2.6665035813139313,2.886579864025407e-15
5,hab_custom,574,aleatorio,0.42211278544205966,2.886579864025407e-15
5,hab_custom,575,aleatorio,2.8308779803090207,2.886579864025407e-15
5,hab_custom,576,aleatorio,2.1344336349691457,2.886579864025407e-15
5,hab_custom,577,aleatorio,2.677495183484589,2.886579864025407e-15
5,hab_custom,578,aleatorio,0.3858873200720486,2.886579864025407e-15
5,hab_custom,579,aleatorio,0.5590415330806252,2.886579864025407e-15
5,hab_custom,580,aleatorio,0.03412576865297141,2.886579864025407e-15
5,hab_custom,581,aleatorio,0.5168895033143788,2.886579864025407e-15
5,hab_custom,582,aleatorio,14.036438609083415,2.886579864025407e-15
5,hab_custom,583,aleatorio,1.2477827857857426,2.886579864025407e-15
5,hab_custom,584,aleatorio,1.346729952497078,2.886579864025407e-15
5,hab_custom,585,aleatorio,0.529846457275646,2.886579864025407e-15
5,hab_custom,586,aleatorio,0.5053454624607567,2.886579864025407e-15
5,hab_custom,587,aleatorio,9.930136612989092e-16,2.886579864025407e-15
5,hab_custom,588,aleatorio,0.39561110541821254,2.886579864025407e-15
5,hab_custom,589,aleatorio,0.39285299858506345,2.886579864025407e-15
5,hab_custom,590,aleatorio,0.5327654942965904,2.886579864025407e-15
5,hab_custom,591,aleatorio,0.22202097411720584,2.886579864025407e-15
5,hab_custom,592,aleatorio,2.9790409838967277e-15,2.886579864025407e-15
5,hab_custom,593,aleatorio,0.28524356209922463,2.886579864025407e-15
5,hab_custom,594,aleatorio,0.31534322959385047,2.886579864025407e-15
5,hab_custom,595,aleatorio,1.2070586026475953,2.886579864025407e-15
5,hab_custom,596,aleatorio,0.5883744425086378,2.886579864025407e-15
5,hab_custom,597,aleatorio,2.491672576971085,2.886579864025407e-15
5,hab_custom,598,aleatorio,0.6067588814778219,2.886579864025407e-15
5,hab_custom,599,aleatorio,0.3419396910837777,2.886579864025407e-15
5,hab_custom,600,aleatorio,1.0959200373197812e-14,2.886579864025407e-15
5,hab_custom,601,aleatorio,2.11574922603862,2.886579864025407e-15
5,hab_custom,602,aleatorio,1.1343921635906948,2.886579864025407e-15
5,hab_custom,603,aleatorio,1.2784123014439002e-12,2.886579864025407e-15
5,hab_custom,604,aleatorio,4.444064588769893,2.886579864025407e-15
5,hab_custom,605,aleatorio,0.4767580735257127,2.886579864025407e-15
5,hab_custom,606,aleatorio,4.616229351214811,2.886579864025407e-15
5,hab_custom,607,aleatorio,0.10581410939577493,2.886579864025407e-15
5,hab_custom,608,aleatorio,3.3538032182432693,2.886579864025407e-15
5,hab_custom,609,aleatorio,0.2952204092133163,2.886579864025407e-15
5,hab_custom,610,aleatorio,1.1659634645549612,2.886579864025407e-15
5,hab_custom,611,aleatorio,2.8711646910411037,2.886579864025407e-15
5,hab_custom,612,aleatorio,0.9256888177412718,2.886579864025407e-15
5,hab_custom,613,aleatorio,0.44991515718696495,2.886579864025407e-15
5,hab_custom,614,aleatorio,1.2521189578306327e-13,2.886579864025407e-15
5,hab_custom,615,aleatorio,1.0865849572940944,2.886579864025407e-15
5,hab_custom,616,aleatorio,3.0393662204495002,2.886579864025407e-15
5,hab_custom,617,aleatorio,0.17034276572856233,2.886579864025407e-15
5,hab_custom,618,aleatorio,6.203633797966546e-14,2.886579864025407e-15
5,hab_custom,619,aleatorio,0.041244638359706445,2.886579864025407e-15
5,hab_custom,620,aleatorio,0.21644280064672092,2.886579864025407e-15
5,hab_custom,621,aleatorio,0.7956896170623056,2.886579864025407e-15
5,hab_custom,622,aleatorio,1.5559729940900848,2.886579864025407e-15
5,hab_custom,623,aleatorio,1.0518398738615924,2.886579864025407e-15
5,hab_custom,624,aleatorio,1.758564835536459,2.886579864025407e-15
5,hab_custom,625,aleatorio,3.2882232408227896,2.886579864025407e-15
5,hab_custom,626,aleatorio,2.5989654674417885e-15,2.886579864025407e-15
5,hab_custom,627,aleatorio,1.6415818738939996,2.886579864025407e-15
5,hab_custom,628,aleatorio,2.0016467856397075,2.886579864025407e-15
5,hab_custom,629,aleatorio,0.3976182457417702,2.886579864025407e-15
5,hab_custom,630,aleatorio,2.316058023897094,2.886579864025407e-15
5,hab_custom,631,aleatorio,1.5565754944778014,2.886579864025407e-15
5,hab_custom,632,aleatorio,0.6421190840725041,2.886579864025407e-15
5,hab_custom,633,aleatorio,4.054397985786139e-13,2.886579864025407e-15
5,hab_custom,634,aleatorio,0.3178993643030792,2.886579864025407e-15
5,hab_custom,635,aleatorio,3.938793261936447e-11,2.886579864025407e-15
5,hab_custom,636,aleatorio,5.697488247924761e-13,2.886579864025407e-15
5,hab_custom,637,aleatorio,0.5563298202288562,2.886579864025407e-15
5,hab_custom,638,aleatorio,2.025285002786419,2.886579864025407e-15
5,hab_custom,639,aleatorio,0.06361363123513819,2.886579864025407e-15
5,hab_custom,640,aleatorio,2.964524164554547e-15,2.886579864025407e-15
5,hab_custom,641,aleatorio,1.0865244014949236e-13,2.886579864025407e-15
5,hab_custom,642,aleatorio,1.826433683632666,2.886579864025407e-15
5,hab_custom,643,aleatorio,0.04139192899706452,2.886579864025407e-15
5,hab_custom,644,aleatorio,0.6730303385873769,2.886579864025407e-15
5,hab_custom,645,aleatorio,0.5222347916519922,2.886579864025407e-15
5,hab_custom,646,aleatorio,0.3453709387469282,2.886579864025407e-15
5,hab_custom,647,aleatorio,4.713515138955995e-12,2.886579864025407e-15
5,hab_custom,648,aleatorio,1.0822539029072102,2.886579864025407e-15
5,hab_custom,649,aleatorio,2.4015610088454585e-11,2.886579864025407e-15
5,hab_custom,650,aleatorio,0.5082458869561349,2.886579864025407e-15
5,hab_custom,651,aleatorio,2.8133058270652294,2.886579864025407e-15
5,hab_custom,652,aleatorio,1.9001481872982626,2.886579864025407e-15
5,hab_custom,653,aleatorio,0.25017597427650295,2.886579864025407e-15
5,hab_custom,654,aleatorio,1.4856526191611916,2.886579864025407e-15
5,hab_custom,655,aleatorio,1.4261072965499199e-15,2.886579864025407e-15
5,hab_custom,656,aleatorio,0.9286457118969499,2.886579864025407e-15
5,hab_custom,657,aleatorio,9.930131530513236,2.886579864025407e-15
5,hab_custom,658,aleatorio,1.5400860773020518e-12,2.886579864025407e-15
5,hab_custom,659,aleatorio,1.3353592153118699,2.886579864025407e-15
5,hab_custom,660,aleatorio,0.5823706141952927,2.886579864025407e-15
5,hab_custom,661,aleatorio,1.0931879459583345,2.886579864025407e-15
5,hab_custom,662,aleatorio,0.11120866458238225,2.886579864025407e-15
5,hab_custom,663,aleatorio,0.05852098364751438,2.886579864025407e-15
5,hab_custom,664,aleatorio,3.0927234722497852e-15,2.886579864025407e-15
5,hab_custom,665,aleatorio,1.1656326529985952,2.886579864025407e-15
5,hab_custom,666,aleatorio,0.2740110312768611,2.886579864025407e-15
5,hab_custom,667,aleatorio,1.8395158898127544,2.886579864025407e-15
5,hab_custom,668,aleatorio,3.6015052784687334,2.886579864025407e-15
5,hab_custom,669,aleatorio,0.4190251512554991,2.886579864025407e-15
5,hab_custom,670,aleatorio,8.99993078155301,2.886579864025407e-15
5,hab_custom,671,aleatorio,2.1171791561759568,2.886579864025407e-15
5,hab_custom,672,aleatorio,7.718330513545276e-13,2.886579864025407e-15
5,hab_custom,673,aleatorio,0.5666542288448208,2.886579864025407e-15
5,hab_custom,674,aleatorio,1.9771606442491374,2.886579864025407e-15
5,hab_custom,675,aleatorio,11.0895998375431,2.886579864025407e-15
5,hab_custom,676,aleatorio,1.8757326352853065,2.886579864025407e-15
5,hab_custom,677,aleatorio,0.5781116874537806,2.886579864025407e-15
5,hab_custom,678,aleatorio,0.6341403182171843,2.886579864025407e-15
5,hab_custom,679,aleatorio,5.5951723736294445,2.886579864025407e-15
5,hab_custom,680,aleatorio,4.545815973008649,2.886579864025407e-15
5,hab_custom,681,aleatorio,2.117863717684118,2.886579864025407e-15
5,hab_custom,682,aleatorio,0.05008250524367487,2.886579864025407e-15
5,hab_custom,683,aleatorio,1.6646222763169913,2.886579864025407e-15
5,hab_custom,684,aleatorio,2.9839900316976387,2.886579864025407e-15
5,hab_custom,685,aleatorio,5.80155201606456,2.886579864025407e-15
5,hab_custom,686,aleatorio,5.059561062552731,2.886579864025407e-15
5,hab_custom,687,aleatorio,1.922377773553828,2.886579864025407e-15
5,hab_custom,688,aleatorio,3.6455618772138165,2.886579864025407e-15
5,hab_custom,689,aleatorio,0.28681879761927964,2.886579864025407e-15
5,hab_custom,690,aleatorio,0.3774698865482588,2.886579864025407e-15
5,hab_custom,691,aleatorio,2.2389888602569106,2.886579864025407e-15
5,hab_custom,692,aleatorio,1.4417743559112537,2.886579864025407e-15
5,hab_custom,693,aleatorio,1.6924378807187666,2.886579864025407e-15
5,hab_custom,694,aleatorio,3.8092128779593906,2.886579864025407e-15
5,hab_custom,695,aleatorio,0.4538885243914671,2.886579864025407e-15
5,hab_custom,696,aleatorio,0.8174491485302208,2.886579864025407e-15
5,hab_custom,697,aleatorio,0.354487158192536,2.886579864025407e-15
5,hab_custom,698,aleatorio,4.280418133824497,2.886579864025407e-15
5,hab_custom,699,aleatorio,3.7587469273548226,2.886579864025407e-15
5,hab_custom,700,aleatorio,1.735332934661707,2.886579864025407e-15
5,hab_custom,701,aleatorio,5.881367902643425,2.886579864025407e-15
5,hab_custom,702,aleatorio,3.4595454019207095,2.886579864025407e-15
5,hab_custom,703,aleatorio,2.5598446037445832,2.886579864025407e-15
5,hab_custom,704,aleatorio,2.207677328205583,2.886579864025407e-15
5,hab_custom,705,aleatorio,0.5200017941516983,2.886579864025407e-15
5,hab_custom,706,aleatorio,5.559772339502162,2.886579864025407e-15
5,hab_custom,707,aleatorio,1.141030739373234,2.886579864025407e-15
5,hab_custom,708,aleatorio,168.8378256732892,2.886579864025407e-15
5,hab_custom,709,aleatorio,3.6874704613773965,2.886579864025407e-15
5,hab_custom,710,aleatorio,0.5036790904125077,2.886579864025407e-15
5,hab_custom,711,aleatorio,0.12477407331622867,2.886579864025407e-15
5,hab_custom,712,aleatorio,0.14366270734703515,2.886579864025407e-15
5,hab_custom,713,aleatorio,2.0640435111102184,2.886579864025407e-15
5,hab_custom,714,aleatorio,0.12976450395603337,2.886579864025407e-15
5,hab_custom,715,aleatorio,1.8684783783632934,2.886579864025407e-15
5,hab_custom,716,aleatorio,7.420621544457625e-11,2.886579864025407e-15
5,hab_custom,717,aleatorio,0.5728143145153882,2.886579864025407e-15
5,hab_custom,718,aleatorio,0.12169294346159132,2.886579864025407e-15
5,hab_custom,719,aleatorio,2.159452409360162,2.886579864025407e-15
5,hab_custom,720,aleatorio,0.13294515399964435,2.886579864025407e-15
5,hab_custom,721,aleatorio,3.5316059011921768,2.886579864025407e-15
5,hab_custom,722,aleatorio,1.9151086513688622,2.886579864025407e-15
5,hab_custom,723,aleatorio,1.989503051903849,2.886579864025407e-15
5,hab_custom,724,aleatorio,0.9447897484947156,2.886579864025407e-15
5,hab_custom,725,aleatorio,0.23827928691295533,2.886579864025407e-15
5,hab_custom,726,aleatorio,0.672118871129904,2.886579864025407e-15
5,hab_custom,727,aleatorio,0.29970266217030295,2.886579864025407e-15
5,hab_custom,728,aleatorio,2.037343784529686,2.886579864025407e-15
5,hab_custom,729,aleatorio,0.04894684344959649,2.886579864025407e-15
5,hab_custom,730,aleatorio,7.108895957933346e-15,2.886579864025407e-15
5,hab_custom,731,aleatorio,1.0931388160714322,2.886579864025407e-15
5,hab_custom,732,aleatorio,1.0489829850488281,2.886579864025407e-15
5,hab_custom,733,aleatorio,0.46418149933768305,2.886579864025407e-15
5,hab_custom,734,aleatorio,0.22259850159141,2.886579864025407e-15
5,hab_custom,735,aleatorio,0.8053231497616051,2.886579864025407e-15
5,hab_custom,736,aleatorio,0.2378700083943431,2.886579864025407e-15
5,hab_custom,737,aleatorio,6.015085221610881e-12,2.886579864025407e-15
5,hab_custom,738,aleatorio,2.4670590693279895,2.886579864025407e-15
5,hab_custom,739,aleatorio,4.302609944404802e-12,2.886579864025407e-15
5,hab_custom,740,aleatorio,0.8178295181289448,2.886579864025407e-15
5,hab_custom,741,aleatorio,4.47709035487359,2.886579864025407e-15
5,hab_custom,742,aleatorio,0.6977868499025541,2.886579864025407e-15
5,hab_custom,743,aleatorio,1.8302561645132407,2.886579864025407e-15
5,hab_custom,744,aleatorio,0.2143819786483365,2.886579864025407e-15
5,hab_custom,745,aleatorio,4.695602413157433e-13,2.886579864025407e-15
5,hab_custom,746,aleatorio,0.34877146456618324,2.886579864025407e-15
5,hab_custom,747,aleatorio,4.894714382547147,2.886579864025407e-15
5,hab_custom,748,aleatorio,0.448699710536082,2.886579864025407e-15
5,hab_custom,749,aleatorio,2.298083418971976,2.886579864025407e-15
5,hab_custom,750,aleatorio,1.3475839327188706e-14,2.886579864025407e-15
5,hab_custom,751,aleatorio,1.7257185184164467,2.886579864025407e-15
5,hab_custom,752,aleatorio,3.0611008948475056,2.886579864025407e-15
5,hab_custom,753,aleatorio,3.1594210213394716,2.886579864025407e-15
5,hab_custom,754,aleatorio,1.8498852067608964,2.886579864025407e-15
5,hab_custom,755,aleatorio,0.18368548964594922,2.886579864025407e-15
5,hab_custom,756,aleatorio,1.0083980101623073,2.886579864025407e-15
5,hab_custom,757,aleatorio,0.5212318300831957,2.886579864025407e-15
5,hab_custom,758,aleatorio,0.6550854065739852,2.886579864025407e-15
5,hab_custom,759,aleatorio,7.269783597350762e-12,2.886579864025407e-15
5,hab_custom,760,aleatorio,4.021750044734158,2.886579864025407e-15
5,hab_custom,761,aleatorio,0.6378680118353576,2.886579864025407e-15
5,hab_custom,762,aleatorio,3.56594364881668e-11,2.886579864025407e-15
5,hab_custom,763,aleatorio,16.05561256777974,2.886579864025407e-15
5,hab_custom,764,aleatorio,1.0950631375561497,2.886579864025407e-15
5,hab_custom,765,aleatorio,1.3139432038636498e-13,2.886579864025407e-15
5,hab_custom,766,aleatorio,0.9361626650333817,2.886579864025407e-15
5,hab_custom,767,aleatorio,0.6558818766624085,2.886579864025407e-15
5,hab_custom,768,aleatorio,1.4886343480196569,2.886579864025407e-15
5,hab_custom,769,aleatorio,0.07759424546887626,2.886579864025407e-15
5,hab_custom,770,aleatorio,0.7881973170743652,2.886579864025407e-15
5,hab_custom,771,aleatorio,0.06091725754639963,2.886579864025407e-15
5,hab_custom,772,aleatorio,1.1060980354554202,2.886579864025407e-15
5,hab_custom,773,aleatorio,9.318026617480594,2.886579864025407e-15
5,hab_custom,774,aleatorio,1.0769677782760578,2.886579864025407e-15
5,hab_custom,775,aleatorio,3.5781564032600564,2.886579864025407e-15
5,hab_custom,776,aleatorio,0.9374241231401903,2.886579864025407e-15
5,hab_custom,777,aleatorio,0.31966116210108675,2.886579864025407e-15
5,hab_custom,778,aleatorio,0.05625832875158123,2.886579864025407e-15
5,hab_custom,779,aleatorio,0.6273194854210834,2.886579864025407e-15
5,hab_custom,780,aleatorio,0.27260377712795747,2.886579864025407e-15
5,hab_custom,781,aleatorio,0.012826725569511569,2.886579864025407e-15
5,hab_custom,782,aleatorio,2.1971445630306543,2.886579864025407e-15
5,hab_custom,783,aleatorio,0.571958489443112,2.886579864025407e-15
5,hab_custom,784,aleatorio,0.02085980270799371,2.886579864025407e-15
5,hab_custom,785,aleatorio,2.1232468239956566,2.886579864025407e-15
5,hab_custom,786,aleatorio,1.5325158829969923,2.886579864025407e-15
5,hab_custom,787,aleatorio,3.37292919770728,2.886579864025407e-15
5,hab_custom,788,aleatorio,1.5913499257988781,2.886579864025407e-15
5,hab_custom,789,aleatorio,0.34371657873520356,2.886579864025407e-15
5,hab_custom,790,aleatorio,0.0679333591120972,2.886579864025407e-15
5,hab_custom,791,aleatorio,0.8223185813324235,2.886579864025407e-15
5,hab_custom,792,aleatorio,2.046306988827992e-14,2.886579864025407e-15
5,hab_custom,793,aleatorio,1.7881783396580115e-11,2.886579864025407e-15
5,hab_custom,794,aleatorio,0.5951690482664155,2.886579864025407e-15
5,hab_custom,795,aleatorio,0.64368879161019,2.886579864025407e-15
5,hab_custom,796,aleatorio,1.3529782192795292,2.886579864025407e-15
5,hab_custom,797,aleatorio,0.7853165358987136,2.886579864025407e-15
5,hab_custom,798,aleatorio,1.7734093402468214,2.886579864025407e-15
5,hab_custom,799,aleatorio,1.922962686383564e-15,2.886579864025407e-15
5,hab_custom,800,aleatorio,0.7592873544225367,2.886579864025407e-15
5,hab_custom,801,aleatorio,0.18730706206609796,2.886579864025407e-15
5,hab_custom,802,aleatorio,1.8444410139024814e-15,2.886579864025407e-15
5,hab_custom,803,aleatorio,1.729802139248711,2.886579864025407e-15
5,hab_custom,804,aleatorio,0.3268260917883934,2.886579864025407e-15
5,hab_custom,805,aleatorio,1.3171881589029106,2.886579864025407e-15
5,hab_custom,806,aleatorio,9.314658698027157e-14,2.886579864025407e-15
5,hab_custom,807,aleatorio,1.018118538681729,2.886579864025407e-15
5,hab_custom,808,aleatorio,3.5904952943645037,2.886579864025407e-15
5,hab_custom,809,aleatorio,0.6103846951357667,2.886579864025407e-15
5,hab_custom,810,aleatorio,5.972700265714231e-12,2.886579864025407e-15
5,hab_custom,811,aleatorio,2.428641674911411,2.886579864025407e-15
5,hab_custom,812,aleatorio,0.10099510337188125,2.886579864025407e-15
5,hab_custom,813,aleatorio,5.218958373650254,2.886579864025407e-15
5,hab_custom,814,aleatorio,4.175008581310041,2.886579864025407e-15
5,hab_custom,815,aleatorio,4.265337574760008e-15,2.886579864025407e-15
5,hab_custom,816,aleatorio,2.0642837047909315,2.886579864025407e-15
5,hab_custom,817,aleatorio,0.09274159958137869,2.886579864025407e-15
5,hab_custom,818,aleatorio,0.7424495846595522,2.886579864025407e-15
5,hab_custom,819,aleatorio,4.243361867696287e-14,2.886579864025407e-15
5,hab_custom,820,aleatorio,1.2262814116578437e-15,2.886579864025407e-15
5,hab_custom,821,aleatorio,1.3262517400194196,2.886579864025407e-15
5,hab_custom,822,aleatorio,9.742167503148516e-16,2.886579864025407e-15
5,hab_custom,823,aleatorio,7.496041946438713e-13,2.886579864025407e-15
5,hab_custom,824,aleatorio,0.6006370288535059,2.886579864025407e-15
5,hab_custom,825,aleatorio,7.141852006352722e-13,2.886579864025407e-15
5,hab_custom,826,aleatorio,5.109861504543342e-13,2.886579864025407e-15
5,hab_custom,827,aleatorio,2.533342031330789,2.886579864025407e-15
5,hab_custom,828,aleatorio,0.2352005870671011,2.886579864025407e-15
5,hab_custom,829,aleatorio,5.318744692057633e-14,2.886579864025407e-15
5,hab_custom,830,aleatorio,1.5444684238768893,2.886579864025407e-15
5,hab_custom,831,aleatorio,3.638938649231981,2.886579864025407e-15
5,hab_custom,832,aleatorio,6.816576041379844e-12,2.886579864025407e-15
5,hab_custom,833,aleatorio,1.5092947779162513,2.886579864025407e-15
5,hab_custom,834,aleatorio,0.14423512029051946,2.886579864025407e-15
5,hab_custom,835,aleatorio,0.332656486535381,2.886579864025407e-15
5,hab_custom,836,aleatorio,0.06161947670416029,2.886579864025407e-15
5,hab_custom,837,aleatorio,3.410516511496086,2.886579864025407e-15
5,hab_custom,838,aleatorio,1.072500726072196e-14,2.886579864025407e-15
5,hab_custom,839,aleatorio,0.48650241433735725,2.886579864025407e-15
5,hab_custom,840,aleatorio,0.3163636988552111,2.886579864025407e-15
5,hab_custom,841,aleatorio,1.2330124115825105e-12,2.886579864025407e-15
5,hab_custom,842,aleatorio,28.942874964822302,2.886579864025407e-15
5,hab_custom,843,aleatorio,0.11740852670782145,2.886579864025407e-15
5,hab_custom,844,aleatorio,1.1436587383391958,2.886579864025407e-15
5,hab_custom,845,aleatorio,0.014152873850707286,2.886579864025407e-15
5,hab_custom,846,aleatorio,2.7155553943370214,2.886579864025407e-15
5,hab_custom,847,aleatorio,0.6820087470143166,2.886579864025407e-15
5,hab_custom,848,aleatorio,0.46098036692399286,2.886579864025407e-15
5,hab_custom,849,aleatorio,1.372471891451696,2.886579864025407e-15
5,hab_custom,850,aleatorio,4.255313118899173,2.886579864025407e-15
5,hab_custom,851,aleatorio,5.299972158315792e-13,2.886579864025407e-15
5,hab_custom,852,aleatorio,4.663916324956408,2.886579864025407e-15
5,hab_custom,853,aleatorio,0.7984846968132604,2.886579864025407e-15
5,hab_custom,854,aleatorio,0.8829533701254462,2.886579864025407e-15
5,hab_custom,855,aleatorio,1.4413042384683072,2.886579864025407e-15
5,hab_custom,856,aleatorio,0.4151888092925064,2.886579864025407e-15
5,hab_custom,857,aleatorio,4.254013530344983,2.886579864025407e-15
5,hab_custom,858,aleatorio,0.8813861072153523,2.886579864025407e-15
5,hab_custom,859,aleatorio,1.0560045327582752,2.886579864025407e-15
5,hab_custom,860,aleatorio,0.6506247189513013,2.886579864025407e-15
5,hab_custom,861,aleatorio,1.3058077360745695,2.886579864025407e-15
5,hab_custom,862,aleatorio,0.5399181790041191,2.886579864025407e-15
5,hab_custom,863,aleatorio,2.5607409272726977e-12,2.886579864025407e-15
5,hab_custom,864,aleatorio,1.2903940755402952,2.886579864025407e-15
5,hab_custom,865,aleatorio,0.575386912006472,2.886579864025407e-15
5,hab_custom,866,aleatorio,0.9505292291568734,2.886579864025407e-15
5,hab_custom,867,aleatorio,0.46628590683238186,2.886579864025407e-15
5,hab_custom,868,aleatorio,1.3076704059028592,2.886579864025407e-15
5,hab_custom,869,aleatorio,4.241533808798182,2.886579864025407e-15
5,hab_custom,870,aleatorio,1.0877919644084146e-15,2.886579864025407e-15
5,hab_custom,871,aleatorio,3.8899376338512703,2.886579864025407e-15
5,hab_custom,872,aleatorio,0.911449600718999,2.886579864025407e-15
5,hab_custom,873,aleatorio,2.937273197175992,2.886579864025407e-15
5,hab_custom,874,aleatorio,0.28572878436191,2.886579864025407e-15
5,hab_custom,875,aleatorio,1.6243801507129814,2.886579864025407e-15
5,hab_custom,876,aleatorio,2.2050877084155935,2.886579864025407e-15
5,hab_custom,877,aleatorio,1.5011405683795878,2.886579864025407e-15
5,hab_custom,878,aleatorio,0.4807134629670425,2.886579864025407e-15
5,hab_custom,879,aleatorio,5.058439688395995,2.886579864025407e-15
5,hab_custom,880,aleatorio,1.9904814875538521,2.886579864025407e-15
5,hab_custom,881,aleatorio,1.0241716116756008e-12,2.886579864025407e-15
5,hab_custom,882,aleatorio,0.18916898461013074,2.886579864025407e-15
5,hab_custom,883,aleatorio,0.17264081866862874,2.886579864025407e-15
5,hab_custom,884,aleatorio,0.7636870020444558,2.886579864025407e-15
5,hab_custom,885,aleatorio,0.24595184526211958,2.886579864025407e-15
5,hab_custom,886,aleatorio,1.3055126195993703,2.886579864025407e-15
5,hab_custom,887,aleatorio,1.3490551481564452,2.886579864025407e-15
5,hab_custom,888,aleatorio,0.32398748971081226,2.886579864025407e-15
5,hab_custom,889,aleatorio,0.32967630595608277,2.886579864025407e-15
5,hab_custom,890,aleatorio,2.5337410763968324,2.886579864025407e-15
5,hab_custom,891,aleatorio,1.0675892262399675,2.886579864025407e-15
5,hab_custom,892,aleatorio,3.1876139528748504,2.886579864025407e-15
5,hab_custom,893,aleatorio,1.8819467836780395,2.886579864025407e-15
5,hab_custom,894,aleatorio,3.0991360639612116,2.886579864025407e-15
5,hab_custom,895,aleatorio,0.0010917235329462895,2.886579864025407e-15
5,hab_custom,896,aleatorio,2.129315257381346,2.886579864025407e-15
5,hab_custom,897,aleatorio,3.5300187114290775,2.886579864025407e-15
5,hab_custom,898,aleatorio,3.2256562747937373e-13,2.886579864025407e-15
5,hab_custom,899,aleatorio,0.5535660115806375,2.886579864025407e-15
5,hab_custom,900,aleatorio,0.34455465044879435,2.886579864025407e-15
5,hab_custom,901,aleatorio,0.27475031267054434,2.886579864025407e-15
5,hab_custom,902,aleatorio,0.00811176536494613,2.886579864025407e-15
5,hab_custom,903,aleatorio,0.39232220620475655,2.886579864025407e-15
5,hab_custom,904,aleatorio,1.7899110764444424,2.886579864025407e-15
5,hab_custom,905,aleatorio,2.1838899570574473,2.886579864025407e-15
5,hab_custom,906,aleatorio,4.455846824435232,2.886579864025407e-15
5,hab_custom,907,aleatorio,1.094353595184779,2.886579864025407e-15
5,hab_custom,908,aleatorio,0.11448969355018525,2.886579864025407e-15
5,hab_custom,909,aleatorio,0.3711167827889959,2.886579864025407e-15
5,hab_custom,910,aleatorio,0.37522440918025,2.886579864025407e-15
5,hab_custom,911,aleatorio,1.2097767941234907,2.886579864025407e-15
5,hab_custom,912,aleatorio,0.03465642147782807,2.886579864025407e-15
5,hab_custom,913,aleatorio,5.7094206970213286e-05,2.886579864025407e-15
5,hab_custom,914,aleatorio,0.02475596290579963,2.886579864025407e-15
5,hab_custom,915,aleatorio,2.358770641965731,2.886579864025407e-15
5,hab_custom,916,aleatorio,2.3097666345590873,2.886579864025407e-15
5,hab_custom,917,aleatorio,2.213147862832546e-11,2.886579864025407e-15
5,hab_custom,918,aleatorio,4.93964292876942,2.886579864025407e-15
5,hab_custom,919,aleatorio,1.336885555457667e-14,2.886579864025407e-15
5,hab_custom,920,aleatorio,2.163445813108795,2.886579864025407e-15
5,hab_custom,921,aleatorio,0.8763501630041296,2.886579864025407e-15
5,hab_custom,922,aleatorio,3.104114825060517,2.886579864025407e-15
5,hab_custom,923,aleatorio,1.4835792448220448,2.886579864025407e-15
5,hab_custom,924,aleatorio,1.4081811523351202,2.886579864025407e-15
5,hab_custom,925,aleatorio,0.5011547145624514,2.886579864025407e-15
5,hab_custom,926,aleatorio,1.831026719408895e-15,2.886579864025407e-15
5,hab_custom,927,aleatorio,86.91441913654307,2.886579864025407e-15
5,hab_custom,928,aleatorio,0.12469538852728429,2.886579864025407e-15
5,hab_custom,929,aleatorio,3.248886164211909,2.886579864025407e-15
5,hab_custom,930,aleatorio,0.9658355082693144,2.886579864025407e-15
5,hab_custom,931,aleatorio,1.855634083349871e-14,2.886579864025407e-15
5,hab_custom,932,aleatorio,4.85761774659831,2.886579864025407e-15
5,hab_custom,933,aleatorio,0.11061462016801765,2.886579864025407e-15
5,hab_custom,934,aleatorio,0.910235365834479,2.886579864025407e-15
5,hab_custom,935,aleatorio,0.16359875846123972,2.886579864025407e-15
5,hab_custom,936,aleatorio,0.20927954576951008,2.886579864025407e-15
5,hab_custom,937,aleatorio,7.051127902803918e-12,2.886579864025407e-15
5,hab_custom,938,aleatorio,1.038020992572225,2.886579864025407e-15
5,hab_custom,939,aleatorio,0.2007444746033842,2.886579864025407e-15
5,hab_custom,940,aleatorio,3.4465534407129703e-12,2.886579864025407e-15
5,hab_custom,941,aleatorio,0.5028960064778562,2.886579864025407e-15
5,hab_custom,942,aleatorio,5.44808791512383e-14,2.886579864025407e-15
5,hab_custom,943,aleatorio,2.2710408430678783,2.886579864025407e-15
5,hab_custom,944,aleatorio,0.050709059773029315,2.886579864025407e-15
5,hab_custom,945,aleatorio,3.4861002973229915e-14,2.886579864025407e-15
5,hab_custom,946,aleatorio,4.155124609513068,2.886579864025407e-15
5,hab_custom,947,aleatorio,3.008744675284836,2.886579864025407e-15
5,hab_custom,948,aleatorio,0.4990930510561756,2.886579864025407e-15
5,hab_custom,949,aleatorio,2.6659446593582508,2.886579864025407e-15
5,hab_custom,950,aleatorio,1.4400046133802251,2.886579864025407e-15
5,hab_custom,951,aleatorio,0.7273076649100634,2.886579864025407e-15
5,hab_custom,952,aleatorio,0.1011051642394403,2.886579864025407e-15
5,hab_custom,953,aleatorio,0.10898962837285914,2.886579864025407e-15
5,hab_custom,954,aleatorio,1.0268811646698666,2.886579864025407e-15
5,hab_custom,955,aleatorio,0.42164962875636863,2.886579864025407e-15
5,hab_custom,956,aleatorio,2.4803253879766927,2.886579864025407e-15
5,hab_custom,957,aleatorio,2.375209566443384,2.886579864025407e-15
5,hab_custom,958,aleatorio,2.657887833485443e-13,2.886579864025407e-15
5,hab_custom,959,aleatorio,0.18229083938305238,2.886579864025407e-15
5,hab_custom,960,aleatorio,0.37579961543890106,2.886579864025407e-15
5,hab_custom,961,aleatorio,3.748281302408641e-14,2.886579864025407e-15
5,hab_custom,962,aleatorio,3.5850109493091167,2.886579864025407e-15
5,hab_custom,963,aleatorio,1.3322676295501878e-15,2.886579864025407e-15
6,hab_custom,1,preset,0.37183912634406907,4.965068306494546e-16
6,hab_custom,2,custom_v1,5.021147158213889e-11,4.965068306494546e-16
6,hab_custom,3,aleatorio,0.937890047221258,4.965068306494546e-16
6,hab_custom,4,aleatorio,0.5330543240070865,4.965068306494546e-16
6,hab_custom,5,aleatorio,0.6647645178353827,4.965068306494546e-16
6,hab_custom,6,aleatorio,1.7351741274818144,4.965068306494546e-16
6,hab_custom,7,aleatorio,1.1341372619723138,4.965068306494546e-16
6,hab_custom,8,aleatorio,0.5182787283837511,4.965068306494546e-16
6,hab_custom,9,aleatorio,1.1214593948067313,4.965068306494546e-16
6,hab_custom,10,aleatorio,0.8065144314548653,4.965068306494546e-16
6,hab_custom,11,aleatorio,0.27592723931482405,4.965068306494546e-16
6,hab_custom,12,aleatorio,3.5290770980458266,4.965068306494546e-16
6,hab_custom,13,aleatorio,1.3274676695526153,4.965068306494546e-16
6,hab_custom,14,aleatorio,1.3455515990223463,4.965068306494546e-16
6,hab_custom,15,aleatorio,2.218892990941439,4.965068306494546e-16
6,hab_custom,16,aleatorio,2.1285451087541223e-13,4.965068306494546e-16
6,hab_custom,17,aleatorio,0.15327971446670735,4.965068306494546e-16
6,hab_custom,18,aleatorio,1.7651217167714872,4.965068306494546e-16
6,hab_custom,19,aleatorio,0.10753282098596918,4.965068306494546e-16
6,hab_custom,20,aleatorio,1.0388128537756747,4.965068306494546e-16
6,hab_custom,21,aleatorio,2.737549743767154e-15,4.965068306494546e-16
6,hab_custom,22,aleatorio,2.122525195343819,4.965068306494546e-16
6,hab_custom,23,aleatorio,3.0096180729985678,4.965068306494546e-16
6,hab_custom,24,aleatorio,1.725080539763827,4.965068306494546e-16
6,hab_custom,25,aleatorio,1.1537776118301384e-15,4.965068306494546e-16
6,hab_custom,26,aleatorio,1.1617262388967748,4.965068306494546e-16
6,hab_custom,27,aleatorio,0.7369205989241197,4.965068306494546e-16
6,hab_custom,28,aleatorio,1.5046316502156325,4.965068306494546e-16
6,hab_custom,29,aleatorio,7.691850745534255e-16,4.965068306494546e-16
6,hab_custom,30,aleatorio,5.2923063441067e-14,4.965068306494546e-16
6,hab_custom,31,aleatorio,1.1773155513532259,4.965068306494546e-16
6,hab_custom,32,aleatorio,0.44093889914518786,4.965068306494546e-16
6,hab_custom,33,aleatorio,0.5643798017631135,4.965068306494546e-16
6,hab_custom,34,aleatorio,1.1102230246251565e-15,4.965068306494546e-16
6,hab_custom,35,aleatorio,2.19205444564069e-12,4.965068306494546e-16
6,hab_custom,36,aleatorio,1.6307472390379092,4.965068306494546e-16
6,hab_custom,37,aleatorio,1.1957467920563633e-15,4.965068306494546e-16
6,hab_custom,38,aleatorio,1.1952321690072185,4.965068306494546e-16
6,hab_custom,39,aleatorio,1.2403233548947684e-14,4.965068306494546e-16
6,hab_custom,40,aleatorio,0.05802352041201787,4.965068306494546e-16
6,hab_custom,41,aleatorio,2.1707212122074115,4.965068306494546e-16
6,hab_custom,42,aleatorio,0.40569351304953477,4.965068306494546e-16
6,hab_custom,43,aleatorio,2.135557972828908,4.965068306494546e-16
6,hab_custom,44,aleatorio,2.9934094675206775,4.965068306494546e-16
6,hab_custom,45,aleatorio,2.3603665272841412e-15,4.965068306494546e-16
6,hab_custom,46,aleatorio,1.8698898975305973,4.965068306494546e-16
6,hab_custom,47,aleatorio,1.0407437821413028,4.965068306494546e-16
6,hab_custom,48,aleatorio,4.050205048642581,4.965068306494546e-16
6,hab_custom,49,aleatorio,0.3015146976535452,4.965068306494546e-16
6,hab_custom,50,aleatorio,0.015616356720746159,4.965068306494546e-16
6,hab_custom,51,aleatorio,0.09978936050973355,4.965068306494546e-16
6,hab_custom,52,aleatorio,2.8461539679430743,4.965068306494546e-16
6,hab_custom,53,aleatorio,1.8906416838689214e-15,4.965068306494546e-16
6,hab_custom,54,aleatorio,0.15812174501724158,4.965068306494546e-16
6,hab_custom,55,aleatorio,3.661564828315485,4.965068306494546e-16
6,hab_custom,56,aleatorio,1.0157628338053726e-10,4.965068306494546e-16
6,hab_custom,57,aleatorio,1.1957467920563633e-15,4.965068306494546e-16
6,hab_custom,58,aleatorio,3.2204462553927615,4.965068306494546e-16
6,hab_custom,59,aleatorio,1.463656325366741e-13,4.965068306494546e-16
6,hab_custom,60,aleatorio,0.45670462645496557,4.965068306494546e-16
6,hab_custom,61,aleatorio,1.0558693378613099e-11,4.965068306494546e-16
6,hab_custom,62,aleatorio,0.5365463938282337,4.965068306494546e-16
6,hab_custom,63,aleatorio,0.1408846830370955,4.965068306494546e-16
6,hab_custom,64,aleatorio,1.8014467660517763,4.965068306494546e-16
6,hab_custom,65,aleatorio,0.17888534340323756,4.965068306494546e-16
6,hab_custom,66,aleatorio,0.8405996853076053,4.965068306494546e-16
6,hab_custom,67,aleatorio,0.5190277984225783,4.965068306494546e-16
6,hab_custom,68,aleatorio,6.0565693336060345e-15,4.965068306494546e-16
6,hab_custom,69,aleatorio,0.8028342213608961,4.965068306494546e-16
6,hab_custom,70,aleatorio,1.0457756025066276,4.965068306494546e-16
6,hab_custom,71,aleatorio,0.9796851433514682,4.965068306494546e-16
6,hab_custom,72,aleatorio,1.594725674992458,4.965068306494546e-16
6,hab_custom,73,aleatorio,0.9190542782583674,4.965068306494546e-16
6,hab_custom,74,aleatorio,0.16253798990844606,4.965068306494546e-16
6,hab_custom,75,aleatorio,0.86334371559557,4.965068306494546e-16
6,hab_custom,76,aleatorio,5.647280969019163,4.965068306494546e-16
6,hab_custom,77,aleatorio,2.976710627888635e-13,4.965068306494546e-16
6,hab_custom,78,aleatorio,2.364941966149824e-12,4.965068306494546e-16
6,hab_custom,79,aleatorio,0.8653083458465585,4.965068306494546e-16
6,hab_custom,80,aleatorio,0.7367548545062955,4.965068306494546e-16
6,hab_custom,81,aleatorio,0.982605961306424,4.965068306494546e-16
6,hab_custom,82,aleatorio,0.12702474325709048,4.965068306494546e-16
6,hab_custom,83,aleatorio,1.4599359743758585e-12,4.965068306494546e-16
6,hab_custom,84,aleatorio,1.6576529780745572,4.965068306494546e-16
6,hab_custom,85,aleatorio,2.3732441812920433,4.965068306494546e-16
6,hab_custom,86,aleatorio,0.2620334408217948,4.965068306494546e-16
6,hab_custom,87,aleatorio,1.5304532114303241e-13,4.965068306494546e-16
6,hab_custom,88,aleatorio,1.2560739669470201e-15,4.965068306494546e-16
6,hab_custom,89,aleatorio,8.942334753746176e-14,4.965068306494546e-16
6,hab_custom,90,aleatorio,0.00029532321384825145,4.965068306494546e-16
6,hab_custom,91,aleatorio,1.9684642256353604,4.965068306494546e-16
6,hab_custom,92,aleatorio,2.8168764647711475,4.965068306494546e-16
6,hab_custom,93,aleatorio,0.36139122055107914,4.965068306494546e-16
6,hab_custom,94,aleatorio,1.0667535553689866,4.965068306494546e-16
6,hab_custom,95,aleatorio,0.5783345715608116,4.965068306494546e-16
6,hab_custom,96,aleatorio,0.13976214292466832,4.965068306494546e-16
6,hab_custom,97,aleatorio,1.301915795256733,4.965068306494546e-16
6,hab_custom,98,aleatorio,1.047382306668854e-15,4.965068306494546e-16
6,hab_custom,99,aleatorio,0.010990243795088771,4.965068306494546e-16
6,hab_custom,100,aleatorio,0.0481377259312322,4.965068306494546e-16
6,hab_custom,101,aleatorio,0.9906183613927172,4.965068306494546e-16
6,hab_custom,102,aleatorio,3.3663805167008705e-11,4.965068306494546e-16
6,hab_custom,103,aleatorio,2.4995756902433213,4.965068306494546e-16
6,hab_custom,104,aleatorio,0.2584769756381114,4.965068306494546e-16
6,hab_custom,105,aleatorio,2.0296169080776783,4.965068306494546e-16
6,hab_custom,106,aleatorio,1.0558798824709575e-14,4.965068306494546e-16
6,hab_custom,107,aleatorio,1.1957467920563633e-15,4.965068306494546e-16
6,hab_custom,108,aleatorio,0.19677552854501668,4.965068306494546e-16
6,hab_custom,109,aleatorio,0.34673615888350884,4.965068306494546e-16
6,hab_custom,110,aleatorio,0.3571245832883944,4.965068306494546e-16
6,hab_custom,111,aleatorio,0.8651306078579974,4.965068306494546e-16
6,hab_custom,112,aleatorio,5.209278115183642e-13,4.965068306494546e-16
6,hab_custom,113,aleatorio,9.451627979538374,4.965068306494546e-16
6,hab_custom,114,aleatorio,2.30850843836551,4.965068306494546e-16
6,hab_custom,115,aleatorio,0.45185326524675873,4.965068306494546e-16
6,hab_custom,116,aleatorio,1.5937018528503933e-14,4.965068306494546e-16
6,hab_custom,117,aleatorio,0.19770641016744545,4.965068306494546e-16
6,hab_custom,118,aleatorio,0.9963104827923832,4.965068306494546e-16
6,hab_custom,119,aleatorio,0.1929931894771157,4.965068306494546e-16
6,hab_custom,120,aleatorio,0.7365656807923414,4.965068306494546e-16
6,hab_custom,121,aleatorio,0.6478921551481065,4.965068306494546e-16
6,hab_custom,122,aleatorio,0.5685844262589527,4.965068306494546e-16
6,hab_custom,123,aleatorio,3.1663435264129443,4.965068306494546e-16
6,hab_custom,124,aleatorio,5.438959822042073e-16,4.965068306494546e-16
6,hab_custom,125,aleatorio,1.5776380957588587,4.965068306494546e-16
6,hab_custom,126,aleatorio,1.6579575417810677,4.965068306494546e-16
6,hab_custom,127,aleatorio,0.0733677015469677,4.965068306494546e-16
6,hab_custom,128,aleatorio,2.848961283104847,4.965068306494546e-16
6,hab_custom,129,aleatorio,1.2763512879449617,4.965068306494546e-16
6,hab_custom,130,aleatorio,1.692792049435998,4.965068306494546e-16
6,hab_custom,131,aleatorio,3.368785371678204e-11,4.965068306494546e-16
6,hab_custom,132,aleatorio,2.1026159643029786e-12,4.965068306494546e-16
6,hab_custom,133,aleatorio,2.7198172020278752,4.965068306494546e-16
6,hab_custom,134,aleatorio,1.7038489281231581,4.965068306494546e-16
6,hab_custom,135,aleatorio,0.7241486536849802,4.965068306494546e-16
6,hab_custom,136,aleatorio,2.2303499869517727,4.965068306494546e-16
6,hab_custom,137,aleatorio,6.6416559801647125e-12,4.965068306494546e-16
6,hab_custom,138,aleatorio,1.8170867029836089,4.965068306494546e-16
6,hab_custom,139,aleatorio,1.8314424021447593,4.965068306494546e-16
6,hab_custom,140,aleatorio,8.741904837807691e-16,4.965068306494546e-16
6,hab_custom,141,aleatorio,0.023685352087780068,4.965068306494546e-16
6,hab_custom,142,aleatorio,0.5519650102696099,4.965068306494546e-16
6,hab_custom,143,aleatorio,8.284298916338044e-13,4.965068306494546e-16
6,hab_custom,144,aleatorio,0.5916716077648863,4.965068306494546e-16
6,hab_custom,145,aleatorio,2.1460530656529556e-13,4.965068306494546e-16
6,hab_custom,146,aleatorio,1.911462311588078e-13,4.965068306494546e-16
6,hab_custom,147,aleatorio,2.2837261277737892e-12,4.965068306494546e-16
6,hab_custom,148,aleatorio,2.8187468574106482,4.965068306494546e-16
6,hab_custom,149,aleatorio,0.8523895601394457,4.965068306494546e-16
6,hab_custom,150,aleatorio,1.6088680347868537e-12,4.965068306494546e-16
6,hab_custom,151,aleatorio,0.3424923359241428,4.965068306494546e-16
6,hab_custom,152,aleatorio,2.9552842451574226,4.965068306494546e-16
6,hab_custom,153,aleatorio,0.6281053100288856,4.965068306494546e-16
6,hab_custom,154,aleatorio,9.820297636185407e-15,4.965068306494546e-16
6,hab_custom,155,aleatorio,2.454198129973153,4.965068306494546e-16
6,hab_custom,156,aleatorio,2.626560873866674,4.965068306494546e-16
6,hab_custom,157,aleatorio,0.0307547252596274,4.965068306494546e-16
6,hab_custom,158,aleatorio,1.2145465392124288,4.965068306494546e-16
6,hab_custom,159,aleatorio,0.27013607657200206,4.965068306494546e-16
6,hab_custom,160,aleatorio,0.29874432252834215,4.965068306494546e-16
6,hab_custom,161,aleatorio,0.5403301668797227,4.965068306494546e-16
6,hab_custom,162,aleatorio,1.8761463768968356,4.965068306494546e-16
6,hab_custom,163,aleatorio,0.0638825336331503,4.965068306494546e-16
6,hab_custom,164,aleatorio,0.18156640576681649,4.965068306494546e-16
6,hab_custom,165,aleatorio,1.5971994068359467,4.965068306494546e-16
6,hab_custom,166,aleatorio,0.8996846604883705,4.965068306494546e-16
6,hab_custom,167,aleatorio,3.862009372662126e-13,4.965068306494546e-16
6,hab_custom,168,aleatorio,3.3312901873440035,4.965068306494546e-16
6,hab_custom,169,aleatorio,0.21809817003413384,4.965068306494546e-16
6,hab_custom,170,aleatorio,2.9089665251573438,4.965068306494546e-16
6,hab_custom,171,aleatorio,1.0741085019148343e-14,4.965068306494546e-16
6,hab_custom,172,aleatorio,2.3785734810242764e-15,4.965068306494546e-16
6,hab_custom,173,aleatorio,0.643882447266349,4.965068306494546e-16
6,hab_custom,174,aleatorio,9.930136612989092e-16,4.965068306494546e-16
6,hab_custom,175,aleatorio,0.2683201129536018,4.965068306494546e-16
6,hab_custom,176,aleatorio,0.774073555425187,4.965068306494546e-16
6,hab_custom,177,aleatorio,0.0026382455794702864,4.965068306494546e-16
6,hab_custom,178,aleatorio,1.9148666891585413,4.965068306494546e-16
6,hab_custom,179,aleatorio,6.932433839657501e-14,4.965068306494546e-16
6,hab_custom,180,aleatorio,0.049169937166703925,4.965068306494546e-16
6,hab_custom,181,aleatorio,2.3685658682921087,4.965068306494546e-16
6,hab_custom,182,aleatorio,0.05069049281640163,4.965068306494546e-16
6,hab_custom,183,aleatorio,1.7468507042339373e-12,4.965068306494546e-16
6,hab_custom,184,aleatorio,0.5225712856390627,4.965068306494546e-16
6,hab_custom,185,aleatorio,0.9685254809482746,4.965068306494546e-16
6,hab_custom,186,aleatorio,1.8472884184289249,4.965068306494546e-16
6,hab_custom,187,aleatorio,1.3803057320247376,4.965068306494546e-16
6,hab_custom,188,aleatorio,2.2955632355478666e-13,4.965068306494546e-16
6,hab_custom,189,aleatorio,1.1408512644179992e-13,4.965068306494546e-16
6,hab_custom,190,aleatorio,0.28141430775721216,4.965068306494546e-16
6,hab_custom,191,aleatorio,7.457269793501619e-14,4.965068306494546e-16
6,hab_custom,192,aleatorio,0.49715229668678673,4.965068306494546e-16
6,hab_custom,193,aleatorio,2.949281903639543e-11,4.965068306494546e-16
6,hab_custom,194,aleatorio,6.762477529053782,4.965068306494546e-16
6,hab_custom,195,aleatorio,1.2821253757944797,4.965068306494546e-16
6,hab_custom,196,aleatorio,1.3587777938560621,4.965068306494546e-16
6,hab_custom,197,aleatorio,2.2791171242643387,4.965068306494546e-16
6,hab_custom,198,aleatorio,1.7948601749573562e-13,4.965068306494546e-16
6,hab_custom,199,aleatorio,0.41605655002803904,4.965068306494546e-16
6,hab_custom,200,aleatorio,2.330815831600519,4.965068306494546e-16
6,hab_custom,201,aleatorio,0.6712357237018949,4.965068306494546e-16
6,hab_custom,202,aleatorio,1.719465037568876,4.965068306494546e-16
6,hab_custom,203,aleatorio,3.5283439685664285e-15,4.965068306494546e-16
6,hab_custom,204,aleatorio,0.1917231417691902,4.965068306494546e-16
6,hab_custom,205,aleatorio,0.8737904762403287,4.965068306494546e-16
6,hab_custom,206,aleatorio,1.9806030255745738e-13,4.965068306494546e-16
6,hab_custom,207,aleatorio,6.164812437356665e-13,4.965068306494546e-16
6,hab_custom,208,aleatorio,0.1637732695138273,4.965068306494546e-16
6,hab_custom,209,aleatorio,0.006885626401989464,4.965068306494546e-16
6,hab_custom,210,aleatorio,0.42953104442301043,4.965068306494546e-16
6,hab_custom,211,aleatorio,0.10233913753559597,4.965068306494546e-16
6,hab_custom,212,aleatorio,1.6998076501345285,4.965068306494546e-16
6,hab_custom,213,aleatorio,0.8736008709258097,4.965068306494546e-16
6,hab_custom,214,aleatorio,3.1996260270738284,4.965068306494546e-16
6,hab_custom,215,aleatorio,1.4253634296089288,4.965068306494546e-16
6,hab_custom,216,aleatorio,4.09759579545099e-11,4.965068306494546e-16
6,hab_custom,217,aleatorio,1.9238595785749204,4.965068306494546e-16
6,hab_custom,218,aleatorio,1.349053232933533,4.965068306494546e-16
6,hab_custom,219,aleatorio,1.9916935920509928,4.965068306494546e-16
6,hab_custom,220,aleatorio,3.938157001784151,4.965068306494546e-16
6,hab_custom,221,aleatorio,1.3470024576780097,4.965068306494546e-16
6,hab_custom,222,aleatorio,0.11503660437950305,4.965068306494546e-16
6,hab_custom,223,aleatorio,0.11495619406022518,4.965068306494546e-16
6,hab_custom,224,aleatorio,0.517078209135236,4.965068306494546e-16
6,hab_custom,225,aleatorio,0.005315185335743806,4.965068306494546e-16
6,hab_custom,226,aleatorio,3.880703220553809,4.965068306494546e-16
6,hab_custom,227,aleatorio,3.7388598642326403,4.965068306494546e-16
6,hab_custom,228,aleatorio,8.15843973306311e-16,4.965068306494546e-16
6,hab_custom,229,aleatorio,2.2408190956380003e-11,4.965068306494546e-16
6,hab_custom,230,aleatorio,1.3264668274110283,4.965068306494546e-16
6,hab_custom,231,aleatorio,0.01598320446533392,4.965068306494546e-16
6,hab_custom,232,aleatorio,5.359144433869971e-13,4.965068306494546e-16
6,hab_custom,233,aleatorio,1.5257127693096845e-11,4.965068306494546e-16
6,hab_custom,234,aleatorio,1.2225688688860037,4.965068306494546e-16
6,hab_custom,235,aleatorio,0.45000579257055867,4.965068306494546e-16
6,hab_custom,236,aleatorio,0.4263750996800741,4.965068306494546e-16
6,hab_custom,237,aleatorio,3.5639535602088866e-13,4.965068306494546e-16
6,hab_custom,238,aleatorio,2.9483685992403034e-15,4.965068306494546e-16
6,hab_custom,239,aleatorio,0.17888679441606853,4.965068306494546e-16
6,hab_custom,240,aleatorio,1.0325022424237742,4.965068306494546e-16
6,hab_custom,241,aleatorio,0.07029412650080333,4.965068306494546e-16
6,hab_custom,242,aleatorio,0.8808931780062966,4.965068306494546e-16
6,hab_custom,243,aleatorio,4.440892098500626e-16,4.965068306494546e-16
6,hab_custom,244,aleatorio,7.904223294965326,4.965068306494546e-16
6,hab_custom,245,aleatorio,2.3914935841127266e-15,4.965068306494546e-16
6,hab_custom,246,aleatorio,0.14040672173860905,4.965068306494546e-16
6,hab_custom,247,aleatorio,0.7902326408954544,4.965068306494546e-16
6,hab_custom,248,aleatorio,2.0137621733714642e-14,4.965068306494546e-16
6,hab_custom,249,aleatorio,0.6836574136209468,4.965068306494546e-16
6,hab_custom,250,aleatorio,9.858354493902022e-12,4.965068306494546e-16
6,hab_custom,251,aleatorio,0.3513415799908186,4.965068306494546e-16
6,hab_custom,252,aleatorio,1.3483004245853283,4.965068306494546e-16
6,hab_custom,253,aleatorio,4.160408704507158,4.965068306494546e-16
6,hab_custom,254,aleatorio,0.8202932827863066,4.965068306494546e-16
6,hab_custom,255,aleatorio,9.42055475210265e-16,4.965068306494546e-16
6,hab_custom,256,aleatorio,1.3076602491773073e-12,4.965068306494546e-16
6,hab_custom,257,aleatorio,2.9172782653051387e-13,4.965068306494546e-16
6,hab_custom,258,aleatorio,0.6080618772862972,4.965068306494546e-16
6,hab_custom,259,aleatorio,4.0654629041131916,4.965068306494546e-16
6,hab_custom,260,aleatorio,2.84129713543793,4.965068306494546e-16
6,hab_custom,261,aleatorio,1.466721431630001,4.965068306494546e-16
6,hab_custom,262,aleatorio,0.6857911163306993,4.965068306494546e-16
6,hab_custom,263,aleatorio,1.3516025170717907,4.965068306494546e-16
6,hab_custom,264,aleatorio,3.077936308791003e-13,4.965068306494546e-16
6,hab_custom,265,aleatorio,3.9559207827027205e-13,4.965068306494546e-16
6,hab_custom,266,aleatorio,4.543896159871803,4.965068306494546e-16
6,hab_custom,267,aleatorio,0.29809963214018925,4.965068306494546e-16
6,hab_custom,268,aleatorio,1.0024221609325048e-10,4.965068306494546e-16
6,hab_custom,269,aleatorio,0.24115287428726984,4.965068306494546e-16
6,hab_custom,270,aleatorio,2.884832922558745,4.965068306494546e-16
6,hab_custom,271,aleatorio,5.68695691797381e-12,4.965068306494546e-16
6,hab_custom,272,aleatorio,0.05525208353718509,4.965068306494546e-16
6,hab_custom,273,aleatorio,1.1549726697546892e-12,4.965068306494546e-16
6,hab_custom,274,aleatorio,1.1869837037903128,4.965068306494546e-16
6,hab_custom,275,aleatorio,0.44181612153728117,4.965068306494546e-16
6,hab_custom,276,aleatorio,0.4775844406749543,4.965068306494546e-16
6,hab_custom,277,aleatorio,2.5805148679599093,4.965068306494546e-16
6,hab_custom,278,aleatorio,2.499124112126627e-13,4.965068306494546e-16
6,hab_custom,279,aleatorio,1.1157011889178954,4.965068306494546e-16
6,hab_custom,280,aleatorio,3.2850750761933773e-13,4.965068306494546e-16
6,hab_custom,281,aleatorio,7.799251169046599e-11,4.965068306494546e-16
6,hab_custom,282,aleatorio,0.06761851318921643,4.965068306494546e-16
6,hab_custom,283,aleatorio,0.020957189173741578,4.965068306494546e-16
6,hab_custom,284,aleatorio,4.044804387502726,4.965068306494546e-16
6,hab_custom,285,aleatorio,1.3087423164366148,4.965068306494546e-16
6,hab_custom,286,aleatorio,0.327553756823273,4.965068306494546e-16
6,hab_custom,287,aleatorio,1.7858390649514118,4.965068306494546e-16
6,hab_custom,288,aleatorio,1.411826697375339,4.965068306494546e-16
6,hab_custom,289,aleatorio,3.703588107566302,4.965068306494546e-16
6,hab_custom,290,aleatorio,0.49268641966518817,4.965068306494546e-16
6,hab_custom,291,aleatorio,1.370335627496457,4.965068306494546e-16
6,hab_custom,292,aleatorio,2.451757622030003,4.965068306494546e-16
6,hab_custom,293,aleatorio,0.13136074466058903,4.965068306494546e-16
6,hab_custom,294,aleatorio,1.5412120859979013e-11,4.965068306494546e-16
6,hab_custom,295,aleatorio,1.9635685178278597,4.965068306494546e-16
6,hab_custom,296,aleatorio,0.37934132234418577,4.965068306494546e-16
6,hab_custom,297,aleatorio,9.155133597044475e-16,4.965068306494546e-16
6,hab_custom,298,aleatorio,2.1288795004452434e-13,4.965068306494546e-16
6,hab_custom,299,aleatorio,0.7470132511215513,4.965068306494546e-16
6,hab_custom,300,aleatorio,2.1710776113645314,4.965068306494546e-16
6,hab_custom,301,aleatorio,5.22550406023141e-13,4.965068306494546e-16
6,hab_custom,302,aleatorio,1.0960342966770489,4.965068306494546e-16
6,hab_custom,303,aleatorio,0.34947295039791526,4.965068306494546e-16
6,hab_custom,304,aleatorio,1.4736358053418053,4.965068306494546e-16
6,hab_custom,305,aleatorio,8.207582300702137e-15,4.965068306494546e-16
6,hab_custom,306,aleatorio,0.09504368925844323,4.965068306494546e-16
6,hab_custom,307,aleatorio,1.8740933638029795,4.965068306494546e-16
6,hab_custom,308,aleatorio,2.4302160702242455e-13,4.965068306494546e-16
6,hab_custom,309,aleatorio,4.025808163595918,4.965068306494546e-16
6,hab_custom,310,aleatorio,0.42743628101602477,4.965068306494546e-16
6,hab_custom,311,aleatorio,2.3158868040380165,4.965068306494546e-16
6,hab_custom,312,aleatorio,2.4272982602740524e-13,4.965068306494546e-16
6,hab_custom,313,aleatorio,0.5317820140814264,4.965068306494546e-16
6,hab_custom,314,aleatorio,0.43484589755569036,4.965068306494546e-16
6,hab_custom,315,aleatorio,6.221212756561689e-15,4.965068306494546e-16
6,hab_custom,316,aleatorio,1.0501108479144294,4.965068306494546e-16
6,hab_custom,317,aleatorio,1.916163120635306,4.965068306494546e-16
6,hab_custom,318,aleatorio,0.2993844251227876,4.965068306494546e-16
6,hab_custom,319,aleatorio,0.7001036499700803,4.965068306494546e-16
6,hab_custom,320,aleatorio,8.128773682024553e-14,4.965068306494546e-16
6,hab_custom,321,aleatorio,3.116544544127953e-14,4.965068306494546e-16
6,hab_custom,322,aleatorio,2.9856550224432414,4.965068306494546e-16
6,hab_custom,323,aleatorio,1.2493329052909434,4.965068306494546e-16
6,hab_custom,324,aleatorio,0.15227537032633143,4.965068306494546e-16
6,hab_custom,325,aleatorio,1.7161095110160318,4.965068306494546e-16
6,hab_custom,326,aleatorio,5.600104042521114e-14,4.965068306494546e-16
6,hab_custom,327,aleatorio,1.1691757477580893,4.965068306494546e-16
6,hab_custom,328,aleatorio,0.7491156394760335,4.965068306494546e-16
6,hab_custom,329,aleatorio,4.536602772960621e-14,4.965068306494546e-16
6,hab_custom,330,aleatorio,0.4838774441863398,4.965068306494546e-16
6,hab_custom,331,aleatorio,0.5053702833013577,4.965068306494546e-16
6,hab_custom,332,aleatorio,0.9619057465030324,4.965068306494546e-16
6,hab_custom,333,aleatorio,0.2579885211964508,4.965068306494546e-16
6,hab_custom,334,aleatorio,1.0195662710980723e-12,4.965068306494546e-16
6,hab_custom,335,aleatorio,1.2596775179658602e-12,4.965068306494546e-16
6,hab_custom,336,aleatorio,0.022839614953714834,4.965068306494546e-16
6,hab_custom,337,aleatorio,0.5769508012083239,4.965068306494546e-16
6,hab_custom,338,aleatorio,0.4323278876248635,4.965068306494546e-16
6,hab_custom,339,aleatorio,0.2792480756744806,4.965068306494546e-16
6,hab_custom,340,aleatorio,0.8103818549674154,4.965068306494546e-16
6,hab_custom,341,aleatorio,7.474781487414081e-13,4.965068306494546e-16
6,hab_custom,342,aleatorio,2.364716142562302e-13,4.965068306494546e-16
6,hab_custom,343,aleatorio,3.677367590243395,4.965068306494546e-16
6,hab_custom,344,aleatorio,2.1158768686493366,4.965068306494546e-16
6,hab_custom,345,aleatorio,2.275280134513746e-15,4.965068306494546e-16
6,hab_custom,346,aleatorio,2.8572663179932715e-14,4.965068306494546e-16
6,hab_custom,347,aleatorio,0.14997403977432833,4.965068306494546e-16
6,hab_custom,348,aleatorio,0.030369927502007076,4.965068306494546e-16
6,hab_custom,349,aleatorio,0.03676343973239693,4.965068306494546e-16
6,hab_custom,350,aleatorio,2.0243235619807113e-14,4.965068306494546e-16
6,hab_custom,351,aleatorio,1.4952274787546584,4.965068306494546e-16
6,hab_custom,352,aleatorio,1.028380596404813e-14,4.965068306494546e-16
6,hab_custom,353,aleatorio,1.7826423258085198,4.965068306494546e-16
6,hab_custom,354,aleatorio,0.28453354748482906,4.965068306494546e-16
6,hab_custom,355,aleatorio,2.833858241597641,4.965068306494546e-16
6,hab_custom,356,aleatorio,4.534279142523387e-15,4.965068306494546e-16
6,hab_custom,357,aleatorio,5.902639343101859e-14,4.965068306494546e-16
6,hab_custom,358,aleatorio,1.0056966523887778,4.965068306494546e-16
6,hab_custom,359,aleatorio,0.46168428499393477,4.965068306494546e-16
6,hab_custom,360,aleatorio,13.568057678575634,4.965068306494546e-16
6,hab_custom,361,aleatorio,3.3377700058206488,4.965068306494546e-16
6,hab_custom,362,aleatorio,0.3774599364817891,4.965068306494546e-16
6,hab_custom,363,aleatorio,1.326102823298534e-12,4.965068306494546e-16
6,hab_custom,364,aleatorio,0.05926440252568913,4.965068306494546e-16
6,hab_custom,365,aleatorio,0.01667683224595149,4.965068306494546e-16
6,hab_custom,366,aleatorio,0.2584338881770353,4.965068306494546e-16
6,hab_custom,367,aleatorio,2.5969051505417653,4.965068306494546e-16
6,hab_custom,368,aleatorio,1.4490252871839236e-11,4.965068306494546e-16
6,hab_custom,369,aleatorio,0.36172957025498553,4.965068306494546e-16
6,hab_custom,370,aleatorio,0.1815378964546107,4.965068306494546e-16
6,hab_custom,371,aleatorio,1.8384331626931891,4.965068306494546e-16
6,hab_custom,372,aleatorio,4.028854090982721,4.965068306494546e-16
6,hab_custom,373,aleatorio,0.09863116107960178,4.965068306494546e-16
6,hab_custom,374,aleatorio,4.104528241583076,4.965068306494546e-16
6,hab_custom,375,aleatorio,1.7303102769002505e-14,4.965068306494546e-16
6,hab_custom,376,aleatorio,1.724400802089673,4.965068306494546e-16
6,hab_custom,377,aleatorio,1.3108052570041102e-11,4.965068306494546e-16
6,hab_custom,378,aleatorio,0.28494414625354475,4.965068306494546e-16
6,hab_custom,379,aleatorio,1.5419822210477474,4.965068306494546e-16
6,hab_custom,380,aleatorio,2.664753339295624,4.965068306494546e-16
6,hab_custom,381,aleatorio,6.539755609096926,4.965068306494546e-16
6,hab_custom,382,aleatorio,1.3418817858708733e-10,4.965068306494546e-16
6,hab_custom,383,aleatorio,0.023918890541531283,4.965068306494546e-16
6,hab_custom,384,aleatorio,2.08026254055224,4.965068306494546e-16
6,hab_custom,385,aleatorio,0.003466898395529776,4.965068306494546e-16
6,hab_custom,386,aleatorio,5.380138944525892e-13,4.965068306494546e-16
6,hab_custom,387,aleatorio,0.05027175752890933,4.965068306494546e-16
6,hab_custom,388,aleatorio,1.8950787960710096,4.965068306494546e-16
6,hab_custom,389,aleatorio,0.06169081535363406,4.965068306494546e-16
6,hab_custom,390,aleatorio,1.6312136968842705,4.965068306494546e-16
6,hab_custom,391,aleatorio,2.164976212232861,4.965068306494546e-16
6,hab_custom,392,aleatorio,8.772869659673793e-15,4.965068306494546e-16
6,hab_custom,393,aleatorio,0.4170575948702663,4.965068306494546e-16
6,hab_custom,394,aleatorio,7.172358331450645e-13,4.965068306494546e-16
6,hab_custom,395,aleatorio,1.336885555457667e-15,4.965068306494546e-16
6,hab_custom,396,aleatorio,1.2755491433176288e-14,4.965068306494546e-16
6,hab_custom,397,aleatorio,5.742515237247333e-14,4.965068306494546e-16
6,hab_custom,398,aleatorio,4.786029170284276e-13,4.965068306494546e-16
6,hab_custom,399,aleatorio,1.0877919644084146e-15,4.965068306494546e-16
6,hab_custom,400,aleatorio,1.4137978497148391,4.965068306494546e-16
6,hab_custom,401,aleatorio,0.017778039282246767,4.965068306494546e-16
6,hab_custom,402,aleatorio,2.368794530449222,4.965068306494546e-16
6,hab_custom,403,aleatorio,8.110731312471646,4.965068306494546e-16
6,hab_custom,404,aleatorio,0.7107412991224719,4.965068306494546e-16
6,hab_custom,405,aleatorio,9.155133597044475e-16,4.965068306494546e-16
6,hab_custom,406,aleatorio,7.865776362818415,4.965068306494546e-16
6,hab_custom,407,aleatorio,1.4217791915866692e-15,4.965068306494546e-16
6,hab_custom,408,aleatorio,1.0112817721730152,4.965068306494546e-16
6,hab_custom,409,aleatorio,0.11200601564868967,4.965068306494546e-16
6,hab_custom,410,aleatorio,0.8776447946417297,4.965068306494546e-16
6,hab_custom,411,aleatorio,0.5313513165188908,4.965068306494546e-16
6,hab_custom,412,aleatorio,3.6522605080365134e-13,4.965068306494546e-16
6,hab_custom,413,aleatorio,0.07809169210722644,4.965068306494546e-16
6,hab_custom,414,aleatorio,7.005382010287842e-13,4.965068306494546e-16
6,hab_custom,415,aleatorio,1.733250759986444,4.965068306494546e-16
6,hab_custom,416,aleatorio,1.1442957837986223,4.965068306494546e-16
6,hab_custom,417,aleatorio,0.35081437722428094,4.965068306494546e-16
6,hab_custom,418,aleatorio,1.6752795962973066e-12,4.965068306494546e-16
6,hab_custom,419,aleatorio,1.6662525523022647,4.965068306494546e-16
6,hab_custom,420,aleatorio,8.806525293470786e-15,4.965068306494546e-16
6,hab_custom,421,aleatorio,4.3837386339484523e-13,4.965068306494546e-16
6,hab_custom,422,aleatorio,1.0040658755844354,4.965068306494546e-16
6,hab_custom,423,aleatorio,0.18595032711481133,4.965068306494546e-16
6,hab_custom,424,aleatorio,0.9324358131742697,4.965068306494546e-16
6,hab_custom,425,aleatorio,2.2059938000111847,4.965068306494546e-16
6,hab_custom,426,aleatorio,0.4500805062527,4.965068306494546e-16
6,hab_custom,427,aleatorio,2.9687478431999534,4.965068306494546e-16
6,hab_custom,428,aleatorio,4.6761349656094104e-15,4.965068306494546e-16
6,hab_custom,429,aleatorio,0.9339811579362629,4.965068306494546e-16
6,hab_custom,430,aleatorio,2.3705204174273047e-11,4.965068306494546e-16
6,hab_custom,431,aleatorio,0.3128060326787992,4.965068306494546e-16
6,hab_custom,432,aleatorio,9.222205069512407e-16,4.965068306494546e-16
6,hab_custom,433,aleatorio,1.9674090390717378,4.965068306494546e-16
6,hab_custom,434,aleatorio,1.1116099371267112e-15,4.965068306494546e-16
6,hab_custom,435,aleatorio,0.648257249703747,4.965068306494546e-16
6,hab_custom,436,aleatorio,1.5995243234282823e-13,4.965068306494546e-16
6,hab_custom,437,aleatorio,1.067975113019169e-13,4.965068306494546e-16
6,hab_custom,438,aleatorio,0.07903488857918207,4.965068306494546e-16
6,hab_custom,439,aleatorio,9.279339413834181e-14,4.965068306494546e-16
6,hab_custom,440,aleatorio,1.1016573105241452,4.965068306494546e-16
6,hab_custom,441,aleatorio,3.5444662509845947e-13,4.965068306494546e-16
6,hab_custom,442,aleatorio,1.6816312309324977,4.965068306494546e-16
6,hab_custom,443,aleatorio,0.011729054156950598,4.965068306494546e-16
6,hab_custom,444,aleatorio,2.1158225094880736,4.965068306494546e-16
6,hab_custom,445,aleatorio,0.3412324575362324,4.965068306494546e-16
6,hab_custom,446,aleatorio,0.22212982169740247,4.965068306494546e-16
6,hab_custom,447,aleatorio,1.0423602490094235,4.965068306494546e-16
6,hab_custom,448,aleatorio,1.8158711988598535,4.965068306494546e-16
6,hab_custom,449,aleatorio,0.5563624094748892,4.965068306494546e-16
6,hab_custom,450,aleatorio,2.8230188259996254,4.965068306494546e-16
6,hab_custom,451,aleatorio,0.4965339081969148,4.965068306494546e-16
6,hab_custom,452,aleatorio,0.9697355564537313,4.965068306494546e-16
6,hab_custom,453,aleatorio,0.0045763740151767455,4.965068306494546e-16
6,hab_custom,454,aleatorio,1.1134162418811724e-10,4.965068306494546e-16
6,hab_custom,455,aleatorio,0.5437439129151286,4.965068306494546e-16
6,hab_custom,456,aleatorio,2.5569414921719753,4.965068306494546e-16
6,hab_custom,457,aleatorio,2.7284169408899306,4.965068306494546e-16
6,hab_custom,458,aleatorio,5.0169552296428547e-14,4.965068306494546e-16
6,hab_custom,459,aleatorio,1.5849084861190785e-10,4.965068306494546e-16
6,hab_custom,460,aleatorio,1.0640255685105333,4.965068306494546e-16
6,hab_custom,461,aleatorio,9.155133597044475e-16,4.965068306494546e-16
6,hab_custom,462,aleatorio,1.4890711297080181,4.965068306494546e-16
6,hab_custom,463,aleatorio,0.9629011039059544,4.965068306494546e-16
6,hab_custom,464,aleatorio,0.5657748466475792,4.965068306494546e-16
6,hab_custom,465,aleatorio,1.8427588765727048,4.965068306494546e-16
6,hab_custom,466,aleatorio,0.3443129774488978,4.965068306494546e-16
6,hab_custom,467,aleatorio,0.5204838184575149,4.965068306494546e-16
6,hab_custom,468,aleatorio,0.13591192063245017,4.965068306494546e-16
6,hab_custom,469,aleatorio,1.680072297996111e-15,4.965068306494546e-16
6,hab_custom,470,aleatorio,1.6035405511723317,4.965068306494546e-16
6,hab_custom,471,aleatorio,1.7567514304190295,4.965068306494546e-16
6,hab_custom,472,aleatorio,0.1944512111257961,4.965068306494546e-16
6,hab_custom,473,aleatorio,1.4409833872215614,4.965068306494546e-16
6,hab_custom,474,aleatorio,0.48796815489653456,4.965068306494546e-16
6,hab_custom,475,aleatorio,1.3723308684351745e-13,4.965068306494546e-16
6,hab_custom,476,aleatorio,2.9453552363326296,4.965068306494546e-16
6,hab_custom,477,aleatorio,0.6588363708983926,4.965068306494546e-16
6,hab_custom,478,aleatorio,2.055694255916815,4.965068306494546e-16
6,hab_custom,479,aleatorio,4.311326371230795e-15,4.965068306494546e-16
6,hab_custom,480,aleatorio,0.06257796577334424,4.965068306494546e-16
6,hab_custom,481,aleatorio,1.1342307060801535e-13,4.965068306494546e-16
6,hab_custom,482,aleatorio,3.6107434876955063e-12,4.965068306494546e-16
6,hab_custom,483,aleatorio,0.21631943961891603,4.965068306494546e-16
6,hab_custom,484,aleatorio,1.432187701766452e-14,4.965068306494546e-16
6,hab_custom,485,aleatorio,2.79999959336603,4.965068306494546e-16
6,hab_custom,486,aleatorio,7.669567363133559,4.965068306494546e-16
6,hab_custom,487,aleatorio,9.385003581256057e-14,4.965068306494546e-16
6,hab_custom,488,aleatorio,0.4480475888274221,4.965068306494546e-16
6,hab_custom,489,aleatorio,0.26553792751702826,4.965068306494546e-16
6,hab_custom,490,aleatorio,1.3738017421789088e-13,4.965068306494546e-16
6,hab_custom,491,aleatorio,0.41189878041508543,4.965068306494546e-16
6,hab_custom,492,aleatorio,9.155133597044475e-16,4.965068306494546e-16
6,hab_custom,493,aleatorio,3.2972803922847116,4.965068306494546e-16
6,hab_custom,494,aleatorio,0.7858660188703046,4.965068306494546e-16
6,hab_custom,495,aleatorio,1.612987024074597,4.965068306494546e-16
6,hab_custom,496,aleatorio,4.129313316563926e-14,4.965068306494546e-16
6,hab_custom,497,aleatorio,1.6126920961239077e-15,4.965068306494546e-16
6,hab_custom,498,aleatorio,1.2415469639474972,4.965068306494546e-16
6,hab_custom,499,aleatorio,0.26564591458858583,4.965068306494546e-16
6,hab_custom,500,aleatorio,3.107490134623247,4.965068306494546e-16
6,hab_custom,501,aleatorio,0.537072105261199,4.965068306494546e-16
6,hab_custom,502,aleatorio,0.40502707819744016,4.965068306494546e-16
6,hab_custom,503,aleatorio,0.0784545450041306,4.965068306494546e-16
6,hab_custom,504,aleatorio,0.007916308342229625,4.965068306494546e-16
6,hab_custom,505,aleatorio,0.4554492445724111,4.965068306494546e-16
6,hab_custom,506,aleatorio,0.7083338294722573,4.965068306494546e-16
6,hab_custom,507,aleatorio,0.5016790549225898,4.965068306494546e-16
6,hab_custom,508,aleatorio,0.6014700031635012,4.965068306494546e-16
6,hab_custom,509,aleatorio,4.9938443772189615e-15,4.965068306494546e-16
6,hab_custom,510,aleatorio,0.0005244173593794504,4.965068306494546e-16
6,hab_custom,511,aleatorio,0.00011057155186773879,4.965068306494546e-16
6,hab_custom,512,aleatorio,0.010799438218059208,4.965068306494546e-16
6,hab_custom,513,aleatorio,0.4765565495255402,4.965068306494546e-16
6,hab_custom,514,aleatorio,0.015047038521948457,4.965068306494546e-16
6,hab_custom,515,aleatorio,1.6764000044290905e-15,4.965068306494546e-16
6,hab_custom,516,aleatorio,0.8166896295470146,4.965068306494546e-16
6,hab_custom,517,aleatorio,6.317142376415501e-13,4.965068306494546e-16
6,hab_custom,518,aleatorio,1.2687090125637196e-11,4.965068306494546e-16
6,hab_custom,519,aleatorio,2.655527997913235,4.965068306494546e-16
6,hab_custom,520,aleatorio,0.5822796047434186,4.965068306494546e-16
6,hab_custom,521,aleatorio,3.5780420489723674,4.965068306494546e-16
6,hab_custom,522,aleatorio,1.2079564258591382,4.965068306494546e-16
6,hab_custom,523,aleatorio,1.0330091811915685,4.965068306494546e-16
6,hab_custom,524,aleatorio,0.008779010149324163,4.965068306494546e-16
6,hab_custom,525,aleatorio,0.012009367698116332,4.965068306494546e-16
6,hab_custom,526,aleatorio,0.11044343502007689,4.965068306494546e-16
6,hab_custom,527,aleatorio,0.06140439371718276,4.965068306494546e-16
6,hab_custom,528,aleatorio,0.8705285297668719,4.965068306494546e-16
6,hab_custom,529,aleatorio,0.047740983378378066,4.965068306494546e-16
6,hab_custom,530,aleatorio,3.66205343881779e-15,4.965068306494546e-16
6,hab_custom,531,aleatorio,0.5830931420258577,4.965068306494546e-16
6,hab_custom,532,aleatorio,0.823263240946427,4.965068306494546e-16
6,hab_custom,533,aleatorio,0.1291984079192031,4.965068306494546e-16
6,hab_custom,534,aleatorio,7.079036571646885e-14,4.965068306494546e-16
6,hab_custom,535,aleatorio,2.0471501066083613e-15,4.965068306494546e-16
6,hab_custom,536,aleatorio,0.25896653047084334,4.965068306494546e-16
6,hab_custom,537,aleatorio,0.8084143175233475,4.965068306494546e-16
6,hab_custom,538,aleatorio,7.021666937153402e-16,4.965068306494546e-16
6,hab_custom,539,aleatorio,3.7446366103433324e-13,4.965068306494546e-16
6,hab_custom,540,aleatorio,0.7614840731101733,4.965068306494546e-16
6,hab_custom,541,aleatorio,0.3407234228051208,4.965068306494546e-16
6,hab_custom,542,aleatorio,0.42019895087780407,4.965068306494546e-16
6,hab_custom,543,aleatorio,0.19035054045031322,4.965068306494546e-16
6,hab_custom,544,aleatorio,0.2838324569025323,4.965068306494546e-16
6,hab_custom,545,aleatorio,0.02678194396709581,4.965068306494546e-16
6,hab_custom,546,aleatorio,0.2007333087817239,4.965068306494546e-16
6,hab_custom,547,aleatorio,0.20428819139637908,4.965068306494546e-16
6,hab_custom,548,aleatorio,0.05394148988427929,4.965068306494546e-16
6,hab_custom,549,aleatorio,0.19264159621430227,4.965068306494546e-16
6,hab_custom,550,aleatorio,2.9122536775552095,4.965068306494546e-16
6,hab_custom,551,aleatorio,0.03164039169942792,4.965068306494546e-16
6,hab_custom,552,aleatorio,0.32072226592795056,4.965068306494546e-16
6,hab_custom,553,aleatorio,6.982994117185227,4.965068306494546e-16
6,hab_custom,554,aleatorio,1.0703890576594286,4.965068306494546e-16
6,hab_custom,555,aleatorio,0.6114056671490481,4.965068306494546e-16
6,hab_custom,556,aleatorio,1.0063141415264484e-11,4.965068306494546e-16
6,hab_custom,557,aleatorio,1.1225655564313595e-12,4.965068306494546e-16
6,hab_custom,558,aleatorio,1.2793285867626427,4.965068306494546e-16
6,hab_custom,559,aleatorio,1.226672886792622,4.965068306494546e-16
6,hab_custom,560,aleatorio,0.9499621668909322,4.965068306494546e-16
6,hab_custom,561,aleatorio,8.750360656168091e-15,4.965068306494546e-16
6,hab_custom,562,aleatorio,1.5022010967391903,4.965068306494546e-16
6,hab_custom,563,aleatorio,2.5443574253650043,4.965068306494546e-16
6,hab_custom,564,aleatorio,7.317573682693151e-11,4.965068306494546e-16
6,hab_custom,565,aleatorio,5.0098918997282125,4.965068306494546e-16
6,hab_custom,566,aleatorio,0.2377255396932472,4.965068306494546e-16
6,hab_custom,567,aleatorio,3.2208585803867993,4.965068306494546e-16
6,hab_custom,568,aleatorio,0.3345601492144944,4.965068306494546e-16
6,hab_custom,569,aleatorio,1.0533293599638864,4.965068306494546e-16
6,hab_custom,570,aleatorio,2.436485032643217,4.965068306494546e-16
6,hab_custom,571,aleatorio,8.881784197001252e-16,4.965068306494546e-16
6,hab_custom,572,aleatorio,5.432070853173596,4.965068306494546e-16
6,hab_custom,573,aleatorio,4.3805157962989805,4.965068306494546e-16
6,hab_custom,574,aleatorio,0.05048928996825219,4.965068306494546e-16
6,hab_custom,575,aleatorio,1.1877056741894039e-13,4.965068306494546e-16
6,hab_custom,576,aleatorio,0.3085622748439221,4.965068306494546e-16
6,hab_custom,577,aleatorio,0.3450401735559763,4.965068306494546e-16
6,hab_custom,578,aleatorio,0.31972913248937884,4.965068306494546e-16
6,hab_custom,579,aleatorio,0.07624717216389885,4.965068306494546e-16
6,hab_custom,580,aleatorio,4.606823584724515e-14,4.965068306494546e-16
6,hab_custom,581,aleatorio,2.1409791348984677,4.965068306494546e-16
6,hab_custom,582,aleatorio,0.4899840197219264,4.965068306494546e-16
6,hab_custom,583,aleatorio,0.5752094184107632,4.965068306494546e-16
6,hab_custom,584,aleatorio,0.10775754520020177,4.965068306494546e-16
6,hab_custom,585,aleatorio,0.4941784763715244,4.965068306494546e-16
6,hab_custom,586,aleatorio,0.012327906501021689,4.965068306494546e-16
6,hab_custom,587,aleatorio,0.3512526150853421,4.965068306494546e-16
6,hab_custom,588,aleatorio,4.3030001946086395e-13,4.965068306494546e-16
6,hab_custom,589,aleatorio,0.6781670960009074,4.965068306494546e-16
6,hab_custom,590,aleatorio,7.762962483185878,4.965068306494546e-16
6,hab_custom,591,aleatorio,1.9128703673856513,4.965068306494546e-16
6,hab_custom,592,aleatorio,0.8062581526828914,4.965068306494546e-16
6,hab_custom,593,aleatorio,0.9701017189803125,4.965068306494546e-16
6,hab_custom,594,aleatorio,3.2344789376264116e-12,4.965068306494546e-16
6,hab_custom,595,aleatorio,0.21588851242032267,4.965068306494546e-16
6,hab_custom,596,aleatorio,1.0642784632639408,4.965068306494546e-16
6,hab_custom,597,aleatorio,2.047317953512434e-11,4.965068306494546e-16
6,hab_custom,598,aleatorio,0.07004725389785708,4.965068306494546e-16
6,hab_custom,599,aleatorio,0.08850221479832644,4.965068306494546e-16
6,hab_custom,600,aleatorio,1.8069271337886146,4.965068306494546e-16
6,hab_custom,601,aleatorio,2.1913909288080546,4.965068306494546e-16
6,hab_custom,602,aleatorio,0.05357340121718342,4.965068306494546e-16
6,hab_custom,603,aleatorio,1.8173562572532267,4.965068306494546e-16
6,hab_custom,604,aleatorio,2.939514148306062,4.965068306494546e-16
6,hab_custom,605,aleatorio,4.924585047476538e-13,4.965068306494546e-16
6,hab_custom,606,aleatorio,1.3322676295501878e-15,4.965068306494546e-16
6,hab_custom,607,aleatorio,1.5982430787290631,4.965068306494546e-16
6,hab_custom,608,aleatorio,0.9285179632654169,4.965068306494546e-16
6,hab_custom,609,aleatorio,1.2765612435476992,4.965068306494546e-16
6,hab_custom,610,aleatorio,0.18654957296583016,4.965068306494546e-16
6,hab_custom,611,aleatorio,1.121178095344338,4.965068306494546e-16
6,hab_custom,612,aleatorio,1.9641850382783467e-15,4.965068306494546e-16
6,hab_custom,613,aleatorio,1.8190640706206702,4.965068306494546e-16
6,hab_custom,614,aleatorio,0.043053575057696775,4.965068306494546e-16
6,hab_custom,615,aleatorio,2.784444215154866e-13,4.965068306494546e-16
6,hab_custom,616,aleatorio,4.685088546417736e-14,4.965068306494546e-16
6,hab_custom,617,aleatorio,0.5112309782332441,4.965068306494546e-16
6,hab_custom,618,aleatorio,2.631767229038405e-14,4.965068306494546e-16
6,hab_custom,619,aleatorio,1.3405410558813284,4.965068306494546e-16
6,hab_custom,620,aleatorio,0.9609057881812836,4.965068306494546e-16
6,hab_custom,621,aleatorio,1.137946241348825,4.965068306494546e-16
6,hab_custom,622,aleatorio,1.4532986817817286,4.965068306494546e-16
6,hab_custom,623,aleatorio,3.5101484097954634,4.965068306494546e-16
6,hab_custom,624,aleatorio,7.706611346103597e-14,4.965068306494546e-16
6,hab_custom,625,aleatorio,1.8607603814933213,4.965068306494546e-16
6,hab_custom,626,aleatorio,1.9406050617823417e-14,4.965068306494546e-16
6,hab_custom,627,aleatorio,9.892205522649522e-15,4.965068306494546e-16
6,hab_custom,628,aleatorio,3.0322607152365206,4.965068306494546e-16
6,hab_custom,629,aleatorio,0.13064374642705376,4.965068306494546e-16
6,hab_custom,630,aleatorio,0.2625549857372887,4.965068306494546e-16
6,hab_custom,631,aleatorio,1.201412437252909,4.965068306494546e-16
6,hab_custom,632,aleatorio,3.5122589983464243,4.965068306494546e-16
6,hab_custom,633,aleatorio,0.14610194248080027,4.965068306494546e-16
6,hab_custom,634,aleatorio,1.5483409655055653,4.965068306494546e-16
6,hab_custom,635,aleatorio,0.6591517126973029,4.965068306494546e-16
6,hab_custom,636,aleatorio,1.4292824496875685,4.965068306494546e-16
6,hab_custom,637,aleatorio,7.8763262137018e-14,4.965068306494546e-16
6,hab_custom,638,aleatorio,0.18200627819518236,4.965068306494546e-16
6,hab_custom,639,aleatorio,1.8034179388772562,4.965068306494546e-16
6,hab_custom,640,aleatorio,0.5162718324768576,4.965068306494546e-16
6,hab_custom,641,aleatorio,3.113117215626552,4.965068306494546e-16
6,hab_custom,642,aleatorio,1.9009806988860651,4.965068306494546e-16
6,hab_custom,643,aleatorio,4.272784416512245,4.965068306494546e-16
6,hab_custom,644,aleatorio,0.0278871789979595,4.965068306494546e-16
6,hab_custom,645,aleatorio,0.42609960505252426,4.965068306494546e-16
6,hab_custom,646,aleatorio,1.1957467920563633e-15,4.965068306494546e-16
6,hab_custom,647,aleatorio,7.221196437389855e-14,4.965068306494546e-16
6,hab_custom,648,aleatorio,0.14032038014517956,4.965068306494546e-16
6,hab_custom,649,aleatorio,0.22019774615355017,4.965068306494546e-16
6,hab_custom,650,aleatorio,5.2237143633300397e-14,4.965068306494546e-16
6,hab_custom,651,aleatorio,1.4217791915866692e-15,4.965068306494546e-16
6,hab_custom,652,aleatorio,2.8543745438774784e-15,4.965068306494546e-16
6,hab_custom,653,aleatorio,0.02748805748629115,4.965068306494546e-16
6,hab_custom,654,aleatorio,0.73413971458677,4.965068306494546e-16
6,hab_custom,655,aleatorio,0.7734207472673406,4.965068306494546e-16
6,hab_custom,656,aleatorio,2.1108926999836357,4.965068306494546e-16
6,hab_custom,657,aleatorio,7.872412899894526e-15,4.965068306494546e-16
6,hab_custom,658,aleatorio,6.089352165341675,4.965068306494546e-16
6,hab_custom,659,aleatorio,1.5988090418547614,4.965068306494546e-16
6,hab_custom,660,aleatorio,1.3065208731591471,4.965068306494546e-16
6,hab_custom,661,aleatorio,1.3127611495471402e-12,4.965068306494546e-16
6,hab_custom,662,aleatorio,8.103015814732677e-14,4.965068306494546e-16
6,hab_custom,663,aleatorio,0.68518632875891,4.965068306494546e-16
6,hab_custom,664,aleatorio,2.838799004315126,4.965068306494546e-16
6,hab_custom,665,aleatorio,3.055668039038701,4.965068306494546e-16
6,hab_custom,666,aleatorio,1.9544216262637257,4.965068306494546e-16
6,hab_custom,667,aleatorio,8.57317739638712,4.965068306494546e-16
6,hab_custom,668,aleatorio,0.5903820682269714,4.965068306494546e-16
6,hab_custom,669,aleatorio,1.2516899680211047,4.965068306494546e-16
6,hab_custom,670,aleatorio,1.7995463322495788,4.965068306494546e-16
6,hab_custom,671,aleatorio,1.1626341176298163e-12,4.965068306494546e-16
6,hab_custom,672,aleatorio,0.006774588926798495,4.965068306494546e-16
6,hab_custom,673,aleatorio,2.497681053717811e-14,4.965068306494546e-16
6,hab_custom,674,aleatorio,2.541600287918526,4.965068306494546e-16
6,hab_custom,675,aleatorio,0.3625781173000025,4.965068306494546e-16
6,hab_custom,676,aleatorio,0.06217681173489877,4.965068306494546e-16
6,hab_custom,677,aleatorio,0.06989446868402752,4.965068306494546e-16
6,hab_custom,678,aleatorio,0.01869939869631611,4.965068306494546e-16
6,hab_custom,679,aleatorio,13.44700852398801,4.965068306494546e-16
6,hab_custom,680,aleatorio,3.659472658622348,4.965068306494546e-16
6,hab_custom,681,aleatorio,0.2817064786429882,4.965068306494546e-16
6,hab_custom,682,aleatorio,0.13192497698339994,4.965068306494546e-16
6,hab_custom,683,aleatorio,1.0094223937167743,4.965068306494546e-16
6,hab_custom,684,aleatorio,0.6618375361831478,4.965068306494546e-16
6,hab_custom,685,aleatorio,0.5249689071853101,4.965068306494546e-16
6,hab_custom,686,aleatorio,6.768000056090445e-14,4.965068306494546e-16
6,hab_custom,687,aleatorio,0.24051421092084893,4.965068306494546e-16
6,hab_custom,688,aleatorio,0.3525492042505796,4.965068306494546e-16
6,hab_custom,689,aleatorio,5.910892444651536e-14,4.965068306494546e-16
6,hab_custom,690,aleatorio,0.054554204715295485,4.965068306494546e-16
6,hab_custom,691,aleatorio,1.7203801925900082,4.965068306494546e-16
6,hab_custom,692,aleatorio,3.3926714317293536,4.965068306494546e-16
6,hab_custom,693,aleatorio,5.8410815908364745e-15,4.965068306494546e-16
6,hab_custom,694,aleatorio,0.5500462292562629,4.965068306494546e-16
6,hab_custom,695,aleatorio,0.10457027620441664,4.965068306494546e-16
6,hab_custom,696,aleatorio,0.0598299710917283,4.965068306494546e-16
6,hab_custom,697,aleatorio,5.442874949945317,4.965068306494546e-16
6,hab_custom,698,aleatorio,0.01352784736722843,4.965068306494546e-16
6,hab_custom,699,aleatorio,8.399469178934476e-12,4.965068306494546e-16
6,hab_custom,700,aleatorio,1.1957467920563633e-15,4.965068306494546e-16
6,hab_custom,701,aleatorio,0.031031342212795753,4.965068306494546e-16
6,hab_custom,702,aleatorio,9.930136612989092e-16,4.965068306494546e-16
6,hab_custom,703,aleatorio,0.7496472883495395,4.965068306494546e-16
6,hab_custom,704,aleatorio,2.6216958761468754,4.965068306494546e-16
6,hab_custom,705,aleatorio,0.1926374352605629,4.965068306494546e-16
6,hab_custom,706,aleatorio,0.11702543135417562,4.965068306494546e-16
6,hab_custom,707,aleatorio,0.9649975508090557,4.965068306494546e-16
6,hab_custom,708,aleatorio,5.510039805282467,4.965068306494546e-16
6,hab_custom,709,aleatorio,4.941427952213725e-15,4.965068306494546e-16
6,hab_custom,710,aleatorio,1.01133231646308,4.965068306494546e-16
6,hab_custom,711,aleatorio,4.652682298944613e-15,4.965068306494546e-16
6,hab_custom,712,aleatorio,1.808465304975217e-12,4.965068306494546e-16
6,hab_custom,713,aleatorio,8.005932084973442e-16,4.965068306494546e-16
6,hab_custom,714,aleatorio,5.777428238599253e-15,4.965068306494546e-16
6,hab_custom,715,aleatorio,2.8393994552084162e-14,4.965068306494546e-16
6,hab_custom,716,aleatorio,2.749499665553511e-11,4.965068306494546e-16
6,hab_custom,717,aleatorio,1.34862681455138,4.965068306494546e-16
6,hab_custom,718,aleatorio,1.657978993208566e-12,4.965068306494546e-16
6,hab_custom,719,aleatorio,1.9675350727830952e-11,4.965068306494546e-16
6,hab_custom,720,aleatorio,0.501510243523,4.965068306494546e-16
6,hab_custom,721,aleatorio,0.35727619595066384,4.965068306494546e-16
6,hab_custom,722,aleatorio,2.3870827772703992e-14,4.965068306494546e-16
6,hab_custom,723,aleatorio,0.4254478590624885,4.965068306494546e-16
6,hab_custom,724,aleatorio,1.8379673341071168,4.965068306494546e-16
6,hab_custom,725,aleatorio,3.259223211402649e-14,4.965068306494546e-16
6,hab_custom,726,aleatorio,4.4518421353884,4.965068306494546e-16
6,hab_custom,727,aleatorio,0.23057345270020535,4.965068306494546e-16
6,hab_custom,728,aleatorio,1.0486112946415198,4.965068306494546e-16
6,hab_custom,729,aleatorio,1.299367286124879,4.965068306494546e-16
6,hab_custom,730,aleatorio,0.6757390796223569,4.965068306494546e-16
6,hab_custom,731,aleatorio,10.045984828691315,4.965068306494546e-16
6,hab_custom,732,aleatorio,0.7385744246573648,4.965068306494546e-16
6,hab_custom,733,aleatorio,5.707721355635106e-12,4.965068306494546e-16
6,hab_custom,734,aleatorio,1.122867312294799,4.965068306494546e-16
6,hab_custom,735,aleatorio,2.361802726165203,4.965068306494546e-16
6,hab_custom,736,aleatorio,4.440892098500626e-15,4.965068306494546e-16
6,hab_custom,737,aleatorio,0.9851398501982194,4.965068306494546e-16
6,hab_custom,738,aleatorio,2.5910098931386707,4.965068306494546e-16
6,hab_custom,739,aleatorio,2.275280134513746e-15,4.965068306494546e-16
6,hab_custom,740,aleatorio,0.1586386125760341,4.965068306494546e-16
6,hab_custom,741,aleatorio,1.7431690151334789,4.965068306494546e-16
6,hab_custom,742,aleatorio,0.23336029454248966,4.965068306494546e-16
6,hab_custom,743,aleatorio,0.8793111217219121,4.965068306494546e-16
6,hab_custom,744,aleatorio,1.4328533570367012,4.965068306494546e-16
6,hab_custom,745,aleatorio,0.34625177508680494,4.965068306494546e-16
6,hab_custom,746,aleatorio,1.6401563386770803e-12,4.965068306494546e-16
6,hab_custom,747,aleatorio,1.2262814116578437e-15,4.965068306494546e-16
6,hab_custom,748,aleatorio,7.118579295892946e-11,4.965068306494546e-16
6,hab_custom,749,aleatorio,3.464866434312959e-13,4.965068306494546e-16
6,hab_custom,750,aleatorio,1.6580422542288182,4.965068306494546e-16
6,hab_custom,751,aleatorio,2.121823326379184,4.965068306494546e-16
6,hab_custom,752,aleatorio,1.4296729851132284,4.965068306494546e-16
6,hab_custom,753,aleatorio,0.8755641904938507,4.965068306494546e-16
6,hab_custom,754,aleatorio,1.579024820280737e-13,4.965068306494546e-16
6,hab_custom,755,aleatorio,1.4532875303523056,4.965068306494546e-16
6,hab_custom,756,aleatorio,5.710669961614736e-13,4.965068306494546e-16
6,hab_custom,757,aleatorio,1.6244195724125043,4.965068306494546e-16
6,hab_custom,758,aleatorio,3.150807956493659,4.965068306494546e-16
6,hab_custom,759,aleatorio,0.7305707633397709,4.965068306494546e-16
6,hab_custom,760,aleatorio,0.7649752971907673,4.965068306494546e-16
6,hab_custom,761,aleatorio,1.9622101674089625,4.965068306494546e-16
6,hab_custom,762,aleatorio,1.464484751053976e-15,4.965068306494546e-16
6,hab_custom,763,aleatorio,0.38167054996195443,4.965068306494546e-16
6,hab_custom,764,aleatorio,0.14864428446874015,4.965068306494546e-16
6,hab_custom,765,aleatorio,0.01056631035267655,4.965068306494546e-16
6,hab_custom,766,aleatorio,0.1389780833920222,4.965068306494546e-16
6,hab_custom,767,aleatorio,0.12350441073338791,4.965068306494546e-16
6,hab_custom,768,aleatorio,0.326682305423846,4.965068306494546e-16
6,hab_custom,769,aleatorio,1.7746466467464856,4.965068306494546e-16
6,hab_custom,770,aleatorio,0.3165627897355928,4.965068306494546e-16
6,hab_custom,771,aleatorio,1.0638998871895076,4.965068306494546e-16
6,hab_custom,772,aleatorio,1.6011864169946884e-15,4.965068306494546e-16
6,hab_custom,773,aleatorio,9.693472726634667,4.965068306494546e-16
6,hab_custom,774,aleatorio,6.970255665208044e-14,4.965068306494546e-16
6,hab_custom,775,aleatorio,1.4043333874306805e-15,4.965068306494546e-16
6,hab_custom,776,aleatorio,7.899827798762453e-14,4.965068306494546e-16
6,hab_custom,777,aleatorio,1.7155011555053342e-14,4.965068306494546e-16
6,hab_custom,778,aleatorio,0.24015012776993777,4.965068306494546e-16
6,hab_custom,779,aleatorio,0.001770884719847245,4.965068306494546e-16
6,hab_custom,780,aleatorio,0.04649542239739293,4.965068306494546e-16
6,hab_custom,781,aleatorio,0.8253073878291978,4.965068306494546e-16
6,hab_custom,782,aleatorio,1.186298906224312,4.965068306494546e-16
6,hab_custom,783,aleatorio,2.175583928816829e-15,4.965068306494546e-16
6,hab_custom,784,aleatorio,1.3677279286400577,4.965068306494546e-16
6,hab_custom,785,aleatorio,2.5649918248948302,4.965068306494546e-16
6,hab_custom,786,aleatorio,0.560195017242506,4.965068306494546e-16
6,hab_custom,787,aleatorio,0.2469136763674437,4.965068306494546e-16
6,hab_custom,788,aleatorio,0.6285605059883744,4.965068306494546e-16
6,hab_custom,789,aleatorio,0.8117343785887109,4.965068306494546e-16
6,hab_custom,790,aleatorio,1.8540901360282052e-11,4.965068306494546e-16
6,hab_custom,791,aleatorio,2.322473945345441,4.965068306494546e-16
6,hab_custom,792,aleatorio,0.13306529108532042,4.965068306494546e-16
6,hab_custom,793,aleatorio,1.2426238182143579,4.965068306494546e-16
6,hab_custom,794,aleatorio,0.19170985785641909,4.965068306494546e-16
6,hab_custom,795,aleatorio,4.965068306494546e-16,4.965068306494546e-16
6,hab_custom,796,aleatorio,0.0019450574553774365,4.965068306494546e-16
6,hab_custom,797,aleatorio,1.1137700720795299e-14,4.965068306494546e-16
6,hab_custom,798,aleatorio,2.144236156051534,4.965068306494546e-16
6,hab_custom,799,aleatorio,0.11487184220058246,4.965068306494546e-16
6,hab_custom,800,aleatorio,0.058872763321788986,4.965068306494546e-16
6,hab_custom,801,aleatorio,0.04220328806363976,4.965068306494546e-16
6,hab_custom,802,aleatorio,0.029624606724199986,4.965068306494546e-16
6,hab_custom,803,aleatorio,0.7856370996175662,4.965068306494546e-16
6,hab_custom,804,aleatorio,0.21981739325731142,4.965068306494546e-16
6,hab_custom,805,aleatorio,1.5768607663509684,4.965068306494546e-16
6,hab_custom,806,aleatorio,1.1059895161420077,4.965068306494546e-16
6,hab_custom,807,aleatorio,0.01955115370588901,4.965068306494546e-16
6,hab_custom,808,aleatorio,1.144151527461537,4.965068306494546e-16
6,hab_custom,809,aleatorio,0.5884129366551161,4.965068306494546e-16
6,hab_custom,810,aleatorio,3.835000819053351e-12,4.965068306494546e-16
6,hab_custom,811,aleatorio,8.28440654436356e-14,4.965068306494546e-16
6,hab_custom,812,aleatorio,1.376578303255622,4.965068306494546e-16
6,hab_custom,813,aleatorio,1.6295988761699831,4.965068306494546e-16
6,hab_custom,814,aleatorio,0.39665905353872577,4.965068306494546e-16
6,hab_custom,815,aleatorio,0.6824329611978142,4.965068306494546e-16
6,hab_custom,816,aleatorio,0.044936580594898114,4.965068306494546e-16
6,hab_custom,817,aleatorio,1.3322676295501878e-15,4.965068306494546e-16
6,hab_custom,818,aleatorio,4.0087587618154435e-13,4.965068306494546e-16
6,hab_custom,819,aleatorio,2.3926616890766113,4.965068306494546e-16
6,hab_custom,820,aleatorio,5.230921444199615,4.965068306494546e-16
6,hab_custom,821,aleatorio,1.7163990510516943e-14,4.965068306494546e-16
6,hab_custom,822,aleatorio,1.940648156003582,4.965068306494546e-16
6,hab_custom,823,aleatorio,1.63063002813654e-14,4.965068306494546e-16
6,hab_custom,824,aleatorio,2.124706989126661e-15,4.965068306494546e-16
6,hab_custom,825,aleatorio,1.0933158699396137,4.965068306494546e-16
6,hab_custom,826,aleatorio,1.3247693580951823,4.965068306494546e-16
6,hab_custom,827,aleatorio,9.61481343191782e-16,4.965068306494546e-16
6,hab_custom,828,aleatorio,9.649787380772348e-07,4.965068306494546e-16
6,hab_custom,829,aleatorio,0.3768031201555306,4.965068306494546e-16
6,hab_custom,830,aleatorio,2.9569962323457607e-13,4.965068306494546e-16
6,hab_custom,831,aleatorio,0.061957755102801784,4.965068306494546e-16
6,hab_custom,832,aleatorio,1.464063861621213e-14,4.965068306494546e-16
6,hab_custom,833,aleatorio,0.35199464947973086,4.965068306494546e-16
6,hab_custom,834,aleatorio,9.222205069512407e-16,4.965068306494546e-16
6,hab_custom,835,aleatorio,0.140358183039587,4.965068306494546e-16
6,hab_custom,836,aleatorio,4.0140091715888655,4.965068306494546e-16
6,hab_custom,837,aleatorio,2.6071466244320627,4.965068306494546e-16
6,hab_custom,838,aleatorio,0.6490475272653323,4.965068306494546e-16
6,hab_custom,839,aleatorio,2.400983768198222,4.965068306494546e-16
6,hab_custom,840,aleatorio,3.1423966440759526e-13,4.965068306494546e-16
6,hab_custom,841,aleatorio,2.042886993397068e-13,4.965068306494546e-16
6,hab_custom,842,aleatorio,0.014554541934703276,4.965068306494546e-16
6,hab_custom,843,aleatorio,1.2847161627824835,4.965068306494546e-16
6,hab_custom,844,aleatorio,2.4153033948259857e-13,4.965068306494546e-16
6,hab_custom,845,aleatorio,1.831026719408895e-15,4.965068306494546e-16
6,hab_custom,846,aleatorio,3.43230686767255e-11,4.965068306494546e-16
6,hab_custom,847,aleatorio,1.8726073149803937,4.965068306494546e-16
6,hab_custom,848,aleatorio,2.379249434382848,4.965068306494546e-16
6,hab_custom,849,aleatorio,1.321293237765936,4.965068306494546e-16
6,hab_custom,850,aleatorio,4.0577021873952153e-13,4.965068306494546e-16
6,hab_custom,851,aleatorio,1.6799613662633026,4.965068306494546e-16
6,hab_custom,852,aleatorio,0.390589030110862,4.965068306494546e-16
6,hab_custom,853,aleatorio,0.01921017318665856,4.965068306494546e-16
6,hab_custom,854,aleatorio,0.1280662904233758,4.965068306494546e-16
6,hab_custom,855,aleatorio,3.662810678563258e-14,4.965068306494546e-16
6,hab_custom,856,aleatorio,0.7868257713635131,4.965068306494546e-16
6,hab_custom,857,aleatorio,2.03949773079244,4.965068306494546e-16
6,hab_custom,858,aleatorio,2.9583120902861477,4.965068306494546e-16
6,hab_custom,859,aleatorio,2.5708818252995638,4.965068306494546e-16
6,hab_custom,860,aleatorio,3.2017484643800197e-13,4.965068306494546e-16
6,hab_custom,861,aleatorio,2.4184984736074475,4.965068306494546e-16
6,hab_custom,862,aleatorio,3.1891235842392462,4.965068306494546e-16
6,hab_custom,863,aleatorio,8.676092823983975e-15,4.965068306494546e-16
6,hab_custom,864,aleatorio,0.5663613039867564,4.965068306494546e-16
6,hab_custom,865,aleatorio,1.3909282404403656e-14,4.965068306494546e-16
6,hab_custom,866,aleatorio,3.7578397546085e-13,4.965068306494546e-16
6,hab_custom,867,aleatorio,1.211654961039854,4.965068306494546e-16
6,hab_custom,868,aleatorio,0.2776894410607696,4.965068306494546e-16
6,hab_custom,869,aleatorio,1.4264406745366507,4.965068306494546e-16
6,hab_custom,870,aleatorio,4.682057626301054,4.965068306494546e-16
6,hab_custom,871,aleatorio,7.412999234002071e-11,4.965068306494546e-16
6,hab_custom,872,aleatorio,1.2817187035862264e-14,4.965068306494546e-16
6,hab_custom,873,aleatorio,2.9110624496408706,4.965068306494546e-16
6,hab_custom,874,aleatorio,0.5425183646493503,4.965068306494546e-16
6,hab_custom,875,aleatorio,0.30246660671114317,4.965068306494546e-16
6,hab_custom,876,aleatorio,1.681820955866069,4.965068306494546e-16
6,hab_custom,877,aleatorio,0.0009774813153571942,4.965068306494546e-16
6,hab_custom,878,aleatorio,7.296758710804059e-14,4.965068306494546e-16
6,hab_custom,879,aleatorio,0.0023157584104533,4.965068306494546e-16
6,hab_custom,880,aleatorio,2.1876999661984465e-12,4.965068306494546e-16
6,hab_custom,881,aleatorio,0.1068644141640755,4.965068306494546e-16
6,hab_custom,882,aleatorio,0.6803041316360279,4.965068306494546e-16
6,hab_custom,883,aleatorio,0.13468957988360686,4.965068306494546e-16
6,hab_custom,884,aleatorio,1.8297628622586999,4.965068306494546e-16
6,hab_custom,885,aleatorio,2.644934084552367,4.965068306494546e-16
6,hab_custom,886,aleatorio,2.9628339016542657,4.965068306494546e-16
6,hab_custom,887,aleatorio,5.524031107928896e-13,4.965068306494546e-16
6,hab_custom,888,aleatorio,1.4043333874306805e-15,4.965068306494546e-16
6,hab_custom,889,aleatorio,0.1212240046548922,4.965068306494546e-16
6,hab_custom,890,aleatorio,1.3173006144583062,4.965068306494546e-16
6,hab_custom,891,aleatorio,1.7295951558633138,4.965068306494546e-16
6,hab_custom,892,aleatorio,1.4043333874306805e-15,4.965068306494546e-16
6,hab_custom,893,aleatorio,2.2781676376187874,4.965068306494546e-16
6,hab_custom,894,aleatorio,0.9560769935077933,4.965068306494546e-16
6,hab_custom,895,aleatorio,7.058234835059903,4.965068306494546e-16
6,hab_custom,896,aleatorio,0.5765458036949138,4.965068306494546e-16
6,hab_custom,897,aleatorio,10.34039054015042,4.965068306494546e-16
6,hab_custom,898,aleatorio,0.6482959104245415,4.965068306494546e-16
6,hab_custom,899,aleatorio,0.14610647794485826,4.965068306494546e-16
6,hab_custom,900,aleatorio,1.3260282229325586,4.965068306494546e-16
6,hab_custom,901,aleatorio,0.2988473439959673,4.965068306494546e-16
6,hab_custom,902,aleatorio,1.2997161848382775e-11,4.965068306494546e-16
6,hab_custom,903,aleatorio,0.9734501057983016,4.965068306494546e-16
6,hab_custom,904,aleatorio,3.2068117175817785,4.965068306494546e-16
6,hab_custom,905,aleatorio,3.1401849173675503e-16,4.965068306494546e-16
6,hab_custom,906,aleatorio,1.966010939365039,4.965068306494546e-16
6,hab_custom,907,aleatorio,0.031012841074819487,4.965068306494546e-16
6,hab_custom,908,aleatorio,3.0020200657138377e-13,4.965068306494546e-16
6,hab_custom,909,aleatorio,1.5922053703110528,4.965068306494546e-16
6,hab_custom,910,aleatorio,0.12566769935471594,4.965068306494546e-16
6,hab_custom,911,aleatorio,2.277477420114663,4.965068306494546e-16
6,hab_custom,912,aleatorio,0.020951684885091824,4.965068306494546e-16
6,hab_custom,913,aleatorio,1.334236820113901e-13,4.965068306494546e-16
6,hab_custom,914,aleatorio,0.00037830558198272607,4.965068306494546e-16
6,hab_custom,915,aleatorio,1.4465034392692895e-13,4.965068306494546e-16
6,hab_custom,916,aleatorio,0.06922901363465016,4.965068306494546e-16
6,hab_custom,917,aleatorio,4.0350497965421726e-14,4.965068306494546e-16
6,hab_custom,918,aleatorio,3.3711785606623277,4.965068306494546e-16
6,hab_custom,919,aleatorio,0.24922946421655118,4.965068306494546e-16
6,hab_custom,920,aleatorio,1.515864255731684,4.965068306494546e-16
6,hab_custom,921,aleatorio,0.07678001889945288,4.965068306494546e-16
6,hab_custom,922,aleatorio,0.8453546974858333,4.965068306494546e-16
6,hab_custom,923,aleatorio,0.42248952212206553,4.965068306494546e-16
6,hab_custom,924,aleatorio,0.1216681916607391,4.965068306494546e-16
6,hab_custom,925,aleatorio,1.0928790940955857e-14,4.965068306494546e-16
6,hab_custom,926,aleatorio,1.6011864169946884e-15,4.965068306494546e-16
6,hab_custom,927,aleatorio,2.2315206618374916e-15,4.965068306494546e-16
6,hab_custom,928,aleatorio,6.650226650194185e-15,4.965068306494546e-16
6,hab_custom,929,aleatorio,0.7579910245443816,4.965068306494546e-16
6,hab_custom,930,aleatorio,2.2508583543945053,4.965068306494546e-16
6,hab_custom,931,aleatorio,6.663447237611356e-14,4.965068306494546e-16
6,hab_custom,932,aleatorio,0.44796601320778956,4.965068306494546e-16
6,hab_custom,933,aleatorio,2.596207840112438,4.965068306494546e-16
6,hab_custom,934,aleatorio,1.9644706565516816,4.965068306494546e-16
6,hab_custom,935,aleatorio,0.0011740974594459652,4.965068306494546e-16
6,hab_custom,936,aleatorio,0.2634866006248119,4.965068306494546e-16
6,hab_custom,937,aleatorio,4.7207330545682824e-15,4.965068306494546e-16
6,hab_custom,938,aleatorio,2.962966069256153,4.965068306494546e-16
6,hab_custom,939,aleatorio,2.1740402926538898,4.965068306494546e-16
6,hab_custom,940,aleatorio,0.6113545930299372,4.965068306494546e-16
6,hab_custom,941,aleatorio,2.5160959360167454,4.965068306494546e-16
6,hab_custom,942,aleatorio,0.8099613860812775,4.965068306494546e-16
6,hab_custom,943,aleatorio,1.409633521360025e-14,4.965068306494546e-16
6,hab_custom,944,aleatorio,0.15094923164955754,4.965068306494546e-16
6,hab_custom,945,aleatorio,0.4901304288308629,4.965068306494546e-16
6,hab_custom,946,aleatorio,1.1634211320793264,4.965068306494546e-16
6,hab_custom,947,aleatorio,0.4819568526776691,4.965068306494546e-16
6,hab_custom,948,aleatorio,0.6074577995351652,4.965068306494546e-16
6,hab_custom,949,aleatorio,2.0247558368370657,4.965068306494546e-16
6,hab_custom,950,aleatorio,0.734837692844166,4.965068306494546e-16
6,hab_custom,951,aleatorio,0.7369657009776384,4.965068306494546e-16
6,hab_custom,952,aleatorio,0.6539488044397419,4.965068306494546e-16
6,hab_custom,953,aleatorio,1.0963977878633744,4.965068306494546e-16
6,hab_custom,954,aleatorio,0.040323523348983786,4.965068306494546e-16
6,hab_custom,955,aleatorio,0.014759697544164318,4.965068306494546e-16
6,hab_custom,956,aleatorio,3.1903716951749863,4.965068306494546e-16
6,hab_custom,957,aleatorio,0.40380771128573467,4.965068306494546e-16
6,hab_custom,958,aleatorio,3.256760921434666,4.965068306494546e-16
6,hab_custom,959,aleatorio,0.05625680879465239,4.965068306494546e-16
6,hab_custom,960,aleatorio,1.7088104939065092,4.965068306494546e-16
6,hab_custom,961,aleatorio,2.2817986839279048e-14,4.965068306494546e-16
6,hab_custom,962,aleatorio,0.17045486091804887,4.965068306494546e-16
6,hab_custom,963,aleatorio,0.08969787566900958,4.965068306494546e-16
6,hab_custom,964,aleatorio,1.159106867033638e-15,4.965068306494546e-16
6,hab_custom,965,aleatorio,0.19487564567497656,4.965068306494546e-16
6,hab_custom,966,aleatorio,5.661048867003676e-16,4.965068306494546e-16
6,hab_custom,967,aleatorio,0.010407438732169544,4.965068306494546e-16
6,hab_custom,968,aleatorio,0.045194828187393066,4.965068306494546e-16
6,hab_custom,969,aleatorio,0.5391522373515251,4.965068306494546e-16
6,hab_custom,970,aleatorio,2.7894008272968645e-15,4.965068306494546e-16
6,hab_custom,971,aleatorio,4.946841617296691,4.965068306494546e-16
6,hab_custom,972,aleatorio,0.5649163298726108,4.965068306494546e-16
6,hab_custom,973,aleatorio,8.005932084973442e-16,4.965068306494546e-16
6,hab_custom,974,aleatorio,0.05559956440154434,4.965068306494546e-16
6,hab_custom,975,aleatorio,1.7221402226892887e-13,4.965068306494546e-16
6,hab_custom,976,aleatorio,5.352150186685534e-15,4.965068306494546e-16
6,hab_custom,977,aleatorio,3.2714731505251775,4.965068306494546e-16
6,hab_custom,978,aleatorio,9.019494489765868e-16,4.965068306494546e-16
6,hab_custom,979,aleatorio,0.2629231513801591,4.965068306494546e-16
6,hab_custom,980,aleatorio,1.9911052797373284e-11,4.965068306494546e-16
6,hab_custom,981,aleatorio,1.206749950567893,4.965068306494546e-16
6,hab_custom,982,aleatorio,3.397635421149165,4.965068306494546e-16
6,hab_custom,983,aleatorio,0.9960065953038097,4.965068306494546e-16
6,hab_custom,984,aleatorio,1.3685085165824717,4.965068306494546e-16
6,hab_custom,985,aleatorio,0.1259154890619351,4.965068306494546e-16
6,hab_custom,986,aleatorio,2.49728247468951e-12,4.965068306494546e-16
6,hab_custom,987,aleatorio,1.0665296070887246e-10,4.965068306494546e-16
6,hab_custom,988,aleatorio,1.2834408658726723e-13,4.965068306494546e-16
6,hab_custom,989,aleatorio,3.555261681790503e-11,4.965068306494546e-16
6,hab_custom,990,aleatorio,4.424864644117211,4.965068306494546e-16
6,hab_custom,991,aleatorio,1.1102230246251565e-15,4.965068306494546e-16
6,hab_custom,992,aleatorio,1.6159225639876538,4.965068306494546e-16
6,hab_custom,993,aleatorio,9.526157630142446e-13,4.965068306494546e-16
6,hab_custom,994,aleatorio,1.2238038650881478,4.965068306494546e-16
6,hab_custom,995,aleatorio,1.8444410139024814e-15,4.965068306494546e-16
6,hab_custom,996,aleatorio,2.6516293544436764,4.965068306494546e-16
6,hab_custom,997,aleatorio,0.0037027502229750008,4.965068306494546e-16
6,hab_custom,998,aleatorio,5.045819464875056e-12,4.965068306494546e-16
6,hab_custom,999,aleatorio,0.7744404368767095,4.965068306494546e-16
6,hab_custom,1000,aleatorio,0.9952991246675499,4.965068306494546e-16
6,hab_custom,1001,aleatorio,1.0744882088324908e-10,4.965068306494546e-16
6,hab_custom,1002,aleatorio,0.9875513519457334,4.965068306494546e-16
6,hab_custom,1003,aleatorio,1.5592607100143473e-15,4.965068306494546e-16
6,hab_custom,1004,aleatorio,1.500978827800257e-14,4.965068306494546e-16
6,hab_custom,1005,aleatorio,1.0926108118792321,4.965068306494546e-16
6,hab_custom,1006,aleatorio,2.5334744521350314e-14,4.965068306494546e-16
6,hab_custom,1007,aleatorio,0.0007958816436532286,4.965068306494546e-16
6,hab_custom,1008,aleatorio,0.00026476948540724634,4.965068306494546e-16
6,hab_custom,1009,aleatorio,1.7250914799746986,4.965068306494546e-16
6,hab_custom,1010,aleatorio,0.050547013233644376,4.965068306494546e-16
6,hab_custom,1011,aleatorio,4.4729889861322985,4.965068306494546e-16
6,hab_custom,1012,aleatorio,1.0933928915364175e-11,4.965068306494546e-16
6,hab_custom,1013,aleatorio,0.8531503161720866,4.965068306494546e-16
6,hab_custom,1014,aleatorio,0.45806327198534,4.965068306494546e-16
6,hab_custom,1015,aleatorio,0.6583448316920012,4.965068306494546e-16
6,hab_custom,1016,aleatorio,8.95090418262362e-16,4.965068306494546e-16
6,hab_custom,1017,aleatorio,0.04204479441460781,4.965068306494546e-16
6,hab_custom,1018,aleatorio,0.32455732786798236,4.965068306494546e-16
6,hab_custom,1019,aleatorio,0.8363475243141115,4.965068306494546e-16
6,hab_custom,1020,aleatorio,4.183683946301999,4.965068306494546e-16
6,hab_custom,1021,aleatorio,6.248191274092999e-14,4.965068306494546e-16
6,hab_custom,1022,aleatorio,0.20401407720204065,4.965068306494546e-16
6,hab_custom,1023,aleatorio,7.94507106371435e-11,4.965068306494546e-16
6,hab_custom,1024,aleatorio,1.0431111047975663e-13,4.965068306494546e-16
6,hab_custom,1025,aleatorio,0.046376786675269656,4.965068306494546e-16
6,hab_custom,1026,aleatorio,0.9026445570690479,4.965068306494546e-16
6,hab_custom,1027,aleatorio,1.7676033438431973,4.965068306494546e-16
6,hab_custom,1028,aleatorio,0.7278624937236884,4.965068306494546e-16
6,hab_custom,1029,aleatorio,0.1741712408302584,4.965068306494546e-16
6,hab_custom,1030,aleatorio,1.8704464808552232,4.965068306494546e-16
6,hab_custom,1031,aleatorio,0.8422681278601063,4.965068306494546e-16
6,hab_custom,1032,aleatorio,0.16848392308465204,4.965068306494546e-16
6,hab_custom,1033,aleatorio,6.3166181717750085,4.965068306494546e-16
6,hab_custom,1034,aleatorio,3.948294775937363e-14,4.965068306494546e-16
6,hab_custom,1035,aleatorio,3.1162034452203184,4.965068306494546e-16
6,hab_custom,1036,aleatorio,2.585236351827514,4.965068306494546e-16
6,hab_custom,1037,aleatorio,2.5783433365086874,4.965068306494546e-16
6,hab_custom,1038,aleatorio,1.6070356802342944,4.965068306494546e-16
6,hab_custom,1039,aleatorio,5.940083359380313,4.965068306494546e-16
6,hab_custom,1040,aleatorio,0.6476439591956091,4.965068306494546e-16
6,hab_custom,1041,aleatorio,3.2091595333730685,4.965068306494546e-16
6,hab_custom,1042,aleatorio,9.101120538054984e-15,4.965068306494546e-16
6,hab_custom,1043,aleatorio,2.0022526744236027e-15,4.965068306494546e-16
6,hab_custom,1044,aleatorio,0.7930860716906112,4.965068306494546e-16
6,hab_custom,1045,aleatorio,0.32863299499144294,4.965068306494546e-16
6,hab_custom,1046,aleatorio,0.1921257533831697,4.965068306494546e-16
6,hab_custom,1047,aleatorio,0.6137081455194927,4.965068306494546e-16
6,hab_custom,1048,aleatorio,1.9114120180906287,4.965068306494546e-16
6,hab_custom,1049,aleatorio,1.5863936353551622,4.965068306494546e-16
6,hab_custom,1050,aleatorio,1.6801379652726367,4.965068306494546e-16
6,hab_custom,1051,aleatorio,0.0023467281874961833,4.965068306494546e-16
6,hab_custom,1052,aleatorio,2.1540352404129968e-11,4.965068306494546e-16
6,hab_custom,1053,aleatorio,0.00040800075489883013,4.965068306494546e-16
6,hab_custom,1054,aleatorio,3.3351488307520105,4.965068306494546e-16
6,hab_custom,1055,aleatorio,1.6931643317134049,4.965068306494546e-16
6,hab_custom,1056,aleatorio,0.07318393957629332,4.965068306494546e-16
6,hab_custom,1057,aleatorio,9.439202728165844,4.965068306494546e-16
6,hab_custom,1058,aleatorio,0.022492194064856405,4.965068306494546e-16
6,hab_custom,1059,aleatorio,4.59793865869362,4.965068306494546e-16
6,hab_custom,1060,aleatorio,7.14789002028941e-13,4.965068306494546e-16
6,hab_custom,1061,aleatorio,1.8900351047622175,4.965068306494546e-16
6,hab_custom,1062,aleatorio,1.0279547534396614,4.965068306494546e-16
6,hab_custom,1063,aleatorio,0.4944564999725409,4.965068306494546e-16
6,hab_custom,1064,aleatorio,2.8435583831733384e-15,4.965068306494546e-16
6,hab_custom,1065,aleatorio,1.1102230246251565e-15,4.965068306494546e-16
6,hab_custom,1066,aleatorio,1.0019109251294436e-14,4.965068306494546e-16
6,hab_custom,1067,aleatorio,2.573802607255214,4.965068306494546e-16
6,hab_custom,1068,aleatorio,0.41969608162853006,4.965068306494546e-16
6,hab_custom,1069,aleatorio,1.7694043397697121e-15,4.965068306494546e-16
6,hab_custom,1070,aleatorio,3.1839293945108254,4.965068306494546e-16
6,hab_custom,1071,aleatorio,0.0037878963323909037,4.965068306494546e-16
6,hab_custom,1072,aleatorio,8.436459377157322e-11,4.965068306494546e-16
6,hab_custom,1073,aleatorio,0.8205528183319003,4.965068306494546e-16
6,hab_custom,1074,aleatorio,3.7678089731451814,4.965068306494546e-16
6,hab_custom,1075,aleatorio,0.17145797647400768,4.965068306494546e-16
6,hab_custom,1076,aleatorio,0.2253619034999523,4.965068306494546e-16
6,hab_custom,1077,aleatorio,5.895691955682626e-15,4.965068306494546e-16
6,hab_custom,1078,aleatorio,3.8460989674910846,4.965068306494546e-16
6,hab_custom,1079,aleatorio,3.474229803225348,4.965068306494546e-16
6,hab_custom,1080,aleatorio,1.5972660071094589,4.965068306494546e-16
6,hab_custom,1081,aleatorio,5.410278243658849e-11,4.965068306494546e-16
6,hab_custom,1082,aleatorio,9.930136612989092e-16,4.965068306494546e-16
6,hab_custom,1083,aleatorio,0.626286739006669,4.965068306494546e-16
6,hab_custom,1084,aleatorio,1.0951231135763185e-12,4.965068306494546e-16
6,hab_custom,1085,aleatorio,0.32315897397820004,4.965068306494546e-16
6,hab_custom,1086,aleatorio,2.8963559652061295,4.965068306494546e-16
6,hab_custom,1087,aleatorio,0.7299125082216562,4.965068306494546e-16
6,hab_custom,1088,aleatorio,8.078254420270109e-11,4.965068306494546e-16
6,hab_custom,1089,aleatorio,1.080290625129193,4.965068306494546e-16
6,hab_custom,1090,aleatorio,0.18753095165118147,4.965068306494546e-16
6,hab_custom,1091,aleatorio,1.164935505296131,4.965068306494546e-16
6,hab_custom,1092,aleatorio,3.191371597319865e-11,4.965068306494546e-16
6,hab_custom,1093,aleatorio,0.0394349273172605,4.965068306494546e-16
6,hab_custom,1094,aleatorio,0.27282356035911315,4.965068306494546e-16
6,hab_custom,1095,aleatorio,2.1263377669784176e-12,4.965068306494546e-16
6,hab_custom,1096,aleatorio,6.346580713131922e-11,4.965068306494546e-16
6,hab_custom,1097,aleatorio,0.6442111231593314,4.965068306494546e-16
6,hab_custom,1098,aleatorio,1.4043333874306805e-15,4.965068306494546e-16
6,hab_custom,1099,aleatorio,0.06483755406472282,4.965068306494546e-16
6,hab_custom,1100,aleatorio,1.1931153152041105e-14,4.965068306494546e-16
6,hab_custom,1101,aleatorio,1.4043333874306805e-15,4.965068306494546e-16
6,hab_custom,1102,aleatorio,0.5943495947728519,4.965068306494546e-16
6,hab_custom,1103,aleatorio,8.79251776862914e-15,4.965068306494546e-16
6,hab_custom,1104,aleatorio,0.5035695717708435,4.965068306494546e-16
6,hab_custom,1105,aleatorio,4.090618444038662,4.965068306494546e-16
6,hab_custom,1106,aleatorio,1.2523545510179463,4.965068306494546e-16
6,hab_custom,1107,aleatorio,3.930260541987344e-11,4.965068306494546e-16
6,hab_custom,1108,aleatorio,0.1801322436807317,4.965068306494546e-16
6,hab_custom,1109,aleatorio,5.76851413762123e-14,4.965068306494546e-16
6,hab_custom,1110,aleatorio,1.4936523181711914e-15,4.965068306494546e-16
6,hab_custom,1111,aleatorio,0.7364570069585064,4.965068306494546e-16
6,hab_custom,1112,aleatorio,0.6796373890099547,4.965068306494546e-16
6,hab_custom,1113,aleatorio,0.110011024384574,4.965068306494546e-16
6,hab_custom,1114,aleatorio,0.613531409305998,4.965068306494546e-16
6,hab_custom,1115,aleatorio,2.922858793367183e-13,4.965068306494546e-16
6,hab_custom,1116,aleatorio,0.5321701394373309,4.965068306494546e-16
6,hab_custom,1117,aleatorio,2.5542118188031214e-13,4.965068306494546e-16
6,hab_custom,1118,aleatorio,7.447602459741819e-16,4.965068306494546e-16
6,hab_custom,1119,aleatorio,2.143267784936777e-11,4.965068306494546e-16
6,hab_custom,1120,aleatorio,0.04625430416184403,4.965068306494546e-16
6,hab_custom,1121,aleatorio,0.011570629160933371,4.965068306494546e-16
6,hab_custom,1122,aleatorio,1.278366891524243,4.965068306494546e-16
6,hab_custom,1123,aleatorio,4.261503405198549e-13,4.965068306494546e-16
6,hab_custom,1124,aleatorio,0.1259395560700274,4.965068306494546e-16
6,hab_custom,1125,aleatorio,0.5542856285716248,4.965068306494546e-16
6,hab_custom,1126,aleatorio,4.2219432956322996e-14,4.965068306494546e-16
6,hab_custom,1127,aleatorio,3.009421245024195e-14,4.965068306494546e-16
6,hab_custom,1128,aleatorio,8.405942758213367e-13,4.965068306494546e-16
6,hab_custom,1129,aleatorio,1.3144429924920995,4.965068306494546e-16
6,hab_custom,1130,aleatorio,6.965448130127003e-11,4.965068306494546e-16
6,hab_custom,1131,aleatorio,0.8094490344341241,4.965068306494546e-16
6,hab_custom,1132,aleatorio,0.8152094066707909,4.965068306494546e-16
6,hab_custom,1133,aleatorio,0.43256729710155734,4.965068306494546e-16
6,hab_custom,1134,aleatorio,2.6523079537759835,4.965068306494546e-16
6,hab_custom,1135,aleatorio,1.111340538426046,4.965068306494546e-16
6,hab_custom,1136,aleatorio,5.4878156776164573e-14,4.965068306494546e-16
6,hab_custom,1137,aleatorio,1.8266390896071718,4.965068306494546e-16
6,hab_custom,1138,aleatorio,6.613863839203549e-12,4.965068306494546e-16
6,hab_custom,1139,aleatorio,0.578985056632931,4.965068306494546e-16
6,hab_custom,1140,aleatorio,3.6342129417059194e-14,4.965068306494546e-16
6,hab_custom,1141,aleatorio,9.681661994978922e-14,4.965068306494546e-16
6,hab_custom,1142,aleatorio,0.6462132487420331,4.965068306494546e-16
6,hab_custom,1143,aleatorio,0.3357801643010493,4.965068306494546e-16
6,hab_custom,1144,aleatorio,6.941494299001032,4.965068306494546e-16
6,hab_custom,1145,aleatorio,3.0208676831681686e-14,4.965068306494546e-16
6,hab_custom,1146,aleatorio,0.34474060981335625,4.965068306494546e-16
6,hab_custom,1147,aleatorio,1.9808340270064555,4.965068306494546e-16
6,hab_custom,1148,aleatorio,9.654447332419107e-14,4.965068306494546e-16
6,hab_custom,1149,aleatorio,2.4785917376547377e-13,4.965068306494546e-16
6,hab_custom,1150,aleatorio,1.989426072566003,4.965068306494546e-16
6,hab_custom,1151,aleatorio,1.6221418424348217e-14,4.965068306494546e-16
6,hab_custom,1152,aleatorio,2.3306807162259274e-11,4.965068306494546e-16
6,hab_custom,1153,aleatorio,5.892377310524938e-14,4.965068306494546e-16
6,hab_custom,1154,aleatorio,1.4768113448719196,4.965068306494546e-16
6,hab_custom,1155,aleatorio,0.4379925979224198,4.965068306494546e-16
6,hab_custom,1156,aleatorio,1.5774848686790922e-11,4.965068306494546e-16
6,hab_custom,1157,aleatorio,0.31635857655575206,4.965068306494546e-16
6,hab_custom,1158,aleatorio,9.470085074913295e-12,4.965068306494546e-16
6,hab_custom,1159,aleatorio,0.710567774951122,4.965068306494546e-16
6,hab_custom,1160,aleatorio,1.54861268457301e-13,4.965068306494546e-16
6,hab_custom,1161,aleatorio,1.428933667058613,4.965068306494546e-16
6,hab_custom,1162,aleatorio,2.005592140210338e-12,4.965068306494546e-16
6,hab_custom,1163,aleatorio,1.299604139575131e-13,4.965068306494546e-16
6,hab_custom,1164,aleatorio,0.18983264606423178,4.965068306494546e-16
6,hab_custom,1165,aleatorio,0.17670795729481947,4.965068306494546e-16
6,hab_custom,1166,aleatorio,2.0381033893247468e-13,4.965068306494546e-16
6,hab_custom,1167,aleatorio,2.4945520870700624,4.965068306494546e-16
6,hab_custom,1168,aleatorio,0.41325012117681387,4.965068306494546e-16
6,hab_custom,1169,aleatorio,0.5312789265382198,4.965068306494546e-16
6,hab_custom,1170,aleatorio,1.3103999443236025,4.965068306494546e-16
6,hab_custom,1171,aleatorio,2.3316397321283e-12,4.965068306494546e-16
6,hab_custom,1172,aleatorio,2.8296906154093087,4.965068306494546e-16
6,hab_custom,1173,aleatorio,0.8598788211261347,4.965068306494546e-16
6,hab_custom,1174,aleatorio,2.3763165818524072,4.965068306494546e-16
6,hab_custom,1175,aleatorio,1.245972274895486,4.965068306494546e-16
6,hab_custom,1176,aleatorio,0.26015567658394423,4.965068306494546e-16
6,hab_custom,1177,aleatorio,0.007495995683333713,4.965068306494546e-16
6,hab_custom,1178,aleatorio,0.0018692011857811392,4.965068306494546e-16
6,hab_custom,1179,aleatorio,0.7352721615975902,4.965068306494546e-16
6,hab_custom,1180,aleatorio,1.6011864169946884e-15,4.965068306494546e-16
6,hab_custom,1181,aleatorio,4.140745476446996e-12,4.965068306494546e-16
6,hab_custom,1182,aleatorio,5.942545873637355e-14,4.965068306494546e-16
6,hab_custom,1183,aleatorio,0.7660118307330931,4.965068306494546e-16
6,hab_custom,1184,aleatorio,1.7814167623667225,4.965068306494546e-16
6,hab_custom,1185,aleatorio,4.832018647357138,4.965068306494546e-16
6,hab_custom,1186,aleatorio,1.300903169783973,4.965068306494546e-16
6,hab_custom,1187,aleatorio,3.437018373827832,4.965068306494546e-16
6,hab_custom,1188,aleatorio,1.3311083034924054,4.965068306494546e-16
6,hab_custom,1189,aleatorio,1.6388431614580348,4.965068306494546e-16
6,hab_custom,1190,aleatorio,4.472224553450137e-12,4.965068306494546e-16
6,hab_custom,1191,aleatorio,1.2918731817785102e-13,4.965068306494546e-16
6,hab_custom,1192,aleatorio,1.6715932096763149,4.965068306494546e-16
6,hab_custom,1193,aleatorio,0.8172286018064369,4.965068306494546e-16
6,hab_custom,1194,aleatorio,8.005932084973442e-16,4.965068306494546e-16
6,hab_custom,1195,aleatorio,5.03652351464105e-12,4.965068306494546e-16
6,hab_custom,1196,aleatorio,0.6620263390160964,4.965068306494546e-16
6,hab_custom,1197,aleatorio,0.18146281641038142,4.965068306494546e-16
6,hab_custom,1198,aleatorio,2.8122499232680225,4.965068306494546e-16
6,hab_custom,1199,aleatorio,0.8202788818991401,4.965068306494546e-16
6,hab_custom,1200,aleatorio,2.3717474599011235,4.965068306494546e-16
6,hab_custom,1201,aleatorio,0.0750615878808124,4.965068306494546e-16
6,hab_custom,1202,aleatorio,0.003777518912054926,4.965068306494546e-16
6,hab_custom,1203,aleatorio,0.619804690111778,4.965068306494546e-16
6,hab_custom,1204,aleatorio,1.9283853279303578,4.965068306494546e-16
6,hab_custom,1205,aleatorio,2.9987293199325227,4.965068306494546e-16
6,hab_custom,1206,aleatorio,0.6583561825067306,4.965068306494546e-16
6,hab_custom,1207,aleatorio,0.4896336098973614,4.965068306494546e-16
6,hab_custom,1208,aleatorio,1.4438837529577324,4.965068306494546e-16
6,hab_custom,1209,aleatorio,0.34016733104251257,4.965068306494546e-16
6,hab_custom,1210,aleatorio,1.7002642606124876,4.965068306494546e-16
6,hab_custom,1211,aleatorio,0.0011008583869410202,4.965068306494546e-16
6,hab_custom,1212,aleatorio,2.5389904903037657e-15,4.965068306494546e-16
6,hab_custom,1213,aleatorio,0.1835113842945686,4.965068306494546e-16
6,hab_custom,1214,aleatorio,0.5999549686430088,4.965068306494546e-16
6,hab_custom,1215,aleatorio,1.219293495487778,4.965068306494546e-16
6,hab_custom,1216,aleatorio,0.5779452126941521,4.965068306494546e-16
6,hab_custom,1217,aleatorio,0.97798362381107,4.965068306494546e-16
6,hab_custom,1218,aleatorio,1.2868823694367086,4.965068306494546e-16
6,hab_custom,1219,aleatorio,1.8248872588476408,4.965068306494546e-16
6,hab_custom,1220,aleatorio,0.0186496381403028,4.965068306494546e-16
6,hab_custom,1221,aleatorio,0.388476932368312,4.965068306494546e-16
6,hab_custom,1222,aleatorio,2.3107591386004303,4.965068306494546e-16
6,hab_custom,1223,aleatorio,1.1802206577448189,4.965068306494546e-16
6,hab_custom,1224,aleatorio,2.646558159753704e-13,4.965068306494546e-16
6,hab_custom,1225,aleatorio,0.23949021704540574,4.965068306494546e-16
6,hab_custom,1226,aleatorio,0.28888777308630675,4.965068306494546e-16
6,hab_custom,1227,aleatorio,2.9083605444016566e-14,4.965068306494546e-16
6,hab_custom,1228,aleatorio,1.0041489897149134,4.965068306494546e-16
6,hab_custom,1229,aleatorio,3.364088270430057,4.965068306494546e-16
6,hab_custom,1230,aleatorio,2.97183291455206e-14,4.965068306494546e-16
6,hab_custom,1231,aleatorio,0.5782241724592068,4.965068306494546e-16
6,hab_custom,1232,aleatorio,1.1957467920563633e-15,4.965068306494546e-16
6,hab_custom,1233,aleatorio,0.918001555378582,4.965068306494546e-16
6,hab_custom,1234,aleatorio,4.480570183648645e-13,4.965068306494546e-16
6,hab_custom,1235,aleatorio,0.532948475149479,4.965068306494546e-16
6,hab_custom,1236,aleatorio,6.608904509503451,4.965068306494546e-16
6,hab_custom,1237,aleatorio,1.0526155588859732e-13,4.965068306494546e-16
6,hab_custom,1238,aleatorio,0.053727731903126144,4.965068306494546e-16
6,hab_custom,1239,aleatorio,1.0854471820936982,4.965068306494546e-16
6,hab_custom,1240,aleatorio,1.1957467920563633e-15,4.965068306494546e-16
6,hab_custom,1241,aleatorio,0.301694522033766,4.965068306494546e-16
6,hab_custom,1242,aleatorio,1.781653476266664,4.965068306494546e-16
6,hab_custom,1243,aleatorio,0.3365876956105032,4.965068306494546e-16
6,hab_custom,1244,aleatorio,4.760042765346442,4.965068306494546e-16
6,hab_custom,1245,aleatorio,1.6320062257604762,4.965068306494546e-16
6,hab_custom,1246,aleatorio,1.5268537660003853e-13,4.965068306494546e-16
6,hab_custom,1247,aleatorio,0.7085501803608343,4.965068306494546e-16
6,hab_custom,1248,aleatorio,3.1849844616689693,4.965068306494546e-16
6,hab_custom,1249,aleatorio,0.11759641901613527,4.965068306494546e-16
6,hab_custom,1250,aleatorio,3.8584095741481517,4.965068306494546e-16
6,hab_custom,1251,aleatorio,1.4389293222362836,4.965068306494546e-16
6,hab_custom,1252,aleatorio,0.26151722349180123,4.965068306494546e-16
6,hab_custom,1253,aleatorio,2.240568156327726,4.965068306494546e-16
6,hab_custom,1254,aleatorio,0.36315013329436313,4.965068306494546e-16
6,hab_custom,1255,aleatorio,1.069004112153742e-14,4.965068306494546e-16
6,hab_custom,1256,aleatorio,0.2478952597574335,4.965068306494546e-16
6,hab_custom,1257,aleatorio,0.5730589851678066,4.965068306494546e-16
6,hab_custom,1258,aleatorio,0.16688228652985812,4.965068306494546e-16
6,hab_custom,1259,aleatorio,0.49643735831360386,4.965068306494546e-16
6,hab_custom,1260,aleatorio,1.7977728405370328,4.965068306494546e-16
6,hab_custom,1261,aleatorio,3.837640479639678,4.965068306494546e-16
6,hab_custom,1262,aleatorio,0.4421187617849509,4.965068306494546e-16
6,hab_custom,1263,aleatorio,2.375852709562729,4.965068306494546e-16
6,hab_custom,1264,aleatorio,0.07150341981802179,4.965068306494546e-16
6,hab_custom,1265,aleatorio,1.551005977884366,4.965068306494546e-16
6,hab_custom,1266,aleatorio,3.3306690738754696e-16,4.965068306494546e-16
6,hab_custom,1267,aleatorio,0.19984255408738133,4.965068306494546e-16
6,hab_custom,1268,aleatorio,1.0758150633835368,4.965068306494546e-16
6,hab_custom,1269,aleatorio,0.15760040177353357,4.965068306494546e-16
6,hab_custom,1270,aleatorio,0.11850918411631375,4.965068306494546e-16
6,hab_custom,1271,aleatorio,7.733402703665958e-15,4.965068306494546e-16
6,hab_custom,1272,aleatorio,2.754483746353956,4.965068306494546e-16
6,hab_custom,1273,aleatorio,3.052608629176561e-15,4.965068306494546e-16
6,hab_custom,1274,aleatorio,4.942176218823604e-14,4.965068306494546e-16
6,hab_custom,1275,aleatorio,0.34690479381083483,4.965068306494546e-16
6,hab_custom,1276,aleatorio,0.28206152296522313,4.965068306494546e-16
6,hab_custom,1277,aleatorio,0.29452899069108207,4.965068306494546e-16
6,hab_custom,1278,aleatorio,0.3216037133344179,4.965068306494546e-16
6,hab_custom,1279,aleatorio,3.7398783832551312,4.965068306494546e-16
6,hab_custom,1280,aleatorio,2.0970206603235144e-12,4.965068306494546e-16
6,hab_custom,1281,aleatorio,7.895652943791551e-14,4.965068306494546e-16
6,hab_custom,1282,aleatorio,5.486058301018997,4.965068306494546e-16
6,hab_custom,1283,aleatorio,4.222109217648033,4.965068306494546e-16
6,hab_custom,1284,aleatorio,0.6391103203625527,4.965068306494546e-16
6,hab_custom,1285,aleatorio,1.214283342945479,4.965068306494546e-16
6,hab_custom,1286,aleatorio,0.09275726712245848,4.965068306494546e-16
6,hab_custom,1287,aleatorio,3.176600291166555,4.965068306494546e-16
6,hab_custom,1288,aleatorio,0.9010541900764377,4.965068306494546e-16
6,hab_custom,1289,aleatorio,1.9649023741757319,4.965068306494546e-16
6,hab_custom,1290,aleatorio,0.8514693350654121,4.965068306494546e-16
6,hab_custom,1291,aleatorio,0.39052671539727946,4.965068306494546e-16
6,hab_custom,1292,aleatorio,4.963528896674015e-14,4.965068306494546e-16
6,hab_custom,1293,aleatorio,5.541203084306746e-14,4.965068306494546e-16
6,hab_custom,1294,aleatorio,1.5064427548983517,4.965068306494546e-16
6,hab_custom,1295,aleatorio,4.965068306494546e-16,4.965068306494546e-16
6,hab_custom,1296,aleatorio,0.24911954735837047,4.965068306494546e-16
6,hab_custom,1297,aleatorio,1.9219822512678644,4.965068306494546e-16
6,hab_custom,1298,aleatorio,1.3468812965117098,4.965068306494546e-16
6,hab_custom,1299,aleatorio,2.0405534445242397,4.965068306494546e-16
6,hab_custom,1300,aleatorio,3.76822190084106e-15,4.965068306494546e-16
6,hab_custom,1301,aleatorio,2.396195667507517,4.965068306494546e-16
6,hab_custom,1302,aleatorio,0.2837592025770141,4.965068306494546e-16
6,hab_custom,1303,aleatorio,3.610710554263618e-11,4.965068306494546e-16
6,hab_custom,1304,aleatorio,1.0082004917181921,4.965068306494546e-16
6,hab_custom,1305,aleatorio,1.0219814259932656,4.965068306494546e-16
6,hab_custom,1306,aleatorio,0.7047225417311687,4.965068306494546e-16
6,hab_custom,1307,aleatorio,0.2555928426242239,4.965068306494546e-16
6,hab_custom,1308,aleatorio,0.40896934957794084,4.965068306494546e-16
6,hab_custom,1309,aleatorio,1.012983452169639e-15,4.965068306494546e-16
6,hab_custom,1310,aleatorio,0.5819964877920822,4.965068306494546e-16
6,hab_custom,1311,aleatorio,3.1086244689504383e-15,4.965068306494546e-16
6,hab_custom,1312,aleatorio,1.1981425652689528e-12,4.965068306494546e-16
6,hab_custom,1313,aleatorio,1.0929306073535119,4.965068306494546e-16
6,hab_custom,1314,aleatorio,0.2525308542273949,4.965068306494546e-16
6,hab_custom,1315,aleatorio,1.6203171603697468e-15,4.965068306494546e-16
6,hab_custom,1316,aleatorio,1.1350954919152438,4.965068306494546e-16
6,hab_custom,1317,aleatorio,3.012286932266694e-14,4.965068306494546e-16
6,hab_custom,1318,aleatorio,6.0259649470814794e-15,4.965068306494546e-16
6,hab_custom,1319,aleatorio,2.5649304402346753,4.965068306494546e-16
6,hab_custom,1320,aleatorio,4.393864587116105e-12,4.965068306494546e-16
6,hab_custom,1321,aleatorio,0.11701301434007023,4.965068306494546e-16
6,hab_custom,1322,aleatorio,0.6000217718233494,4.965068306494546e-16
6,hab_custom,1323,aleatorio,8.209387537504366e-13,4.965068306494546e-16
6,hab_custom,1324,aleatorio,3.7280167764093943,4.965068306494546e-16
6,hab_custom,1325,aleatorio,1.758153158622443,4.965068306494546e-16
6,hab_custom,1326,aleatorio,0.055395766818553974,4.965068306494546e-16
6,hab_custom,1327,aleatorio,3.2698570003506124,4.965068306494546e-16
6,hab_custom,1328,aleatorio,3.481982969221517e-13,4.965068306494546e-16
6,hab_custom,1329,aleatorio,0.6950265747361258,4.965068306494546e-16
6,hab_custom,1330,aleatorio,0.7338260443455256,4.965068306494546e-16
6,hab_custom,1331,aleatorio,1.8607459100658752,4.965068306494546e-16
6,hab_custom,1332,aleatorio,0.20912769384551497,4.965068306494546e-16
6,hab_custom,1333,aleatorio,2.9521518958361844e-11,4.965068306494546e-16
6,hab_custom,1334,aleatorio,1.1628122819500315,4.965068306494546e-16
6,hab_custom,1335,aleatorio,1.1957467920563633e-15,4.965068306494546e-16
6,hab_custom,1336,aleatorio,0.07319693389359802,4.965068306494546e-16
6,hab_custom,1337,aleatorio,0.7777097716031617,4.965068306494546e-16
6,hab_custom,1338,aleatorio,0.056537634073939406,4.965068306494546e-16
6,hab_custom,1339,aleatorio,8.80501170912231e-12,4.965068306494546e-16
6,hab_custom,1340,aleatorio,0.02973410926717761,4.965068306494546e-16
6,hab_custom,1341,aleatorio,1.3401742670946535,4.965068306494546e-16
6,hab_custom,1342,aleatorio,0.0008283091493828099,4.965068306494546e-16
6,hab_custom,1343,aleatorio,1.8093536513791555,4.965068306494546e-16
6,hab_custom,1344,aleatorio,0.30482096211184595,4.965068306494546e-16
6,hab_custom,1345,aleatorio,8.361416791625564e-14,4.965068306494546e-16
6,hab_custom,1346,aleatorio,4.322724740696553,4.965068306494546e-16
6,hab_custom,1347,aleatorio,5.756907654214956e-11,4.965068306494546e-16
6,hab_custom,1348,aleatorio,2.816892023965773e-13,4.965068306494546e-16
6,hab_custom,1349,aleatorio,1.0122359427540175,4.965068306494546e-16
6,hab_custom,1350,aleatorio,1.6753842114402466,4.965068306494546e-16
6,hab_custom,1351,aleatorio,6.432366168863673e-05,4.965068306494546e-16
6,hab_custom,1352,aleatorio,3.545537919831275,4.965068306494546e-16
6,hab_custom,1353,aleatorio,1.2805353097613994,4.965068306494546e-16
6,hab_custom,1354,aleatorio,4.934112981121632e-12,4.965068306494546e-16
6,hab_custom,1355,aleatorio,2.3067842004746094e-12,4.965068306494546e-16
6,hab_custom,1356,aleatorio,1.3977432523707982,4.965068306494546e-16
6,hab_custom,1357,aleatorio,0.987179151825968,4.965068306494546e-16
6,hab_custom,1358,aleatorio,0.4952692422048789,4.965068306494546e-16
6,hab_custom,1359,aleatorio,1.506674069351294,4.965068306494546e-16
6,hab_custom,1360,aleatorio,2.7898135181463566,4.965068306494546e-16
6,hab_custom,1361,aleatorio,7.717773789302057e-13,4.965068306494546e-16
6,hab_custom,1362,aleatorio,4.995788469630379e-13,4.965068306494546e-16
6,hab_custom,1363,aleatorio,1.9633350500385334e-05,4.965068306494546e-16
6,hab_custom,1364,aleatorio,0.22570995602297583,4.965068306494546e-16
6,hab_custom,1365,aleatorio,0.16527041819433186,4.965068306494546e-16
6,hab_custom,1366,aleatorio,9.155133597044475e-16,4.965068306494546e-16
6,hab_custom,1367,aleatorio,0.19855204624403086,4.965068306494546e-16
6,hab_custom,1368,aleatorio,0.045378610225085894,4.965068306494546e-16
6,hab_custom,1369,aleatorio,2.678351381417589,4.965068306494546e-16
6,hab_custom,1370,aleatorio,0.06215073508706823,4.965068306494546e-16
6,hab_custom,1371,aleatorio,2.1142176402863107,4.965068306494546e-16
6,hab_custom,1372,aleatorio,1.4936523181711914e-15,4.965068306494546e-16
6,hab_custom,1373,aleatorio,1.616509124176106e-15,4.965068306494546e-16
6,hab_custom,1374,aleatorio,0.03854253620009408,4.965068306494546e-16
6,hab_custom,1375,aleatorio,1.0029237764428042e-11,4.965068306494546e-16
6,hab_custom,1376,aleatorio,2.030555117316601e-14,4.965068306494546e-16
6,hab_custom,1377,aleatorio,3.187327136556585e-13,4.965068306494546e-16
6,hab_custom,1378,aleatorio,1.3000344632799937e-11,4.965068306494546e-16
6,hab_custom,1379,aleatorio,2.8258174946552532e-14,4.965068306494546e-16
6,hab_custom,1380,aleatorio,0.2749280596416355,4.965068306494546e-16
6,hab_custom,1381,aleatorio,1.2997183959955103,4.965068306494546e-16
6,hab_custom,1382,aleatorio,3.053328510921911e-11,4.965068306494546e-16
6,hab_custom,1383,aleatorio,3.0230437736586913,4.965068306494546e-16
6,hab_custom,1384,aleatorio,0.903623321794787,4.965068306494546e-16
6,hab_custom,1385,aleatorio,2.563409819009811e-13,4.965068306494546e-16
6,hab_custom,1386,aleatorio,2.070738842757661e-12,4.965068306494546e-16
6,hab_custom,1387,aleatorio,0.8596995680831264,4.965068306494546e-16
6,hab_custom,1388,aleatorio,2.687286485744263,4.965068306494546e-16
6,hab_custom,1389,aleatorio,1.012429351130094,4.965068306494546e-16
6,hab_custom,1390,aleatorio,3.1574644223438186,4.965068306494546e-16
6,hab_custom,1391,aleatorio,0.12091574269250087,4.965068306494546e-16
6,hab_custom,1392,aleatorio,0.8111815755655666,4.965068306494546e-16
6,hab_custom,1393,aleatorio,0.12646065055846045,4.965068306494546e-16
6,hab_custom,1394,aleatorio,0.6837561786223759,4.965068306494546e-16
6,hab_custom,1395,aleatorio,1.4566413790475723e-13,4.965068306494546e-16
6,hab_custom,1396,aleatorio,7.770006869492547,4.965068306494546e-16
6,hab_custom,1397,aleatorio,1.256872833024186,4.965068306494546e-16
6,hab_custom,1398,aleatorio,1.4781161807678131,4.965068306494546e-16
6,hab_custom,1399,aleatorio,3.933203265782502e-12,4.965068306494546e-16
6,hab_custom,1400,aleatorio,2.8999937294765563,4.965068306494546e-16
6,hab_custom,1401,aleatorio,2.3827035451668442e-12,4.965068306494546e-16
6,hab_custom,1402,aleatorio,1.7777787435612225e-14,4.965068306494546e-16
6,hab_custom,1403,aleatorio,2.5219419200973697e-15,4.965068306494546e-16
6,hab_custom,1404,aleatorio,8.401679153178675e-12,4.965068306494546e-16
6,hab_custom,1405,aleatorio,1.271470321351981,4.965068306494546e-16
6,hab_custom,1406,aleatorio,1.6786513030503019,4.965068306494546e-16
6,hab_custom,1407,aleatorio,1.790180836524724e-15,4.965068306494546e-16
6,hab_custom,1408,aleatorio,3.181658136607119,4.965068306494546e-16
6,hab_custom,1409,aleatorio,4.076037189819146e-11,4.965068306494546e-16
6,hab_custom,1410,aleatorio,2.0992020661987745,4.965068306494546e-16
6,hab_custom,1411,aleatorio,2.1868857395626282e-15,4.965068306494546e-16
6,hab_custom,1412,aleatorio,0.8674311243053398,4.965068306494546e-16
6,hab_custom,1413,aleatorio,1.6728813567839586e-12,4.965068306494546e-16
6,hab_custom,1414,aleatorio,2.2163022063125313,4.965068306494546e-16
6,hab_custom,1415,aleatorio,9.917351842211074e-12,4.965068306494546e-16
6,hab_custom,1416,aleatorio,3.0534104393147394e-13,4.965068306494546e-16
6,hab_custom,1417,aleatorio,0.4876847868824985,4.965068306494546e-16
6,hab_custom,1418,aleatorio,0.011483087197708734,4.965068306494546e-16
6,hab_custom,1419,aleatorio,1.0879475859678378,4.965068306494546e-16
6,hab_custom,1420,aleatorio,0.0613295315657099,4.965068306494546e-16
6,hab_custom,1421,aleatorio,0.27003626744994014,4.965068306494546e-16
6,hab_custom,1422,aleatorio,1.079647953538339,4.965068306494546e-16
6,hab_custom,1423,aleatorio,0.1914332409440006,4.965068306494546e-16
6,hab_custom,1424,aleatorio,1.228576416056963,4.965068306494546e-16
6,hab_custom,1425,aleatorio,1.3319883613677712,4.965068306494546e-16
6,hab_custom,1426,aleatorio,0.48827872345762907,4.965068306494546e-16
6,hab_custom,1427,aleatorio,0.8320113827689305,4.965068306494546e-16
6,hab_custom,1428,aleatorio,0.27151767779011216,4.965068306494546e-16
6,hab_custom,1429,aleatorio,1.8886093883042698,4.965068306494546e-16
6,hab_custom,1430,aleatorio,0.2040350320159264,4.965068306494546e-16
6,hab_custom,1431,aleatorio,0.3248168671040188,4.965068306494546e-16
6,hab_custom,1432,aleatorio,0.6460843020685193,4.965068306494546e-16
6,hab_custom,1433,aleatorio,0.7776872315025122,4.965068306494546e-16
6,hab_custom,1434,aleatorio,1.1077490362381817,4.965068306494546e-16
6,hab_custom,1435,aleatorio,0.803367686732285,4.965068306494546e-16
6,hab_custom,1436,aleatorio,0.4884907653777921,4.965068306494546e-16
6,hab_custom,1437,aleatorio,1.1736957402382997,4.965068306494546e-16
6,hab_custom,1438,aleatorio,0.9330240033037683,4.965068306494546e-16
6,hab_custom,1439,aleatorio,8.260924754316095e-14,4.965068306494546e-16
6,hab_custom,1440,aleatorio,1.5429136849086948,4.965068306494546e-16
6,hab_custom,1441,aleatorio,2.5631796785924696,4.965068306494546e-16
6,hab_custom,1442,aleatorio,7.584761476135481e-12,4.965068306494546e-16
6,hab_custom,1443,aleatorio,0.5682112611226489,4.965068306494546e-16
6,hab_custom,1444,aleatorio,1.429458257800347,4.965068306494546e-16
6,hab_custom,1445,aleatorio,8.884559321017418e-15,4.965068306494546e-16
6,hab_custom,1446,aleatorio,0.4075522592907662,4.965068306494546e-16
6,hab_custom,1447,aleatorio,0.10566947033869097,4.965068306494546e-16
6,hab_custom,1448,aleatorio,8.638043493169583e-14,4.965068306494546e-16
6,hab_custom,1449,aleatorio,2.063529031098219,4.965068306494546e-16
6,hab_custom,1450,aleatorio,1.3161797343953745,4.965068306494546e-16
6,hab_custom,1451,aleatorio,2.8850682240202383,4.965068306494546e-16
6,hab_custom,1452,aleatorio,6.661338147750939e-16,4.965068306494546e-16
6,hab_custom,1453,aleatorio,7.186764866654321e-14,4.965068306494546e-16
6,hab_custom,1454,aleatorio,4.963131552114235e-14,4.965068306494546e-16
6,hab_custom,1455,aleatorio,0.27315549020274,4.965068306494546e-16
6,hab_custom,1456,aleatorio,1.799544880437262e-12,4.965068306494546e-16
6,hab_custom,1457,aleatorio,0.29058272836407356,4.965068306494546e-16
6,hab_custom,1458,aleatorio,0.10057332548974278,4.965068306494546e-16
6,hab_custom,1459,aleatorio,1.0813311163590291,4.965068306494546e-16
6,hab_custom,1460,aleatorio,2.494915946531976e-15,4.965068306494546e-16
6,hab_custom,1461,aleatorio,0.17535898651728107,4.965068306494546e-16
6,hab_custom,1462,aleatorio,1.3975762365114366,4.965068306494546e-16
6,hab_custom,1463,aleatorio,0.812509081306468,4.965068306494546e-16
6,hab_custom,1464,aleatorio,0.2191403885661955,4.965068306494546e-16
6,hab_custom,1465,aleatorio,2.2596243513121818e-14,4.965068306494546e-16
6,hab_custom,1466,aleatorio,0.8637205221271628,4.965068306494546e-16
6,hab_custom,1467,aleatorio,8.45230358216696,4.965068306494546e-16
6,hab_custom,1468,aleatorio,0.4064495237679456,4.965068306494546e-16
6,hab_custom,1469,aleatorio,0.8123373203517362,4.965068306494546e-16
6,hab_custom,1470,aleatorio,1.0175362097255202e-15,4.965068306494546e-16
6,hab_custom,1471,aleatorio,0.003838896421370926,4.965068306494546e-16
6,hab_custom,1472,aleatorio,0.17523889510446194,4.965068306494546e-16
6,hab_custom,1473,aleatorio,8.993790295141311e-13,4.965068306494546e-16
6,hab_custom,1474,aleatorio,1.4337088869456174,4.965068306494546e-16
6,hab_custom,1475,aleatorio,0.0542888891126849,4.965068306494546e-16
6,hab_custom,1476,aleatorio,0.6760086645636839,4.965068306494546e-16
6,hab_custom,1477,aleatorio,1.7022158531296807e-12,4.965068306494546e-16
6,hab_custom,1478,aleatorio,6.6441701606722425,4.965068306494546e-16
6,hab_custom,1479,aleatorio,1.99676379120996,4.965068306494546e-16
6,hab_custom,1480,aleatorio,1.4357045106316437,4.965068306494546e-16
6,hab_custom,1481,aleatorio,0.2874816410640363,4.965068306494546e-16
6,hab_custom,1482,aleatorio,1.8714390536609593,4.965068306494546e-16
6,hab_custom,1483,aleatorio,1.3224774913184372,4.965068306494546e-16
6,hab_custom,1484,aleatorio,3.8131386350912355,4.965068306494546e-16
6,hab_custom,1485,aleatorio,2.1285422316803073,4.965068306494546e-16
6,hab_custom,1486,aleatorio,1.9181151338269832e-11,4.965068306494546e-16
6,hab_custom,1487,aleatorio,5.5872277350884516e-12,4.965068306494546e-16
6,hab_custom,1488,aleatorio,1.6086555525562154,4.965068306494546e-16
6,hab_custom,1489,aleatorio,0.5874388289774676,4.965068306494546e-16
6,hab_custom,1490,aleatorio,2.4054685600984693,4.965068306494546e-16
6,hab_custom,1491,aleatorio,3.6418022968069345e-15,4.965068306494546e-16
6,hab_custom,1492,aleatorio,0.9548248622880073,4.965068306494546e-16
6,hab_custom,1493,aleatorio,1.7671905027787956e-13,4.965068306494546e-16
6,hab_custom,1494,aleatorio,0.9476676417916777,4.965068306494546e-16
6,hab_custom,1495,aleatorio,0.2762125811961367,4.965068306494546e-16
6,hab_custom,1496,aleatorio,1.010645637666858,4.965068306494546e-16
6,hab_custom,1497,aleatorio,5.119549382225919,4.965068306494546e-16
6,hab_custom,1498,aleatorio,0.9227456618197951,4.965068306494546e-16
6,hab_custom,1499,aleatorio,0.08876394370827687,4.965068306494546e-16
6,hab_custom,1500,aleatorio,1.1708350368890259e-11,4.965068306494546e-16
6,hab_custom,1501,aleatorio,0.08644133560059124,4.965068306494546e-16
6,hab_custom,1502,aleatorio,2.0701504920821043,4.965068306494546e-16
6,hab_custom,1503,aleatorio,1.2436603584969512,4.965068306494546e-16
6,hab_custom,1504,aleatorio,4.850720412845522e-12,4.965068306494546e-16
6,hab_custom,1505,aleatorio,1.8205960351656358,4.965068306494546e-16
6,hab_custom,1506,aleatorio,0.21272647077666063,4.965068306494546e-16
6,hab_custom,1507,aleatorio,1.2161883888976235e-15,4.965068306494546e-16
6,hab_custom,1508,aleatorio,6.0983995931797775e-15,4.965068306494546e-16
6,hab_custom,1509,aleatorio,1.5346029394859497e-13,4.965068306494546e-16
6,hab_custom,1510,aleatorio,3.83649128465409e-14,4.965068306494546e-16
6,hab_custom,1511,aleatorio,1.4836794664055026,4.965068306494546e-16
6,hab_custom,1512,aleatorio,0.8210848391071768,4.965068306494546e-16
6,hab_custom,1513,aleatorio,3.357796075980689e-14,4.965068306494546e-16
6,hab_custom,1514,aleatorio,9.930136612989092e-16,4.965068306494546e-16
6,hab_custom,1515,aleatorio,1.6029248493005668,4.965068306494546e-16
6,hab_custom,1516,aleatorio,0.25957704867332754,4.965068306494546e-16
6,hab_custom,1517,aleatorio,2.7465400791133423e-15,4.965068306494546e-16
6,hab_custom,1518,aleatorio,1.973335262955987,4.965068306494546e-16
6,hab_custom,1519,aleatorio,1.3102303377672793,4.965068306494546e-16
6,hab_custom,1520,aleatorio,2.0213340233252434e-11,4.965068306494546e-16
6,hab_custom,1521,aleatorio,2.8895549798261957,4.965068306494546e-16
6,hab_custom,1522,aleatorio,1.9919351998423502,4.965068306494546e-16
6,hab_custom,1523,aleatorio,3.2706305908487097,4.965068306494546e-16
6,hab_custom,1524,aleatorio,0.16583509316233305,4.965068306494546e-16
6,hab_custom,1525,aleatorio,0.858798458509976,4.965068306494546e-16
6,hab_custom,1526,aleatorio,0.18295854701228112,4.965068306494546e-16
6,hab_custom,1527,aleatorio,1.650805955649479,4.965068306494546e-16
6,hab_custom,1528,aleatorio,7.447602459741819e-16,4.965068306494546e-16
6,hab_custom,1529,aleatorio,3.1807227389925506e-12,4.965068306494546e-16
6,hab_custom,1530,aleatorio,1.9860273225978185e-15,4.965068306494546e-16
6,hab_custom,1531,aleatorio,0.35528422059482967,4.965068306494546e-16
6,hab_custom,1532,aleatorio,0.12361829209758707,4.965068306494546e-16
6,hab_custom,1533,aleatorio,0.26428560573794474,4.965068306494546e-16
6,hab_custom,1534,aleatorio,0.9831032588635259,4.965068306494546e-16
6,hab_custom,1535,aleatorio,1.8551955548039325,4.965068306494546e-16
6,hab_custom,1536,aleatorio,4.226439835930644,4.965068306494546e-16
6,hab_custom,1537,aleatorio,2.199085570806166,4.965068306494546e-16
6,hab_custom,1538,aleatorio,3.448583079855851e-14,4.965068306494546e-16
6,hab_custom,1539,aleatorio,1.578234860001754,4.965068306494546e-16
6,hab_custom,1540,aleatorio,2.5418894717281005e-11,4.965068306494546e-16
6,hab_custom,1541,aleatorio,2.327669056228917,4.965068306494546e-16
6,hab_custom,1542,aleatorio,1.2656542480726785e-14,4.965068306494546e-16
6,hab_custom,1543,aleatorio,3.2507448562903947,4.965068306494546e-16
6,hab_custom,1544,aleatorio,1.9354467937993785,4.965068306494546e-16
6,hab_custom,1545,aleatorio,0.09450516150267825,4.965068306494546e-16
6,hab_custom,1546,aleatorio,6.661338147750939e-16,4.965068306494546e-16
6,hab_custom,1547,aleatorio,5.467472909349742,4.965068306494546e-16
6,hab_custom,1548,aleatorio,0.521810478230161,4.965068306494546e-16
6,hab_custom,1549,aleatorio,3.9589465314168336e-13,4.965068306494546e-16
6,hab_custom,1550,aleatorio,0.867693444617344,4.965068306494546e-16
6,hab_custom,1551,aleatorio,9.129490236546166e-14,4.965068306494546e-16
6,hab_custom,1552,aleatorio,1.7509574973361524,4.965068306494546e-16
6,hab_custom,1553,aleatorio,3.0822050713486595,4.965068306494546e-16
6,hab_custom,1554,aleatorio,3.0394854222271253,4.965068306494546e-16
6,hab_custom,1555,aleatorio,4.9525405294236925e-14,4.965068306494546e-16
6,hab_custom,1556,aleatorio,0.46442602148213535,4.965068306494546e-16
6,hab_custom,1557,aleatorio,0.5754529826915489,4.965068306494546e-16
6,hab_custom,1558,aleatorio,0.8130746451559105,4.965068306494546e-16
6,hab_custom,1559,aleatorio,0.12703959623207142,4.965068306494546e-16
6,hab_custom,1560,aleatorio,3.1175418370156606e-12,4.965068306494546e-16
6,hab_custom,1561,aleatorio,0.20106316566456384,4.965068306494546e-16
6,hab_custom,1562,aleatorio,1.0059414400675304,4.965068306494546e-16
6,hab_custom,1563,aleatorio,7.244662104233699,4.965068306494546e-16
6,hab_custom,1564,aleatorio,1.3035752951938675,4.965068306494546e-16
6,hab_custom,1565,aleatorio,2.241448463848618,4.965068306494546e-16
6,hab_custom,1566,aleatorio,3.6208256113294457,4.965068306494546e-16
6,hab_custom,1567,aleatorio,0.056973754318124514,4.965068306494546e-16
6,hab_custom,1568,aleatorio,3.997532989850751,4.965068306494546e-16
6,hab_custom,1569,aleatorio,0.030051945885390997,4.965068306494546e-16
6,hab_custom,1570,aleatorio,0.3484247798318588,4.965068306494546e-16
6,hab_custom,1571,aleatorio,1.260970308840103e-11,4.965068306494546e-16
6,hab_custom,1572,aleatorio,1.4217791915866692e-15,4.965068306494546e-16
6,hab_custom,1573,aleatorio,0.8305969523723384,4.965068306494546e-16
6,hab_custom,1574,aleatorio,0.29780926265580765,4.965068306494546e-16
6,hab_custom,1575,aleatorio,6.028411041474998e-13,4.965068306494546e-16
6,hab_custom,1576,aleatorio,2.7936332209289425,4.965068306494546e-16
6,hab_custom,1577,aleatorio,1.6259418290214904,4.965068306494546e-16
6,hab_custom,1578,aleatorio,0.3688167505228347,4.965068306494546e-16
6,hab_custom,1579,aleatorio,0.8876867235218912,4.965068306494546e-16
6,hab_custom,1580,aleatorio,1.8758789691281292,4.965068306494546e-16
6,hab_custom,1581,aleatorio,0.048315274652578746,4.965068306494546e-16
6,hab_custom,1582,aleatorio,1.308769938567564,4.965068306494546e-16
6,hab_custom,1583,aleatorio,1.0855980152598999,4.965068306494546e-16
6,hab_custom,1584,aleatorio,3.125393222140154e-13,4.965068306494546e-16
6,hab_custom,1585,aleatorio,0.44999096519812753,4.965068306494546e-16
6,hab_custom,1586,aleatorio,6.738605631492653e-15,4.965068306494546e-16
6,hab_custom,1587,aleatorio,0.44981491710255117,4.965068306494546e-16
6,hab_custom,1588,aleatorio,6.473657049138938e-16,4.965068306494546e-16
6,hab_custom,1589,aleatorio,0.3402172983539489,4.965068306494546e-16
6,hab_custom,1590,aleatorio,3.3781712685138596,4.965068306494546e-16
6,hab_custom,1591,aleatorio,3.147630888460004e-13,4.965068306494546e-16
6,hab_custom,1592,aleatorio,0.0008966231818748249,4.965068306494546e-16
6,hab_custom,1593,aleatorio,1.2131861407300288,4.965068306494546e-16
6,hab_custom,1594,aleatorio,8.741904837807691e-16,4.965068306494546e-16
6,hab_custom,1595,aleatorio,2.4199989446250434e-13,4.965068306494546e-16
6,hab_custom,1596,aleatorio,2.509015620207519,4.965068306494546e-16
6,hab_custom,1597,aleatorio,1.0656132861422818e-12,4.965068306494546e-16
6,hab_custom,1598,aleatorio,7.43095793681108,4.965068306494546e-16
6,hab_custom,1599,aleatorio,2.6792625570541717,4.965068306494546e-16
6,hab_custom,1600,aleatorio,0.12036146205730561,4.965068306494546e-16
6,hab_custom,1601,aleatorio,2.446559918665809,4.965068306494546e-16
6,hab_custom,1602,aleatorio,4.3126295900050096e-12,4.965068306494546e-16
6,hab_custom,1603,aleatorio,0.2621385894670798,4.965068306494546e-16
6,hab_custom,1604,aleatorio,0.011387362467543167,4.965068306494546e-16
6,hab_custom,1605,aleatorio,4.551692466746993,4.965068306494546e-16
6,hab_custom,1606,aleatorio,0.9806329806039832,4.965068306494546e-16
6,hab_custom,1607,aleatorio,3.220079702456846,4.965068306494546e-16
6,hab_custom,1608,aleatorio,1.673871815197295,4.965068306494546e-16
6,hab_custom,1609,aleatorio,0.2526758096563671,4.965068306494546e-16
6,hab_custom,1610,aleatorio,2.2152957104942437,4.965068306494546e-16
6,hab_custom,1611,aleatorio,1.9433609706441477e-13,4.965068306494546e-16
6,hab_custom,1612,aleatorio,2.272266019189637,4.965068306494546e-16
6,hab_custom,1613,aleatorio,0.4727786311007656,4.965068306494546e-16
6,hab_custom,1614,aleatorio,1.0781588169228933,4.965068306494546e-16
6,hab_custom,1615,aleatorio,0.4922261408426214,4.965068306494546e-16
6,hab_custom,1616,aleatorio,1.2886872809382157e-13,4.965068306494546e-16
6,hab_custom,1617,aleatorio,3.0496999971400025e-14,4.965068306494546e-16
6,hab_custom,1618,aleatorio,1.6260457765751557,4.965068306494546e-16
6,hab_custom,1619,aleatorio,9.930136612989092e-16,4.965068306494546e-16
6,hab_custom,1620,aleatorio,1.721347707844762,4.965068306494546e-16
6,hab_custom,1621,aleatorio,6.280369834735101e-16,4.965068306494546e-16
6,hab_custom,1622,aleatorio,0.37350804332182674,4.965068306494546e-16
6,hab_custom,1623,aleatorio,0.02645203052270336,4.965068306494546e-16
6,hab_custom,1624,aleatorio,4.986075754342305e-14,4.965068306494546e-16
6,hab_custom,1625,aleatorio,1.3987439090689142,4.965068306494546e-16
6,hab_custom,1626,aleatorio,0.6633160178865527,4.965068306494546e-16
6,hab_custom,1627,aleatorio,2.3686703741666117,4.965068306494546e-16
6,hab_custom,1628,aleatorio,0.15365048385286667,4.965068306494546e-16
6,hab_custom,1629,aleatorio,0.7480939934611224,4.965068306494546e-16
6,hab_custom,1630,aleatorio,1.0163629439645488e-13,4.965068306494546e-16
6,hab_custom,1631,aleatorio,0.552888879944416,4.965068306494546e-16
6,hab_custom,1632,aleatorio,0.866989668536199,4.965068306494546e-16
6,hab_custom,1633,aleatorio,0.0391690308442853,4.965068306494546e-16
6,hab_custom,1634,aleatorio,0.14131989837056594,4.965068306494546e-16
6,hab_custom,1635,aleatorio,0.2986298661302964,4.965068306494546e-16
6,hab_custom,1636,aleatorio,1.6727093323531057e-13,4.965068306494546e-16
6,hab_custom,1637,aleatorio,0.7789925105314389,4.965068306494546e-16
6,hab_custom,1638,aleatorio,1.2315051001965138e-13,4.965068306494546e-16
6,hab_custom,1639,aleatorio,0.9169238798397034,4.965068306494546e-16
6,hab_custom,1640,aleatorio,0.3174456498536337,4.965068306494546e-16
6,hab_custom,1641,aleatorio,0.8855345418176443,4.965068306494546e-16
6,hab_custom,1642,aleatorio,0.49804307503514117,4.965068306494546e-16
6,hab_custom,1643,aleatorio,1.464821375527116e-14,4.965068306494546e-16
6,hab_custom,1644,aleatorio,5.054097283843105,4.965068306494546e-16
6,hab_custom,1645,aleatorio,0.3041038138027452,4.965068306494546e-16
6,hab_custom,1646,aleatorio,4.523447136844966e-13,4.965068306494546e-16
6,hab_custom,1647,aleatorio,0.24904989018055293,4.965068306494546e-16
6,hab_custom,1648,aleatorio,9.930136612989092e-16,4.965068306494546e-16
6,hab_custom,1649,aleatorio,3.926524198527813,4.965068306494546e-16
6,hab_custom,1650,aleatorio,0.17388583330673013,4.965068306494546e-16
6,hab_custom,1651,aleatorio,0.006368107006531956,4.965068306494546e-16
6,hab_custom,1652,aleatorio,1.4895204919483639e-15,4.965068306494546e-16
6,hab_custom,1653,aleatorio,0.7575151101135507,4.965068306494546e-16
6,hab_custom,1654,aleatorio,2.1559646582982737,4.965068306494546e-16
6,hab_custom,1655,aleatorio,1.8330943025923124e-12,4.965068306494546e-16
6,hab_custom,1656,aleatorio,3.953391794989626e-15,4.965068306494546e-16
6,hab_custom,1657,aleatorio,1.1608639369003928,4.965068306494546e-16
6,hab_custom,1658,aleatorio,1.021525851942901e-14,4.965068306494546e-16
6,hab_custom,1659,aleatorio,1.8551632201497295,4.965068306494546e-16
6,hab_custom,1660,aleatorio,1.0301466365735168,4.965068306494546e-16
6,hab_custom,1661,aleatorio,0.04489343776549772,4.965068306494546e-16
6,hab_custom,1662,aleatorio,0.38724108791798084,4.965068306494546e-16
6,hab_custom,1663,aleatorio,0.043333300110197634,4.965068306494546e-16
6,hab_custom,1664,aleatorio,0.7411823630702243,4.965068306494546e-16
6,hab_custom,1665,aleatorio,3.1136235589643837,4.965068306494546e-16
6,hab_custom,1666,aleatorio,0.25241475097580557,4.965068306494546e-16
6,hab_custom,1667,aleatorio,1.5301471229552686,4.965068306494546e-16
6,hab_custom,1668,aleatorio,1.297720325759548,4.965068306494546e-16
6,hab_custom,1669,aleatorio,0.08411073271474921,4.965068306494546e-16
6,hab_custom,1670,aleatorio,2.945754565036118e-15,4.965068306494546e-16
6,hab_custom,1671,aleatorio,0.576842891936869,4.965068306494546e-16
6,hab_custom,1672,aleatorio,0.30554467394986157,4.965068306494546e-16
6,hab_custom,1673,aleatorio,2.0709462670247727,4.965068306494546e-16
6,hab_custom,1674,aleatorio,1.1732914704755046,4.965068306494546e-16
6,hab_custom,1675,aleatorio,1.4039015060589396e-12,4.965068306494546e-16
6,hab_custom,1676,aleatorio,0.3495060907531956,4.965068306494546e-16
6,hab_custom,1677,aleatorio,1.1636837467703815e-14,4.965068306494546e-16
6,hab_custom,1678,aleatorio,0.47660579020930666,4.965068306494546e-16
6,hab_custom,1679,aleatorio,2.142366205579591,4.965068306494546e-16
6,hab_custom,1680,aleatorio,0.17256496449171904,4.965068306494546e-16
6,hab_custom,1681,aleatorio,0.06682634508640058,4.965068306494546e-16
6,hab_custom,1682,aleatorio,1.3493168664002084,4.965068306494546e-16
6,hab_custom,1683,aleatorio,1.431499025786612e-15,4.965068306494546e-16
6,hab_custom,1684,aleatorio,0.4856006624200178,4.965068306494546e-16
6,hab_custom,1685,aleatorio,0.012286915096103817,4.965068306494546e-16
6,hab_custom,1686,aleatorio,3.6811439540375726,4.965068306494546e-16
6,hab_custom,1687,aleatorio,2.3906687889220937e-14,4.965068306494546e-16
6,hab_custom,1688,aleatorio,0.010526575242444396,4.965068306494546e-16
6,hab_custom,1689,aleatorio,0.08681765416631647,4.965068306494546e-16
6,hab_custom,1690,aleatorio,4.325641801995026,4.965068306494546e-16
6,hab_custom,1691,aleatorio,2.349811730948547e-11,4.965068306494546e-16
6,hab_custom,1692,aleatorio,0.23981646108484944,4.965068306494546e-16
6,hab_custom,1693,aleatorio,6.191772462550491e-12,4.965068306494546e-16
6,hab_custom,1694,aleatorio,0.10485857317256639,4.965068306494546e-16
6,hab_custom,1695,aleatorio,9.155133597044475e-16,4.965068306494546e-16
6,hab_custom,1696,aleatorio,8.308148362110449e-16,4.965068306494546e-16
6,hab_custom,1697,aleatorio,2.1896474752992928e-13,4.965068306494546e-16
6,hab_custom,1698,aleatorio,3.055326787747416,4.965068306494546e-16
6,hab_custom,1699,aleatorio,0.13991741265190002,4.965068306494546e-16
6,hab_custom,1700,aleatorio,2.6865520792838424,4.965068306494546e-16
6,hab_custom,1701,aleatorio,4.6082471882207325e-11,4.965068306494546e-16
6,hab_custom,1702,aleatorio,7.529898907871222e-16,4.965068306494546e-16
6,hab_custom,1703,aleatorio,4.280371066829498,4.965068306494546e-16
6,hab_custom,1704,aleatorio,0.13283156397310933,4.965068306494546e-16
6,hab_custom,1705,aleatorio,2.275090519934933e-14,4.965068306494546e-16
6,hab_custom,1706,aleatorio,1.2560739669470201e-15,4.965068306494546e-16
6,hab_custom,1707,aleatorio,3.040957408687815e-14,4.965068306494546e-16
6,hab_custom,1708,aleatorio,1.7818595882633098e-12,4.965068306494546e-16
6,hab_custom,1709,aleatorio,1.790180836524724e-15,4.965068306494546e-16
6,hab_custom,1710,aleatorio,1.142586471784067,4.965068306494546e-16
6,hab_custom,1711,aleatorio,3.062814748613486,4.965068306494546e-16
6,hab_custom,1712,aleatorio,1.702273150421915,4.965068306494546e-16
6,hab_custom,1713,aleatorio,0.00441963141966377,4.965068306494546e-16
6,hab_custom,1714,aleatorio,1.012790284142761,4.965068306494546e-16
6,hab_custom,1715,aleatorio,2.5663728214500465,4.965068306494546e-16
6,hab_custom,1716,aleatorio,3.087015480715505e-11,4.965068306494546e-16
6,hab_custom,1717,aleatorio,4.335322602001174e-12,4.965068306494546e-16
6,hab_custom,1718,aleatorio,1.3756324576377005e-10,4.965068306494546e-16
6,hab_custom,1719,aleatorio,1.2788278173307375,4.965068306494546e-16
6,hab_custom,1720,aleatorio,5.438959822042073e-16,4.965068306494546e-16
6,hab_custom,1721,aleatorio,0.19749969307040618,4.965068306494546e-16
6,hab_custom,1722,aleatorio,1.4696475326718694,4.965068306494546e-16
6,hab_custom,1723,aleatorio,2.3047397911400562,4.965068306494546e-16
6,hab_custom,1724,aleatorio,2.982622051718136,4.965068306494546e-16
6,hab_custom,1725,aleatorio,3.797043900004576e-14,4.965068306494546e-16
6,hab_custom,1726,aleatorio,3.6851891312389053,4.965068306494546e-16
6,hab_custom,1727,aleatorio,1.9069435259221434,4.965068306494546e-16
6,hab_custom,1728,aleatorio,1.8083993141923795e-12,4.965068306494546e-16
6,hab_custom,1729,aleatorio,1.703933029941013e-13,4.965068306494546e-16
6,hab_custom,1730,aleatorio,1.0304321155166027,4.965068306494546e-16
6,hab_custom,1731,aleatorio,0.425725256507771,4.965068306494546e-16
6,hab_custom,1732,aleatorio,0.8483120994425225,4.965068306494546e-16
6,hab_custom,1733,aleatorio,0.5997085044216119,4.965068306494546e-16
6,hab_custom,1734,aleatorio,1.1498320089220075,4.965068306494546e-16
6,hab_custom,1735,aleatorio,1.0665487812413244,4.965068306494546e-16
6,hab_custom,1736,aleatorio,7.067558043324088e-13,4.965068306494546e-16
6,hab_custom,1737,aleatorio,0.9708235942716017,4.965068306494546e-16
6,hab_custom,1738,aleatorio,2.881683986110753,4.965068306494546e-16
6,hab_custom,1739,aleatorio,7.021666937153402e-16,4.965068306494546e-16
6,hab_custom,1740,aleatorio,4.772138059468146,4.965068306494546e-16
6,hab_custom,1741,aleatorio,2.8897261505342673,4.965068306494546e-16
6,hab_custom,1742,aleatorio,1.468035833002957,4.965068306494546e-16
6,hab_custom,1743,aleatorio,1.6616296724220897e-15,4.965068306494546e-16
6,hab_custom,1744,aleatorio,0.5142688388346237,4.965068306494546e-16
6,hab_custom,1745,aleatorio,1.4043566165122274,4.965068306494546e-16
6,hab_custom,1746,aleatorio,1.9366779837861525,4.965068306494546e-16
6,hab_custom,1747,aleatorio,0.635272597920622,4.965068306494546e-16
6,hab_custom,1748,aleatorio,2.6292700650052594,4.965068306494546e-16
6,hab_custom,1749,aleatorio,2.3603665272841412e-15,4.965068306494546e-16
6,hab_custom,1750,aleatorio,0.4682255779952682,4.965068306494546e-16
6,hab_custom,1751,aleatorio,1.1757078213531411,4.965068306494546e-16
6,hab_custom,1752,aleatorio,0.11019886521594423,4.965068306494546e-16
6,hab_custom,1753,aleatorio,1.6478836831604882,4.965068306494546e-16
6,hab_custom,1754,aleatorio,0.03145648456798546,4.965068306494546e-16
6,hab_custom,1755,aleatorio,6.974853752689908e-13,4.965068306494546e-16
6,hab_custom,1756,aleatorio,1.831026719408895e-15,4.965068306494546e-16
6,hab_custom,1757,aleatorio,0.9599831799271102,4.965068306494546e-16
6,hab_custom,1758,aleatorio,4.443872619532694,4.965068306494546e-16
6,hab_custom,1759,aleatorio,0.8867749879412276,4.965068306494546e-16
6,hab_custom,1760,aleatorio,0.11440661093129559,4.965068306494546e-16
6,hab_custom,1761,aleatorio,1.8983275298675037e-11,4.965068306494546e-16
6,hab_custom,1762,aleatorio,1.455477833931731,4.965068306494546e-16
6,hab_custom,1763,aleatorio,0.7449224681250631,4.965068306494546e-16
6,hab_custom,1764,aleatorio,1.0278101666331998,4.965068306494546e-16
6,hab_custom,1765,aleatorio,6.217248937900877e-15,4.965068306494546e-16
6,hab_custom,1766,aleatorio,0.3600047037003767,4.965068306494546e-16
6,hab_custom,1767,aleatorio,0.07334575284031969,4.965068306494546e-16
6,hab_custom,1768,aleatorio,0.35506542305646493,4.965068306494546e-16
6,hab_custom,1769,aleatorio,2.691295568250743,4.965068306494546e-16
6,hab_custom,1770,aleatorio,0.12597505208752063,4.965068306494546e-16
6,hab_custom,1771,aleatorio,0.7074345588663556,4.965068306494546e-16
6,hab_custom,1772,aleatorio,0.0596672435589788,4.965068306494546e-16
6,hab_custom,1773,aleatorio,1.5814354279711837,4.965068306494546e-16
6,hab_custom,1774,aleatorio,0.30927783934598596,4.965068306494546e-16
6,hab_custom,1775,aleatorio,0.595916301564714,4.965068306494546e-16
6,hab_custom,1776,aleatorio,3.8778423131653425e-15,4.965068306494546e-16
6,hab_custom,1777,aleatorio,0.12549968655601362,4.965068306494546e-16
6,hab_custom,1778,aleatorio,1.4434244796955438e-10,4.965068306494546e-16
6,hab_custom,1779,aleatorio,1.655078642251461e-11,4.965068306494546e-16
6,hab_custom,1780,aleatorio,0.5562718985796038,4.965068306494546e-16
6,hab_custom,1781,aleatorio,0.0033425442423185327,4.965068306494546e-16
6,hab_custom,1782,aleatorio,2.7432059602592115e-11,4.965068306494546e-16
6,hab_custom,1783,aleatorio,0.8333827455048963,4.965068306494546e-16
6,hab_custom,1784,aleatorio,0.07392957866587527,4.965068306494546e-16
6,hab_custom,1785,aleatorio,1.607722806285402,4.965068306494546e-16
6,hab_custom,1786,aleatorio,1.9350941341609897,4.965068306494546e-16
6,hab_custom,1787,aleatorio,0.2958682523946235,4.965068306494546e-16
6,hab_custom,1788,aleatorio,1.5280945655564475,4.965068306494546e-16
6,hab_custom,1789,aleatorio,0.6677697316569077,4.965068306494546e-16
6,hab_custom,1790,aleatorio,1.2801179598032253e-13,4.965068306494546e-16
6,hab_custom,1791,aleatorio,3.3598492172818806,4.965068306494546e-16
6,hab_custom,1792,aleatorio,1.5484657164384916,4.965068306494546e-16
6,hab_custom,1793,aleatorio,1.1559101057815895,4.965068306494546e-16
6,hab_custom,1794,aleatorio,4.331759959846026,4.965068306494546e-16
6,hab_custom,1795,aleatorio,0.022996601340442485,4.965068306494546e-16
6,hab_custom,1796,aleatorio,0.6340299185748809,4.965068306494546e-16
6,hab_custom,1797,aleatorio,0.4589727241693134,4.965068306494546e-16
6,hab_custom,1798,aleatorio,0.8608641899698939,4.965068306494546e-16
6,hab_custom,1799,aleatorio,2.3503709482341043e-11,4.965068306494546e-16
6,hab_custom,1800,aleatorio,5.139440031899427e-13,4.965068306494546e-16
6,hab_custom,1801,aleatorio,5.774046343858293e-13,4.965068306494546e-16
6,hab_custom,1802,aleatorio,4.390760714981099,4.965068306494546e-16
6,hab_custom,1803,aleatorio,9.134643019033893e-13,4.965068306494546e-16
6,hab_custom,1804,aleatorio,1.8653274902133001,4.965068306494546e-16
6,hab_custom,1805,aleatorio,0.26438859446287427,4.965068306494546e-16
6,hab_custom,1806,aleatorio,2.5510982866352577e-15,4.965068306494546e-16
6,hab_custom,1807,aleatorio,0.47846008895293873,4.965068306494546e-16
6,hab_custom,1808,aleatorio,1.6708323426478229,4.965068306494546e-16
6,hab_custom,1809,aleatorio,0.6809591594106662,4.965068306494546e-16
6,hab_custom,1810,aleatorio,0.15322550311402838,4.965068306494546e-16
6,hab_custom,1811,aleatorio,0.001065092702637431,4.965068306494546e-16
6,hab_custom,1812,aleatorio,3.3610628593775633,4.965068306494546e-16
6,hab_custom,1813,aleatorio,1.3148444156981376,4.965068306494546e-16
6,hab_custom,1814,aleatorio,1.5691450888066063,4.965068306494546e-16
6,hab_custom,1815,aleatorio,0.7540258383708885,4.965068306494546e-16
6,hab_custom,1816,aleatorio,2.3515475666395852e-12,4.965068306494546e-16
6,hab_custom,1817,aleatorio,2.184630107233143,4.965068306494546e-16
6,hab_custom,1818,aleatorio,2.064593805890732e-11,4.965068306494546e-16
6,hab_custom,1819,aleatorio,3.8389303759119473,4.965068306494546e-16
6,hab_custom,1820,aleatorio,0.6733036912943844,4.965068306494546e-16
6,hab_custom,1821,aleatorio,2.3448267691694626,4.965068306494546e-16
6,hab_custom,1822,aleatorio,2.3966736972312357,4.965068306494546e-16
6,hab_custom,1823,aleatorio,1.2534826039297905e-13,4.965068306494546e-16
6,hab_custom,1824,aleatorio,8.005932084973442e-16,4.965068306494546e-16
6,hab_custom,1825,aleatorio,1.0496966486905492,4.965068306494546e-16
6,hab_custom,1826,aleatorio,1.476148281522255,4.965068306494546e-16
6,hab_custom,1827,aleatorio,0.8264766384804444,4.965068306494546e-16
6,hab_custom,1828,aleatorio,2.2670735142145504,4.965068306494546e-16
6,hab_custom,1829,aleatorio,3.914649724849302,4.965068306494546e-16
6,hab_custom,1830,aleatorio,1.72550185926623,4.965068306494546e-16
6,hab_custom,1831,aleatorio,2.2315206618374916e-15,4.965068306494546e-16
6,hab_custom,1832,aleatorio,1.5543122344752192e-15,4.965068306494546e-16
6,hab_custom,1833,aleatorio,3.6483624629972395e-14,4.965068306494546e-16
6,hab_custom,1834,aleatorio,0.17853581467163948,4.965068306494546e-16
6,hab_custom,1835,aleatorio,1.9168816370420348e-13,4.965068306494546e-16
6,hab_custom,1836,aleatorio,0.6229044429228776,4.965068306494546e-16
6,hab_custom,1837,aleatorio,1.5691836706958961,4.965068306494546e-16
6,hab_custom,1838,aleatorio,2.7696063820784346e-11,4.965068306494546e-16
6,hab_custom,1839,aleatorio,1.1322097734007351e-15,4.965068306494546e-16
6,hab_custom,1840,aleatorio,0.9757826314037472,4.965068306494546e-16
6,hab_custom,1841,aleatorio,1.9413018700510094,4.965068306494546e-16
6,hab_custom,1842,aleatorio,1.1160979023007801e-12,4.965068306494546e-16
6,hab_custom,1843,aleatorio,1.3646009618382669e-11,4.965068306494546e-16
6,hab_custom,1844,aleatorio,0.15004021366014825,4.965068306494546e-16
6,hab_custom,1845,aleatorio,1.2696500995631376e-13,4.965068306494546e-16
6,hab_custom,1846,aleatorio,2.3016733500390525,4.965068306494546e-16
6,hab_custom,1847,aleatorio,0.00412727868695423,4.965068306494546e-16
6,hab_custom,1848,aleatorio,0.6095472855198368,4.965068306494546e-16
6,hab_custom,1849,aleatorio,1.813205657127792,4.965068306494546e-16
6,hab_custom,1850,aleatorio,0.37626323030133835,4.965068306494546e-16
6,hab_custom,1851,aleatorio,1.2150460762991335,4.965068306494546e-16
6,hab_custom,1852,aleatorio,8.706074197127995e-14,4.965068306494546e-16
6,hab_custom,1853,aleatorio,1.1322097734007351e-15,4.965068306494546e-16
6,hab_custom,1854,aleatorio,6.955527313080394e-16,4.965068306494546e-16
6,hab_custom,1855,aleatorio,0.528477304900997,4.965068306494546e-16
6,hab_custom,1856,aleatorio,1.3671980715406513e-13,4.965068306494546e-16
6,hab_custom,1857,aleatorio,2.9484522100675114e-14,4.965068306494546e-16
6,hab_custom,1858,aleatorio,1.1322097734007351e-15,4.965068306494546e-16
6,hab_custom,1859,aleatorio,1.297955555061494,4.965068306494546e-16
6,hab_custom,1860,aleatorio,1.2513755057822653,4.965068306494546e-16
6,hab_custom,1861,aleatorio,5.426142511126372e-10,4.965068306494546e-16
6,hab_custom,1862,aleatorio,0.8744442313411558,4.965068306494546e-16
6,hab_custom,1863,aleatorio,0.32578521692068224,4.965068306494546e-16
6,hab_custom,1864,aleatorio,1.0594443160161772e-12,4.965068306494546e-16
6,hab_custom,1865,aleatorio,1.5195156967336494,4.965068306494546e-16
6,hab_custom,1866,aleatorio,1.9235500715163995e-11,4.965068306494546e-16
6,hab_custom,1867,aleatorio,6.367270847325517e-13,4.965068306494546e-16
6,hab_custom,1868,aleatorio,0.27215340739727095,4.965068306494546e-16
6,hab_custom,1869,aleatorio,0.7065139035279829,4.965068306494546e-16
6,hab_custom,1870,aleatorio,0.0194924670925179,4.965068306494546e-16
6,hab_custom,1871,aleatorio,1.6289601167410543,4.965068306494546e-16
6,hab_custom,1872,aleatorio,1.554567033147515,4.965068306494546e-16
6,hab_custom,1873,aleatorio,5.895691955682626e-15,4.965068306494546e-16
6,hab_custom,1874,aleatorio,0.5652419292653399,4.965068306494546e-16
6,hab_custom,1875,aleatorio,2.4660392965001643,4.965068306494546e-16
6,hab_custom,1876,aleatorio,0.5902344639570887,4.965068306494546e-16
6,hab_custom,1877,aleatorio,5.4712944720931995,4.965068306494546e-16
6,hab_custom,1878,aleatorio,3.396629320202206e-15,4.965068306494546e-16
6,hab_custom,1879,aleatorio,2.272130971706061,4.965068306494546e-16
6,hab_custom,1880,aleatorio,3.542345362260371,4.965068306494546e-16
6,hab_custom,1881,aleatorio,5.1037637069484146e-11,4.965068306494546e-16
6,hab_custom,1882,aleatorio,1.6418746242819806,4.965068306494546e-16
6,hab_custom,1883,aleatorio,9.155133597044475e-16,4.965068306494546e-16
6,hab_custom,1884,aleatorio,3.019090807109341,4.965068306494546e-16
6,hab_custom,1885,aleatorio,1.6579256586566167,4.965068306494546e-16
6,hab_custom,1886,aleatorio,1.1717081559496539e-11,4.965068306494546e-16
6,hab_custom,1887,aleatorio,2.2443060285190453,4.965068306494546e-16
6,hab_custom,1888,aleatorio,0.9640206217223318,4.965068306494546e-16
6,hab_custom,1889,aleatorio,7.656515266048676e-15,4.965068306494546e-16
6,hab_custom,1890,aleatorio,1.324322295898396e-10,4.965068306494546e-16
6,hab_custom,1891,aleatorio,0.8937743949977027,4.965068306494546e-16
6,hab_custom,1892,aleatorio,0.1384507820776572,4.965068306494546e-16
6,hab_custom,1893,aleatorio,0.4683560831710555,4.965068306494546e-16
6,hab_custom,1894,aleatorio,0.7520828659510105,4.965068306494546e-16
6,hab_custom,1895,aleatorio,1.6645970094652631,4.965068306494546e-16
6,hab_custom,1896,aleatorio,0.8618319056440784,4.965068306494546e-16
6,hab_custom,1897,aleatorio,4.872247611766391e-14,4.965068306494546e-16
6,hab_custom,1898,aleatorio,8.421814289289726,4.965068306494546e-16
6,hab_custom,1899,aleatorio,7.738764916518519e-13,4.965068306494546e-16
6,hab_custom,1900,aleatorio,3.8347919696859716e-13,4.965068306494546e-16
6,hab_custom,1901,aleatorio,4.120130722470599,4.965068306494546e-16
6,hab_custom,1902,aleatorio,2.41395913296613,4.965068306494546e-16
6,hab_custom,1903,aleatorio,3.0726737496774103e-13,4.965068306494546e-16
6,hab_custom,1904,aleatorio,1.2970142174948615e-14,4.965068306494546e-16
6,hab_custom,1905,aleatorio,8.100486117611429e-12,4.965068306494546e-16
6,hab_custom,1906,aleatorio,3.104902200278206e-13,4.965068306494546e-16
6,hab_custom,1907,aleatorio,5.632039130876934,4.965068306494546e-16
6,hab_custom,1908,aleatorio,3.941877172396961e-12,4.965068306494546e-16
6,hab_custom,1909,aleatorio,0.556752222583844,4.965068306494546e-16
6,hab_custom,1910,aleatorio,0.9806321344979974,4.965068306494546e-16
6,hab_custom,1911,aleatorio,0.03481407657790516,4.965068306494546e-16
6,hab_custom,1912,aleatorio,9.738548311529745e-14,4.965068306494546e-16
6,hab_custom,1913,aleatorio,4.803144021792286e-11,4.965068306494546e-16
6,hab_custom,1914,aleatorio,5.958857596992437,4.965068306494546e-16
6,hab_custom,1915,aleatorio,0.3286710416908122,4.965068306494546e-16
6,hab_custom,1916,aleatorio,1.7946767451853367,4.965068306494546e-16
6,hab_custom,1917,aleatorio,0.19985619464223484,4.965068306494546e-16
6,hab_custom,1918,aleatorio,3.967323021627209,4.965068306494546e-16
6,hab_custom,1919,aleatorio,0.11754905906916932,4.965068306494546e-16
6,hab_custom,1920,aleatorio,0.9185054127139826,4.965068306494546e-16
6,hab_custom,1921,aleatorio,1.8332319103205317,4.965068306494546e-16
6,hab_custom,1922,aleatorio,1.2161883888976235e-15,4.965068306494546e-16
6,hab_custom,1923,aleatorio,1.2794408654420966,4.965068306494546e-16
6,hab_custom,1924,aleatorio,0.297554347118136,4.965068306494546e-16
6,hab_custom,1925,aleatorio,2.4324171257247538,4.965068306494546e-16
6,hab_custom,1926,aleatorio,2.763362655712803,4.965068306494546e-16
6,hab_custom,1927,aleatorio,7.35208941697512e-12,4.965068306494546e-16
6,hab_custom,1928,aleatorio,0.6123115102309525,4.965068306494546e-16
6,hab_custom,1929,aleatorio,0.7540016575148355,4.965068306494546e-16
6,hab_custom,1930,aleatorio,0.7183844010128475,4.965068306494546e-16
6,hab_custom,1931,aleatorio,6.984542515381108e-13,4.965068306494546e-16
6,hab_custom,1932,aleatorio,2.4083275539704134,4.965068306494546e-16
6,hab_custom,1933,aleatorio,0.36388152555698816,4.965068306494546e-16
6,hab_custom,1934,aleatorio,5.02724096602939,4.965068306494546e-16
6,hab_custom,1935,aleatorio,10.464867393137117,4.965068306494546e-16
6,hab_custom,1936,aleatorio,3.501623707345493e-13,4.965068306494546e-16
6,hab_custom,1937,aleatorio,0.8280784900456694,4.965068306494546e-16
6,hab_custom,1938,aleatorio,0.045801807284800905,4.965068306494546e-16
6,hab_custom,1939,aleatorio,0.13442691367093418,4.965068306494546e-16
6,hab_custom,1940,aleatorio,0.03951551129102497,4.965068306494546e-16
6,hab_custom,1941,aleatorio,1.0907482145598721e-14,4.965068306494546e-16
6,hab_custom,1942,aleatorio,0.7106638253036028,4.965068306494546e-16
6,hab_custom,1943,aleatorio,1.510167905652209,4.965068306494546e-16
6,hab_custom,1944,aleatorio,1.3067333955357328,4.965068306494546e-16
6,hab_custom,1945,aleatorio,4.965068306494546e-16,4.965068306494546e-16
6,hab_custom,1946,aleatorio,1.855621809114196,4.965068306494546e-16
6,hab_custom,1947,aleatorio,0.08502244755182638,4.965068306494546e-16
6,hab_custom,1948,aleatorio,1.9530691882252529,4.965068306494546e-16
6,hab_custom,1949,aleatorio,0.01964657688306749,4.965068306494546e-16
6,hab_custom,1950,aleatorio,1.2937807132808292,4.965068306494546e-16
6,hab_custom,1951,aleatorio,8.203936723548426e-11,4.965068306494546e-16
6,hab_custom,1952,aleatorio,0.909722245591026,4.965068306494546e-16
6,hab_custom,1953,aleatorio,1.5225555119217893,4.965068306494546e-16
6,hab_custom,1954,aleatorio,0.7461731465425152,4.965068306494546e-16
6,hab_custom,1955,aleatorio,0.14120305161209828,4.965068306494546e-16
6,hab_custom,1956,aleatorio,5.064431147666584,4.965068306494546e-16
6,hab_custom,1957,aleatorio,3.4128396559034047e-12,4.965068306494546e-16
6,hab_custom,1958,aleatorio,1.810135110674594,4.965068306494546e-16
6,hab_custom,1959,aleatorio,3.3214785502116146e-14,4.965068306494546e-16
6,hab_custom,1960,aleatorio,1.1740364807583783,4.965068306494546e-16
6,hab_custom,1961,aleatorio,1.1102230246251565e-15,4.965068306494546e-16
6,hab_custom,1962,aleatorio,1.4627176691879365e-11,4.965068306494546e-16
6,hab_custom,1963,aleatorio,7.533877104093884e-12,4.965068306494546e-16
6,hab_custom,1964,aleatorio,5.151681941057055e-11,4.965068306494546e-16
6,hab_custom,1965,aleatorio,1.7812090166156334,4.965068306494546e-16
6,hab_custom,1966,aleatorio,1.4784733306323588,4.965068306494546e-16
6,hab_custom,1967,aleatorio,4.239029135730353e-11,4.965068306494546e-16
6,hab_custom,1968,aleatorio,1.3617702944536063,4.965068306494546e-16
6,hab_custom,1969,aleatorio,0.6135798386509387,4.965068306494546e-16
6,hab_custom,1970,aleatorio,1.4895204919483639e-15,4.965068306494546e-16
6,hab_custom,1971,aleatorio,0.571741868681281,4.965068306494546e-16
6,hab_custom,1972,aleatorio,0.6153707944935148,4.965068306494546e-16
6,hab_custom,1973,aleatorio,2.8441001681421826e-15,4.965068306494546e-16
6,hab_custom,1974,aleatorio,0.15560352685542683,4.965068306494546e-16
6,hab_custom,1975,aleatorio,1.7550666030459097,4.965068306494546e-16
6,hab_custom,1976,aleatorio,1.2856555197528229e-14,4.965068306494546e-16
6,hab_custom,1977,aleatorio,0.1791932821779701,4.965068306494546e-16
6,hab_custom,1978,aleatorio,1.078948368235039e-12,4.965068306494546e-16
6,hab_custom,1979,aleatorio,0.0636624529613508,4.965068306494546e-16
6,hab_custom,1980,aleatorio,0.08099568661156054,4.965068306494546e-16
6,hab_custom,1981,aleatorio,0.978522073678828,4.965068306494546e-16
6,hab_custom,1982,aleatorio,1.4710114048219982,4.965068306494546e-16
6,hab_custom,1983,aleatorio,6.03667770271891e-12,4.965068306494546e-16
6,hab_custom,1984,aleatorio,0.13711058359958073,4.965068306494546e-16
6,hab_custom,1985,aleatorio,8.136151475872056e-11,4.965068306494546e-16
6,hab_custom,1986,aleatorio,1.0986352335225542,4.965068306494546e-16
6,hab_custom,1987,aleatorio,0.7942268015973055,4.965068306494546e-16
6,hab_custom,1988,aleatorio,0.5504661695668468,4.965068306494546e-16
6,hab_custom,1989,aleatorio,1.0054549490950253,4.965068306494546e-16
6,hab_custom,1990,aleatorio,1.3229834214604202e-15,4.965068306494546e-16
6,hab_custom,1991,aleatorio,4.652669582699458e-13,4.965068306494546e-16
6,hab_custom,1992,aleatorio,4.284080064381688e-15,4.965068306494546e-16
6,hab_custom,1993,aleatorio,0.6629567645346135,4.965068306494546e-16
6,hab_custom,1994,aleatorio,7.720124422382916e-14,4.965068306494546e-16
6,hab_custom,1995,aleatorio,0.3582333245800043,4.965068306494546e-16
6,hab_custom,1996,aleatorio,0.1597613323502099,4.965068306494546e-16
6,hab_custom,1997,aleatorio,3.947631484933808e-13,4.965068306494546e-16
6,hab_custom,1998,aleatorio,4.583148058920835,4.965068306494546e-16
6,hab_custom,1999,aleatorio,2.714820866032154,4.965068306494546e-16
6,hab_custom,2000,aleatorio,1.5256335679964412,4.965068306494546e-16
6,hab_custom,2001,aleatorio,0.37897945327814064,4.965068306494546e-16
6,hab_custom,2002,aleatorio,1.4095237952896207,4.965068306494546e-16
6,hab_custom,2003,aleatorio,8.527784864785346e-16,4.965068306494546e-16
6,hab_custom,2004,aleatorio,5.390015586720745e-15,4.965068306494546e-16
6,hab_custom,2005,aleatorio,1.7784199051458291,4.965068306494546e-16
6,hab_custom,2006,aleatorio,3.8346860261904543,4.965068306494546e-16
6,hab_custom,2007,aleatorio,1.9152235319508706,4.965068306494546e-16
6,hab_custom,2008,aleatorio,1.1639937221874956,4.965068306494546e-16
6,hab_custom,2009,aleatorio,3.603490465923785e-14,4.965068306494546e-16
6,hab_custom,2010,aleatorio,0.2276964104541066,4.965068306494546e-16
6,hab_custom,2011,aleatorio,1.2098115276261932,4.965068306494546e-16
6,hab_custom,2012,aleatorio,1.551529867711017,4.965068306494546e-16
6,hab_custom,2013,aleatorio,0.2821467240260047,4.965068306494546e-16
6,hab_custom,2014,aleatorio,1.4908057107157235,4.965068306494546e-16
6,hab_custom,2015,aleatorio,0.6910836463105711,4.965068306494546e-16
6,hab_custom,2016,aleatorio,0.927604135997542,4.965068306494546e-16
6,hab_custom,2017,aleatorio,0.12452987812295818,4.965068306494546e-16
6,hab_custom,2018,aleatorio,0.8520241796331198,4.965068306494546e-16
6,hab_custom,2019,aleatorio,0.4754160474799149,4.965068306494546e-16
6,hab_custom,2020,aleatorio,1.2190783687520392e-12,4.965068306494546e-16
6,hab_custom,2021,aleatorio,1.9424961422917504,4.965068306494546e-16
6,hab_custom,2022,aleatorio,0.4910616169627458,4.965068306494546e-16
6,hab_custom,2023,aleatorio,1.965097448110271,4.965068306494546e-16
6,hab_custom,2024,aleatorio,0.9940200775310867,4.965068306494546e-16
6,hab_custom,2025,aleatorio,0.2927782741774528,4.965068306494546e-16
6,hab_custom,2026,aleatorio,0.4568945434292147,4.965068306494546e-16
6,hab_custom,2027,aleatorio,0.5406698046441488,4.965068306494546e-16
6,hab_custom,2028,aleatorio,1.3963320358415312,4.965068306494546e-16
6,hab_custom,2029,aleatorio,2.1117936181991372e-13,4.965068306494546e-16
6,hab_custom,2030,aleatorio,0.5012031494800724,4.965068306494546e-16
6,hab_custom,2031,aleatorio,1.4912317501234327,4.965068306494546e-16
6,hab_custom,2032,aleatorio,0.1493954036249973,4.965068306494546e-16
6,hab_custom,2033,aleatorio,5.081380202886006e-13,4.965068306494546e-16
6,hab_custom,2034,aleatorio,5.263393950405446e-14,4.965068306494546e-16
6,hab_custom,2035,aleatorio,0.6873661612227817,4.965068306494546e-16
6,hab_custom,2036,aleatorio,8.09169049910734e-15,4.965068306494546e-16
6,hab_custom,2037,aleatorio,7.683757253291617e-12,4.965068306494546e-16
6,hab_custom,2038,aleatorio,0.4961550136928162,4.965068306494546e-16
6,hab_custom,2039,aleatorio,8.848421184789603e-11,4.965068306494546e-16
6,hab_custom,2040,aleatorio,0.009402078243871966,4.965068306494546e-16
6,hab_custom,2041,aleatorio,3.6105765142566524,4.965068306494546e-16
6,hab_custom,2042,aleatorio,1.8805694417334815,4.965068306494546e-16
6,hab_custom,2043,aleatorio,0.3782041113480459,4.965068306494546e-16
6,hab_custom,2044,aleatorio,9.930136612989092e-16,4.965068306494546e-16
6,hab_custom,2045,aleatorio,2.740384881484926e-14,4.965068306494546e-16
6,hab_custom,2046,aleatorio,1.695599173017354,4.965068306494546e-16
6,hab_custom,2047,aleatorio,1.9860273225978185e-15,4.965068306494546e-16
6,hab_custom,2048,aleatorio,0.09612512925646928,4.965068306494546e-16
6,hab_custom,2049,aleatorio,0.45847649757248315,4.965068306494546e-16
6,hab_custom,2050,aleatorio,2.24338761637046,4.965068306494546e-16
6,hab_custom,2051,aleatorio,0.13731055858023725,4.965068306494546e-16
6,hab_custom,2052,aleatorio,2.234548311614629,4.965068306494546e-16
6,hab_custom,2053,aleatorio,0.5493795871511185,4.965068306494546e-16
6,hab_custom,2054,aleatorio,1.9876161012591347,4.965068306494546e-16
6,hab_custom,2055,aleatorio,2.5381987956625496e-11,4.965068306494546e-16
6,hab_custom,2056,aleatorio,1.1162366001600611e-11,4.965068306494546e-16
6,hab_custom,2057,aleatorio,5.61250324522543,4.965068306494546e-16
6,hab_custom,2058,aleatorio,0.6324811749925202,4.965068306494546e-16
6,hab_custom,2059,aleatorio,0.3275309801602282,4.965068306494546e-16
6,hab_custom,2060,aleatorio,0.3901054833740386,4.965068306494546e-16
6,hab_custom,2061,aleatorio,1.0242521801037376,4.965068306494546e-16
6,hab_custom,2062,aleatorio,0.2642786963709733,4.965068306494546e-16
6,hab_custom,2063,aleatorio,6.0926814531709175,4.965068306494546e-16
6,hab_custom,2064,aleatorio,2.44956988016323,4.965068306494546e-16
6,hab_custom,2065,aleatorio,1.0586255387823828e-11,4.965068306494546e-16
6,hab_custom,2066,aleatorio,0.4468260324438518,4.965068306494546e-16
6,hab_custom,2067,aleatorio,1.7682636118598435e-13,4.965068306494546e-16
6,hab_custom,2068,aleatorio,1.8414229692322464,4.965068306494546e-16
6,hab_custom,2069,aleatorio,1.6645942237040246e-14,4.965068306494546e-16
6,hab_custom,2070,aleatorio,2.501438968619939,4.965068306494546e-16
6,hab_custom,2071,aleatorio,2.050158411106494e-15,4.965068306494546e-16
6,hab_custom,2072,aleatorio,0.07685716298448324,4.965068306494546e-16
6,hab_custom,2073,aleatorio,1.2959284959267193e-11,4.965068306494546e-16
6,hab_custom,2074,aleatorio,1.8673872066677e-14,4.965068306494546e-16
6,hab_custom,2075,aleatorio,0.9108814612996301,4.965068306494546e-16
6,hab_custom,2076,aleatorio,1.0750620181041513,4.965068306494546e-16
6,hab_custom,2077,aleatorio,1.2689310192127057,4.965068306494546e-16
6,hab_custom,2078,aleatorio,0.7524814233606144,4.965068306494546e-16
6,hab_custom,2079,aleatorio,0.3988871369695599,4.965068306494546e-16
6,hab_custom,2080,aleatorio,1.6757422839269518,4.965068306494546e-16
6,hab_custom,2081,aleatorio,2.352943870698811,4.965068306494546e-16
6,hab_custom,2082,aleatorio,1.9626590958351015e-12,4.965068306494546e-16
6,hab_custom,2083,aleatorio,1.3356141641405792,4.965068306494546e-16
6,hab_custom,2084,aleatorio,2.4088951381175137,4.965068306494546e-16
6,hab_custom,2085,aleatorio,3.5272309673065997e-13,4.965068306494546e-16
6,hab_custom,2086,aleatorio,1.9776024684801685e-11,4.965068306494546e-16
6,hab_custom,2087,aleatorio,1.2711318921375259,4.965068306494546e-16
6,hab_custom,2088,aleatorio,7.0610533492034146e-15,4.965068306494546e-16
6,hab_custom,2089,aleatorio,6.280369834735101e-16,4.965068306494546e-16
6,hab_custom,2090,aleatorio,1.9426829685008646e-12,4.965068306494546e-16
6,hab_custom,2091,aleatorio,0.7219965507452341,4.965068306494546e-16
6,hab_custom,2092,aleatorio,1.559513649411145e-13,4.965068306494546e-16
6,hab_custom,2093,aleatorio,2.9125067577299886,4.965068306494546e-16
6,hab_custom,2094,aleatorio,8.3792938168557e-14,4.965068306494546e-16
6,hab_custom,2095,aleatorio,0.0023793111490388965,4.965068306494546e-16
6,hab_custom,2096,aleatorio,13.737602367472453,4.965068306494546e-16
6,hab_custom,2097,aleatorio,0.4687938922460772,4.965068306494546e-16
6,hab_custom,2098,aleatorio,1.4240375881521474,4.965068306494546e-16
6,hab_custom,2099,aleatorio,1.2568193081023864,4.965068306494546e-16
6,hab_custom,2100,aleatorio,0.5349686317439962,4.965068306494546e-16
6,hab_custom,2101,aleatorio,0.2649556215765782,4.965068306494546e-16
6,hab_custom,2102,aleatorio,4.268803920374579e-14,4.965068306494546e-16
6,hab_custom,2103,aleatorio,8.11602646533108e-15,4.965068306494546e-16
6,hab_custom,2104,aleatorio,1.8738553860874678,4.965068306494546e-16
6,hab_custom,2105,aleatorio,0.11656681360154553,4.965068306494546e-16
6,hab_custom,2106,aleatorio,2.5722667791457625,4.965068306494546e-16
6,hab_custom,2107,aleatorio,2.7458894991547456,4.965068306494546e-16
6,hab_custom,2108,aleatorio,1.1937658043575625,4.965068306494546e-16
6,hab_custom,2109,aleatorio,1.7656958664169455,4.965068306494546e-16
6,hab_custom,2110,aleatorio,0.5125259820993322,4.965068306494546e-16
6,hab_custom,2111,aleatorio,2.8806694418117462e-11,4.965068306494546e-16
6,hab_custom,2112,aleatorio,1.3420387677830782e-14,4.965068306494546e-16
6,hab_custom,2113,aleatorio,0.24241387261771494,4.965068306494546e-16
6,hab_custom,2114,aleatorio,1.5153207384582459,4.965068306494546e-16
6,hab_custom,2115,aleatorio,7.529898907871222e-16,4.965068306494546e-16
6,hab_custom,2116,aleatorio,1.2058110796038695,4.965068306494546e-16
6,hab_custom,2117,aleatorio,2.032684361940908e-11,4.965068306494546e-16
6,hab_custom,2118,aleatorio,0.7057365600816262,4.965068306494546e-16
6,hab_custom,2119,aleatorio,0.608150426331487,4.965068306494546e-16
6,hab_custom,2120,aleatorio,1.5433704460826725,4.965068306494546e-16
6,hab_custom,2121,aleatorio,3.5147238682636117,4.965068306494546e-16
6,hab_custom,2122,aleatorio,0.38485213962771647,4.965068306494546e-16
6,hab_custom,2123,aleatorio,0.002346272472195628,4.965068306494546e-16
6,hab_custom,2124,aleatorio,1.8846762784667783,4.965068306494546e-16
6,hab_custom,2125,aleatorio,0.8935281399327614,4.965068306494546e-16
6,hab_custom,2126,aleatorio,0.7113330062880304,4.965068306494546e-16
6,hab_custom,2127,aleatorio,1.5837793546035345e-13,4.965068306494546e-16
6,hab_custom,2128,aleatorio,1.072054156040351,4.965068306494546e-16
6,hab_custom,2129,aleatorio,0.4521432347399243,4.965068306494546e-16
6,hab_custom,2130,aleatorio,8.540985487408099e-14,4.965068306494546e-16
6,hab_custom,2131,aleatorio,5.23691153334427e-16,4.965068306494546e-16
6,hab_custom,2132,aleatorio,6.384545020988789e-14,4.965068306494546e-16
6,hab_custom,2133,aleatorio,1.4909555329232964e-13,4.965068306494546e-16
6,hab_custom,2134,aleatorio,4.513805511641668,4.965068306494546e-16
6,hab_custom,2135,aleatorio,1.1075127837214291,4.965068306494546e-16
6,hab_custom,2136,aleatorio,6.237289866329941e-15,4.965068306494546e-16
6,hab_custom,2137,aleatorio,1.0001871002134529e-14,4.965068306494546e-16
6,hab_custom,2138,aleatorio,9.528093634216738e-13,4.965068306494546e-16
6,hab_custom,2139,aleatorio,0.1548113890306984,4.965068306494546e-16
6,hab_custom,2140,aleatorio,0.7343178465099582,4.965068306494546e-16
6,hab_custom,2141,aleatorio,2.9205407954182373e-15,4.965068306494546e-16
6,hab_custom,2142,aleatorio,7.850462293418876e-16,4.965068306494546e-16
6,hab_custom,2143,aleatorio,0.12754198558652263,4.965068306494546e-16
6,hab_custom,2144,aleatorio,7.418790708647918e-15,4.965068306494546e-16
6,hab_custom,2145,aleatorio,1.7546475353857593,4.965068306494546e-16
6,hab_custom,2146,aleatorio,1.6225503137295294,4.965068306494546e-16
6,hab_custom,2147,aleatorio,0.7553626576415406,4.965068306494546e-16
6,hab_custom,2148,aleatorio,0.04437173200675094,4.965068306494546e-16
6,hab_custom,2149,aleatorio,189.0655734127447,4.965068306494546e-16
6,hab_custom,2150,aleatorio,0.3655383821050849,4.965068306494546e-16
6,hab_custom,2151,aleatorio,1.2755491433176288e-15,4.965068306494546e-16
6,hab_custom,2152,aleatorio,0.7196414840794588,4.965068306494546e-16
6,hab_custom,2153,aleatorio,6.00758863039468,4.965068306494546e-16
6,hab_custom,2154,aleatorio,2.48214723198478,4.965068306494546e-16
6,hab_custom,2155,aleatorio,0.7372523843898785,4.965068306494546e-16
6,hab_custom,2156,aleatorio,0.5754159331632474,4.965068306494546e-16
6,hab_custom,2157,aleatorio,2.02900661633277e-15,4.965068306494546e-16
6,hab_custom,2158,aleatorio,2.667341331943005,4.965068306494546e-16
6,hab_custom,2159,aleatorio,2.156921825088311,4.965068306494546e-16
6,hab_custom,2160,aleatorio,0.41824268872738624,4.965068306494546e-16
6,hab_custom,2161,aleatorio,0.6761906757930364,4.965068306494546e-16
6,hab_custom,2162,aleatorio,0.0865354883615481,4.965068306494546e-16
6,hab_custom,2163,aleatorio,1.7199294179649078,4.965068306494546e-16
6,hab_custom,2164,aleatorio,2.7301907563094297e-12,4.965068306494546e-16
6,hab_custom,2165,aleatorio,1.6850808386460413e-13,4.965068306494546e-16
6,hab_custom,2166,aleatorio,0.12912538921504202,4.965068306494546e-16
6,hab_custom,2167,aleatorio,7.207536056106655e-11,4.965068306494546e-16
6,hab_custom,2168,aleatorio,4.202664155702002,4.965068306494546e-16
6,hab_custom,2169,aleatorio,1.047382306668854e-15,4.965068306494546e-16
6,hab_custom,2170,aleatorio,1.449914630127453e-11,4.965068306494546e-16
6,hab_custom,2171,aleatorio,0.9544361194880049,4.965068306494546e-16
6,hab_custom,2172,aleatorio,8.005932084973442e-16,4.965068306494546e-16
6,hab_custom,2173,aleatorio,1.631687946612622e-15,4.965068306494546e-16
6,hab_custom,2174,aleatorio,1.9330015667854408,4.965068306494546e-16
6,hab_custom,2175,aleatorio,9.103828801926284e-15,4.965068306494546e-16
6,hab_custom,2176,aleatorio,7.123118471768671,4.965068306494546e-16
6,hab_custom,2177,aleatorio,1.5269189280747363e-12,4.965068306494546e-16
6,hab_custom,2178,aleatorio,0.6179834148923867,4.965068306494546e-16
6,hab_custom,2179,aleatorio,1.1150865680888984,4.965068306494546e-16
6,hab_custom,2180,aleatorio,0.06451760009209787,4.965068306494546e-16
6,hab_custom,2181,aleatorio,0.7327830993234066,4.965068306494546e-16
6,hab_custom,2182,aleatorio,0.17081918374568586,4.965068306494546e-16
6,hab_custom,2183,aleatorio,3.0559620433644743,4.965068306494546e-16
6,hab_custom,2184,aleatorio,1.3828162349924587e-12,4.965068306494546e-16
6,hab_custom,2185,aleatorio,3.527659193781992e-13,4.965068306494546e-16
6,hab_custom,2186,aleatorio,4.371875652770281,4.965068306494546e-16
6,hab_custom,2187,aleatorio,1.982447014053349,4.965068306494546e-16
6,hab_custom,2188,aleatorio,1.3385189788888998,4.965068306494546e-16
6,hab_custom,2189,aleatorio,2.1868857395626282e-15,4.965068306494546e-16
6,hab_custom,2190,aleatorio,1.1975014382149198e-12,4.965068306494546e-16
6,hab_custom,2191,aleatorio,1.6708161850793812,4.965068306494546e-16
6,hab_custom,2192,aleatorio,2.268009290127966e-14,4.965068306494546e-16
6,hab_custom,2193,aleatorio,0.5097493352516325,4.965068306494546e-16
6,hab_custom,2194,aleatorio,1.6557572439835142e-12,4.965068306494546e-16
6,hab_custom,2195,aleatorio,1.3244288895579903,4.965068306494546e-16
6,hab_custom,2196,aleatorio,1.6102313117068197,4.965068306494546e-16
6,hab_custom,2197,aleatorio,5.042166699902933,4.965068306494546e-16
6,hab_custom,2198,aleatorio,0.12483644187146105,4.965068306494546e-16
6,hab_custom,2199,aleatorio,0.2008761472523147,4.965068306494546e-16
6,hab_custom,2200,aleatorio,3.349636885181975e-14,4.965068306494546e-16
6,hab_custom,2201,aleatorio,0.2599366944681333,4.965068306494546e-16
6,hab_custom,2202,aleatorio,1.2000684105892088e-14,4.965068306494546e-16
6,hab_custom,2203,aleatorio,0.29556835480320903,4.965068306494546e-16
6,hab_custom,2204,aleatorio,0.07881068313804793,4.965068306494546e-16
6,hab_custom,2205,aleatorio,0.15953103997818746,4.965068306494546e-16
6,hab_custom,2206,aleatorio,2.0553223950170246e-14,4.965068306494546e-16
6,hab_custom,2207,aleatorio,0.044354183797097456,4.965068306494546e-16
6,hab_custom,2208,aleatorio,0.48170608925727765,4.965068306494546e-16
6,hab_custom,2209,aleatorio,0.6088152715927014,4.965068306494546e-16
6,hab_custom,2210,aleatorio,0.8398510811909933,4.965068306494546e-16
6,hab_custom,2211,aleatorio,0.6684811731565714,4.965068306494546e-16
6,hab_custom,2212,aleatorio,1.7564696685433544e-14,4.965068306494546e-16
6,hab_custom,2213,aleatorio,0.4742880350065308,4.965068306494546e-16
6,hab_custom,2214,aleatorio,2.3639996486752204e-13,4.965068306494546e-16
6,hab_custom,2215,aleatorio,0.5663973648592563,4.965068306494546e-16
6,hab_custom,2216,aleatorio,6.348344336085043e-12,4.965068306494546e-16
6,hab_custom,2217,aleatorio,1.4984150133419318,4.965068306494546e-16
6,hab_custom,2218,aleatorio,1.1418238803580423,4.965068306494546e-16
6,hab_custom,2219,aleatorio,37.36707599783523,4.965068306494546e-16
6,hab_custom,2220,aleatorio,1.3213053359716866e-14,4.965068306494546e-16
6,hab_custom,2221,aleatorio,0.386633206311933,4.965068306494546e-16
6,hab_custom,2222,aleatorio,8.620837858381988,4.965068306494546e-16
6,hab_custom,2223,aleatorio,2.6717395569614615,4.965068306494546e-16
6,hab_custom,2224,aleatorio,0.4187388741424692,4.965068306494546e-16
6,hab_custom,2225,aleatorio,0.281055028601254,4.965068306494546e-16
6,hab_custom,2226,aleatorio,1.007875530433307e-10,4.965068306494546e-16
6,hab_custom,2227,aleatorio,0.05394789048221467,4.965068306494546e-16
6,hab_custom,2228,aleatorio,4.165926057296536e-15,4.965068306494546e-16
6,hab_custom,2229,aleatorio,0.7189710856075612,4.965068306494546e-16
6,hab_custom,2230,aleatorio,0.7443294994029056,4.965068306494546e-16
6,hab_custom,2231,aleatorio,3.3286353107771896e-13,4.965068306494546e-16
6,hab_custom,2232,aleatorio,0.5858441717483746,4.965068306494546e-16
6,hab_custom,2233,aleatorio,3.2560952102044274,4.965068306494546e-16
6,hab_custom,2234,aleatorio,0.10535260965350907,4.965068306494546e-16
6,hab_custom,2235,aleatorio,1.577923392343183e-15,4.965068306494546e-16
6,hab_custom,2236,aleatorio,0.8072760961470662,4.965068306494546e-16
6,hab_custom,2237,aleatorio,3.2592196914166647,4.965068306494546e-16
6,hab_custom,2238,aleatorio,0.042494993723474296,4.965068306494546e-16
6,hab_custom,2239,aleatorio,1.0077947711617652,4.965068306494546e-16
6,hab_custom,2240,aleatorio,0.3765013703711066,4.965068306494546e-16
6,hab_custom,2241,aleatorio,0.6890625913184263,4.965068306494546e-16
6,hab_custom,2242,aleatorio,2.2755545817538814e-12,4.965068306494546e-16
6,hab_custom,2243,aleatorio,1.2556599838127394,4.965068306494546e-16
6,hab_custom,2244,aleatorio,1.3972436024241501,4.965068306494546e-16
6,hab_custom,2245,aleatorio,1.9133237149764433e-15,4.965068306494546e-16
6,hab_custom,2246,aleatorio,3.228057563279367,4.965068306494546e-16
6,hab_custom,2247,aleatorio,3.725513385001317,4.965068306494546e-16
6,hab_custom,2248,aleatorio,4.726903576734384,4.965068306494546e-16
6,hab_custom,2249,aleatorio,3.531978736040474e-13,4.965068306494546e-16
6,hab_custom,2250,aleatorio,0.9335701562536836,4.965068306494546e-16
6,hab_custom,2251,aleatorio,0.43922430391801554,4.965068306494546e-16
6,hab_custom,2252,aleatorio,5.404082619483685e-12,4.965068306494546e-16
6,hab_custom,2253,aleatorio,3.791700146062837e-14,4.965068306494546e-16
6,hab_custom,2254,aleatorio,1.2762819962953342e-11,4.965068306494546e-16
6,hab_custom,2255,aleatorio,0.899022215019528,4.965068306494546e-16
6,hab_custom,2256,aleatorio,0.7742608405879128,4.965068306494546e-16
6,hab_custom,2257,aleatorio,6.934661188832245e-12,4.965068306494546e-16
6,hab_custom,2258,aleatorio,1.1957467920563633e-15,4.965068306494546e-16
6,hab_custom,2259,aleatorio,8.570670551275222e-12,4.965068306494546e-16
6,hab_custom,2260,aleatorio,9.930136612989092e-16,4.965068306494546e-16
6,hab_custom,2261,aleatorio,0.7067476530125766,4.965068306494546e-16
6,hab_custom,2262,aleatorio,0.14862921756535052,4.965068306494546e-16
6,hab_custom,2263,aleatorio,2.6913837436592862,4.965068306494546e-16
6,hab_custom,2264,aleatorio,3.028952227312169,4.965068306494546e-16
6,hab_custom,2265,aleatorio,0.017238025960234046,4.965068306494546e-16
6,hab_custom,2266,aleatorio,0.46460595012441097,4.965068306494546e-16
6,hab_custom,2267,aleatorio,2.5870714631547,4.965068306494546e-16
6,hab_custom,2268,aleatorio,0.03541151791360015,4.965068306494546e-16
6,hab_custom,2269,aleatorio,0.43542097005471775,4.965068306494546e-16
6,hab_custom,2270,aleatorio,1.9647254047767104,4.965068306494546e-16
6,hab_custom,2271,aleatorio,2.601135631973839,4.965068306494546e-16
6,hab_custom,2272,aleatorio,1.6807117236791007,4.965068306494546e-16
6,hab_custom,2273,aleatorio,8.63153727400209e-13,4.965068306494546e-16
6,hab_custom,2274,aleatorio,1.234483554773792,4.965068306494546e-16
6,hab_custom,2275,aleatorio,1.008737007174948,4.965068306494546e-16
6,hab_custom,2276,aleatorio,4.943335926366223,4.965068306494546e-16
6,hab_custom,2277,aleatorio,10.059767271121718,4.965068306494546e-16
6,hab_custom,2278,aleatorio,0.25173450427076327,4.965068306494546e-16
6,hab_custom,2279,aleatorio,1.2405447076630138,4.965068306494546e-16
6,hab_custom,2280,aleatorio,3.4796424229569687e-11,4.965068306494546e-16
6,hab_custom,2281,aleatorio,4.227311757321044e-14,4.965068306494546e-16
6,hab_custom,2282,aleatorio,0.3399203863934736,4.965068306494546e-16
6,hab_custom,2283,aleatorio,4.3886330434179314e-12,4.965068306494546e-16
6,hab_custom,2284,aleatorio,1.3955287025942437e-15,4.965068306494546e-16
6,hab_custom,2285,aleatorio,1.3594051934626452e-11,4.965068306494546e-16
6,hab_custom,2286,aleatorio,1.825342238011137,4.965068306494546e-16
6,hab_custom,2287,aleatorio,0.6213418215882741,4.965068306494546e-16
6,hab_custom,2288,aleatorio,3.875044171474947e-14,4.965068306494546e-16
6,hab_custom,2289,aleatorio,2.092450562069381e-13,4.965068306494546e-16
6,hab_custom,2290,aleatorio,5.629076949935946,4.965068306494546e-16
6,hab_custom,2291,aleatorio,0.2736571252821753,4.965068306494546e-16
6,hab_custom,2292,aleatorio,0.32520302141074253,4.965068306494546e-16
6,hab_custom,2293,aleatorio,0.05739789882987422,4.965068306494546e-16
6,hab_custom,2294,aleatorio,0.6204863562159163,4.965068306494546e-16
6,hab_custom,2295,aleatorio,1.9624353729325725,4.965068306494546e-16
6,hab_custom,2296,aleatorio,0.00019269978342293355,4.965068306494546e-16
6,hab_custom,2297,aleatorio,3.5720897443863116e-14,4.965068306494546e-16
6,hab_custom,2298,aleatorio,1.1080440314491646,4.965068306494546e-16
6,hab_custom,2299,aleatorio,0.5447377846900624,4.965068306494546e-16
6,hab_custom,2300,aleatorio,0.8366685869883199,4.965068306494546e-16
6,hab_custom,2301,aleatorio,0.44762148845149663,4.965068306494546e-16
6,hab_custom,2302,aleatorio,1.3663544663368954e-06,4.965068306494546e-16
6,hab_custom,2303,aleatorio,1.0712618565005469e-11,4.965068306494546e-16
6,hab_custom,2304,aleatorio,6.076406505505561e-13,4.965068306494546e-16
6,hab_custom,2305,aleatorio,0.19367473405305802,4.965068306494546e-16
6,hab_custom,2306,aleatorio,0.36918743665056253,4.965068306494546e-16
6,hab_custom,2307,aleatorio,5.42532368623132e-13,4.965068306494546e-16
6,hab_custom,2308,aleatorio,9.42055475210265e-16,4.965068306494546e-16
6,hab_custom,2309,aleatorio,0.31802805123020916,4.965068306494546e-16
6,hab_custom,2310,aleatorio,0.5622948366531499,4.965068306494546e-16
6,hab_custom,2311,aleatorio,0.2292656392923194,4.965068306494546e-16
6,hab_custom,2312,aleatorio,6.071681605586116,4.965068306494546e-16
6,hab_custom,2313,aleatorio,1.0877919644084146e-15,4.965068306494546e-16
6,hab_custom,2314,aleatorio,0.5376668416052381,4.965068306494546e-16
6,hab_custom,2315,aleatorio,1.6872582570269625,4.965068306494546e-16
6,hab_custom,2316,aleatorio,1.3297371197289658,4.965068306494546e-16
6,hab_custom,2317,aleatorio,9.472710365038221e-12,4.965068306494546e-16
6,hab_custom,2318,aleatorio,1.380230304680342,4.965068306494546e-16
6,hab_custom,2319,aleatorio,1.580485047940344e-13,4.965068306494546e-16
6,hab_custom,2320,aleatorio,3.6216399044004154e-06,4.965068306494546e-16
6,hab_custom,2321,aleatorio,0.8273348409715179,4.965068306494546e-16
6,hab_custom,2322,aleatorio,3.555486084332631e-11,4.965068306494546e-16
6,hab_custom,2323,aleatorio,1.1103804923292335,4.965068306494546e-16
6,hab_custom,2324,aleatorio,1.7436490140216605,4.965068306494546e-16
6,hab_custom,2325,aleatorio,0.8879658062514307,4.965068306494546e-16
6,hab_custom,2326,aleatorio,0.014346730753869536,4.965068306494546e-16
6,hab_custom,2327,aleatorio,6.661338147750939e-16,4.965068306494546e-16
6,hab_custom,2328,aleatorio,3.8438583633356305,4.965068306494546e-16
6,hab_custom,2329,aleatorio,1.7726063038947684,4.965068306494546e-16
6,hab_custom,2330,aleatorio,0.8774122152181747,4.965068306494546e-16
6,hab_custom,2331,aleatorio,9.930136612989092e-16,4.965068306494546e-16
6,hab_custom,2332,aleatorio,9.155133597044475e-16,4.965068306494546e-16
6,hab_custom,2333,aleatorio,1.3994932740879762,4.965068306494546e-16
6,hab_custom,2334,aleatorio,3.321409569736549e-11,4.965068306494546e-16
6,hab_custom,2335,aleatorio,4.473778533373099,4.965068306494546e-16
6,hab_custom,2336,aleatorio,0.61063686536786,4.965068306494546e-16
6,hab_custom,2337,aleatorio,1.605686117224084,4.965068306494546e-16
6,hab_custom,2338,aleatorio,0.32328475385243194,4.965068306494546e-16
6,hab_custom,2339,aleatorio,1.9778927768218758e-13,4.965068306494546e-16
6,hab_custom,2340,aleatorio,0.24887789892878434,4.965068306494546e-16
6,hab_custom,2341,aleatorio,1.7701529357229846,4.965068306494546e-16
6,hab_custom,2342,aleatorio,3.052608629176561e-15,4.965068306494546e-16
6,hab_custom,2343,aleatorio,8.79296635503124e-14,4.965068306494546e-16
6,hab_custom,2344,aleatorio,5.022579512633156e-13,4.965068306494546e-16
6,hab_custom,2345,aleatorio,1.5969527575864901,4.965068306494546e-16
6,hab_custom,2346,aleatorio,0.8713072902423666,4.965068306494546e-16
6,hab_custom,2347,aleatorio,2.5920104792219805,4.965068306494546e-16
6,hab_custom,2348,aleatorio,8.881784197001252e-16,4.965068306494546e-16
6,hab_custom,2349,aleatorio,7.718884962036015e-14,4.965068306494546e-16
6,hab_custom,2350,aleatorio,0.32960596767277717,4.965068306494546e-16
6,hab_custom,2351,aleatorio,2.2554600866353458e-13,4.965068306494546e-16
6,hab_custom,2352,aleatorio,1.044739327176131,4.965068306494546e-16
6,hab_custom,2353,aleatorio,0.4566774803547342,4.965068306494546e-16
6,hab_custom,2354,aleatorio,1.0706603116298291e-15,4.965068306494546e-16
6,hab_custom,2355,aleatorio,0.8714888179857562,4.965068306494546e-16
6,hab_custom,2356,aleatorio,0.022068525015712066,4.965068306494546e-16
6,hab_custom,2357,aleatorio,1.1549955581344436e-11,4.965068306494546e-16
6,hab_custom,2358,aleatorio,0.6086152212021243,4.965068306494546e-16
6,hab_custom,2359,aleatorio,2.1977164907251177,4.965068306494546e-16
6,hab_custom,2360,aleatorio,0.07420275334919876,4.965068306494546e-16
6,hab_custom,2361,aleatorio,4.748089061184023,4.965068306494546e-16
6,hab_custom,2362,aleatorio,1.831026719408895e-15,4.965068306494546e-16
6,hab_custom,2363,aleatorio,1.4744664631596516e-14,4.965068306494546e-16
6,hab_custom,2364,aleatorio,0.050041712017676675,4.965068306494546e-16
6,hab_custom,2365,aleatorio,0.5284425488099107,4.965068306494546e-16
6,hab_custom,2366,aleatorio,4.931190262344142e-14,4.965068306494546e-16
6,hab_custom,2367,aleatorio,5.941332972694913e-13,4.965068306494546e-16
6,hab_custom,2368,aleatorio,3.1340163974106896,4.965068306494546e-16
6,hab_custom,2369,aleatorio,0.2639950893141695,4.965068306494546e-16
6,hab_custom,2370,aleatorio,9.353675612512428e-05,4.965068306494546e-16
6,hab_custom,2371,aleatorio,4.714998371662081e-14,4.965068306494546e-16
6,hab_custom,2372,aleatorio,1.7987129477136425,4.965068306494546e-16
6,hab_custom,2373,aleatorio,1.2148848111726565,4.965068306494546e-16
6,hab_custom,2374,aleatorio,0.34060277360597413,4.965068306494546e-16
6,hab_custom,2375,aleatorio,9.26370517527775e-14,4.965068306494546e-16
6,hab_custom,2376,aleatorio,1.3896407398367905,4.965068306494546e-16
6,hab_custom,2377,aleatorio,0.3938842963963296,4.965068306494546e-16
6,hab_custom,2378,aleatorio,2.2236082231520276,4.965068306494546e-16
6,hab_custom,2379,aleatorio,0.7870282889954845,4.965068306494546e-16
6,hab_custom,2380,aleatorio,0.009127887966736564,4.965068306494546e-16
6,hab_custom,2381,aleatorio,0.2533518257441296,4.965068306494546e-16
6,hab_custom,2382,aleatorio,1.7902841132093204e-14,4.965068306494546e-16
6,hab_custom,2383,aleatorio,1.0390119552158885,4.965068306494546e-16
6,hab_custom,2384,aleatorio,5.464790549965992e-11,4.965068306494546e-16
6,hab_custom,2385,aleatorio,6.687362159417535e-12,4.965068306494546e-16
6,hab_custom,2386,aleatorio,0.6393018233079674,4.965068306494546e-16
6,hab_custom,2387,aleatorio,1.3453985322972718e-11,4.965068306494546e-16
6,hab_custom,2388,aleatorio,2.4854103300902306e-12,4.965068306494546e-16
6,hab_custom,2389,aleatorio,1.4688670022996242,4.965068306494546e-16
6,hab_custom,2390,aleatorio,0.017567066973474387,4.965068306494546e-16
6,hab_custom,2391,aleatorio,1.2407407359120657,4.965068306494546e-16
6,hab_custom,2392,aleatorio,0.5445601230849281,4.965068306494546e-16
6,hab_custom,2393,aleatorio,2.2438285756524927e-13,4.965068306494546e-16
6,hab_custom,2394,aleatorio,2.7711771526903926,4.965068306494546e-16
6,hab_custom,2395,aleatorio,2.7214121543855116e-11,4.965068306494546e-16
6,hab_custom,2396,aleatorio,0.3331878641043364,4.965068306494546e-16
6,hab_custom,2397,aleatorio,1.774795914226782,4.965068306494546e-16
6,hab_custom,2398,aleatorio,1.721625321911742,4.965068306494546e-16
6,hab_custom,2399,aleatorio,0.6204333573827474,4.965068306494546e-16
6,hab_custom,2400,aleatorio,0.39230714279239987,4.965068306494546e-16
6,hab_custom,2401,aleatorio,1.437104323526277,4.965068306494546e-16
6,hab_custom,2402,aleatorio,9.930136612989092e-16,4.965068306494546e-16
6,hab_custom,2403,aleatorio,0.33673925042091346,4.965068306494546e-16
6,hab_custom,2404,aleatorio,4.705040823708615e-15,4.965068306494546e-16
6,hab_custom,2405,aleatorio,1.9336012350319194,4.965068306494546e-16
6,hab_custom,2406,aleatorio,1.793303368019534e-11,4.965068306494546e-16
6,hab_custom,2407,aleatorio,2.936451242830061,4.965068306494546e-16
6,hab_custom,2408,aleatorio,0.964991625627005,4.965068306494546e-16
6,hab_custom,2409,aleatorio,5.813641710651953e-13,4.965068306494546e-16
6,hab_custom,2410,aleatorio,1.1851858290408151e-14,4.965068306494546e-16
6,hab_custom,2411,aleatorio,8.772110922568716e-14,4.965068306494546e-16
6,hab_custom,2412,aleatorio,1.2200865493104858,4.965068306494546e-16
6,hab_custom,2413,aleatorio,3.264540635399751e-11,4.965068306494546e-16
6,hab_custom,2414,aleatorio,3.380941379968773e-13,4.965068306494546e-16
6,hab_custom,2415,aleatorio,1.6853325971280528,4.965068306494546e-16
6,hab_custom,2416,aleatorio,6.318386866013085e-05,4.965068306494546e-16
6,hab_custom,2417,aleatorio,0.8912403141430102,4.965068306494546e-16
6,hab_custom,2418,aleatorio,0.04298626542947099,4.965068306494546e-16
6,hab_custom,2419,aleatorio,0.6690251182474076,4.965068306494546e-16
6,hab_custom,2420,aleatorio,0.6282975073944875,4.965068306494546e-16
6,hab_custom,2421,aleatorio,8.135528047865293e-14,4.965068306494546e-16
6,hab_custom,2422,aleatorio,9.678699938266253e-16,4.965068306494546e-16
6,hab_custom,2423,aleatorio,2.162357308207587,4.965068306494546e-16
6,hab_custom,2424,aleatorio,0.5648084517789324,4.965068306494546e-16
6,hab_custom,2425,aleatorio,6.005475377567802e-15,4.965068306494546e-16
6,hab_custom,2426,aleatorio,1.1821303587710548,4.965068306494546e-16
6,hab_custom,2427,aleatorio,0.6916123543560296,4.965068306494546e-16
6,hab_custom,2428,aleatorio,0.4492762645502526,4.965068306494546e-16
6,hab_custom,2429,aleatorio,0.7567618488204164,4.965068306494546e-16
6,hab_custom,2430,aleatorio,3.545935546326014e-13,4.965068306494546e-16
6,hab_custom,2431,aleatorio,1.1322097734007351e-15,4.965068306494546e-16
6,hab_custom,2432,aleatorio,2.0288965019262495,4.965068306494546e-16
6,hab_custom,2433,aleatorio,1.4608294982708928e-14,4.965068306494546e-16
6,hab_custom,2434,aleatorio,1.5166449538646063,4.965068306494546e-16
6,hab_custom,2435,aleatorio,0.03166109145681739,4.965068306494546e-16
6,hab_custom,2436,aleatorio,2.486910071603008e-11,4.965068306494546e-16
6,hab_custom,2437,aleatorio,1.6050308076832566e-15,4.965068306494546e-16
6,hab_custom,2438,aleatorio,0.8074309303391065,4.965068306494546e-16
6,hab_custom,2439,aleatorio,0.7328710419880089,4.965068306494546e-16
6,hab_custom,2440,aleatorio,1.3522079362945418,4.965068306494546e-16
6,hab_custom,2441,aleatorio,0.22244086310904818,4.965068306494546e-16
6,hab_custom,2442,aleatorio,1.876122424557215,4.965068306494546e-16
6,hab_custom,2443,aleatorio,0.44550598056234175,4.965068306494546e-16
6,hab_custom,2444,aleatorio,5.309782569356933e-12,4.965068306494546e-16
6,hab_custom,2445,aleatorio,0.2577885934500953,4.965068306494546e-16
6,hab_custom,2446,aleatorio,0.39650211965511223,4.965068306494546e-16
6,hab_custom,2447,aleatorio,0.2510995781888116,4.965068306494546e-16
6,hab_custom,2448,aleatorio,2.46310495850285,4.965068306494546e-16
6,hab_custom,2449,aleatorio,0.056961755393705696,4.965068306494546e-16
6,hab_custom,2450,aleatorio,2.156218896253909,4.965068306494546e-16
6,hab_custom,2451,aleatorio,2.4652852471759075,4.965068306494546e-16
6,hab_custom,2452,aleatorio,4.88537016968288e-11,4.965068306494546e-16
6,hab_custom,2453,aleatorio,1.672278478893734e-12,4.965068306494546e-16
6,hab_custom,2454,aleatorio,1.2431619259871984,4.965068306494546e-16
6,hab_custom,2455,aleatorio,0.30809683334574967,4.965068306494546e-16
6,hab_custom,2456,aleatorio,0.016844772374893083,4.965068306494546e-16
6,hab_custom,2457,aleatorio,0.09588955387703506,4.965068306494546e-16
6,hab_custom,2458,aleatorio,1.306366988913021e-11,4.965068306494546e-16
6,hab_custom,2459,aleatorio,2.2230115191132933,4.965068306494546e-16
6,hab_custom,2460,aleatorio,4.9027158388961666e-14,4.965068306494546e-16
6,hab_custom,2461,aleatorio,1.45815664456123,4.965068306494546e-16
6,hab_custom,2462,aleatorio,0.2946188433993634,4.965068306494546e-16
6,hab_custom,2463,aleatorio,2.6645352591003757e-15,4.965068306494546e-16
6,hab_custom,2464,aleatorio,1.0019566335940742,4.965068306494546e-16
6,hab_custom,2465,aleatorio,0.548982824741626,4.965068306494546e-16
6,hab_custom,2466,aleatorio,0.04711515254299441,4.965068306494546e-16
6,hab_custom,2467,aleatorio,2.538522606695717,4.965068306494546e-16
6,hab_custom,2468,aleatorio,1.4217791915866692e-15,4.965068306494546e-16
6,hab_custom,2469,aleatorio,3.3692881824775645e-13,4.965068306494546e-16
6,hab_custom,2470,aleatorio,1.1102230246251565e-15,4.965068306494546e-16
6,hab_custom,2471,aleatorio,2.0536050118733225,4.965068306494546e-16
6,hab_custom,2472,aleatorio,2.234189604902515,4.965068306494546e-16
6,hab_custom,2473,aleatorio,0.06431415913897316,4.965068306494546e-16
6,hab_custom,2474,aleatorio,1.8860103331735592,4.965068306494546e-16
6,hab_custom,2475,aleatorio,1.284838938167952,4.965068306494546e-16
6,hab_custom,2476,aleatorio,4.5845437888600085,4.965068306494546e-16
6,hab_custom,2477,aleatorio,1.2989379696576435,4.965068306494546e-16
6,hab_custom,2478,aleatorio,1.4643339891552178,4.965068306494546e-16
6,hab_custom,2479,aleatorio,9.678699938266253e-16,4.965068306494546e-16
6,hab_custom,2480,aleatorio,1.0482230193036162,4.965068306494546e-16
6,hab_custom,2481,aleatorio,9.952380387135887e-11,4.965068306494546e-16
6,hab_custom,2482,aleatorio,0.38664820582216664,4.965068306494546e-16
6,hab_custom,2483,aleatorio,5.192966821245182,4.965068306494546e-16
6,hab_custom,2484,aleatorio,2.1178350042051015,4.965068306494546e-16
6,hab_custom,2485,aleatorio,0.564488197484005,4.965068306494546e-16
6,hab_custom,2486,aleatorio,2.3409115001519553e-13,4.965068306494546e-16
6,hab_custom,2487,aleatorio,1.027124293787601e-11,4.965068306494546e-16
6,hab_custom,2488,aleatorio,1.4339608832154727,4.965068306494546e-16
6,hab_custom,2489,aleatorio,4.070099826032643,4.965068306494546e-16
6,hab_custom,2490,aleatorio,2.395201647715659e-14,4.965068306494546e-16
6,hab_custom,2491,aleatorio,4.468684352814564,4.965068306494546e-16
6,hab_custom,2492,aleatorio,1.202403457895555,4.965068306494546e-16
6,hab_custom,2493,aleatorio,5.2125184261231525e-11,4.965068306494546e-16
6,hab_custom,2494,aleatorio,1.4143695851852274,4.965068306494546e-16
6,hab_custom,2495,aleatorio,0.8502054121423688,4.965068306494546e-16
6,hab_custom,2496,aleatorio,0.30362706914634285,4.965068306494546e-16
6,hab_custom,2497,aleatorio,1.7437469381070454,4.965068306494546e-16
6,hab_custom,2498,aleatorio,0.16202558500388783,4.965068306494546e-16
6,hab_custom,2499,aleatorio,2.2091196226528926,4.965068306494546e-16
6,hab_custom,2500,aleatorio,1.2700291461789716e-14,4.965068306494546e-16
6,hab_custom,2501,aleatorio,0.734605282193759,4.965068306494546e-16
6,hab_custom,2502,aleatorio,0.2585790112898313,4.965068306494546e-16
6,hab_custom,2503,aleatorio,1.1559378959971451,4.965068306494546e-16
6,hab_custom,2504,aleatorio,0.5211322285501454,4.965068306494546e-16
6,hab_custom,2505,aleatorio,0.08953247098421276,4.965068306494546e-16
6,hab_custom,2506,aleatorio,0.21259164778105466,4.965068306494546e-16
6,hab_custom,2507,aleatorio,4.06189770110588,4.965068306494546e-16
6,hab_custom,2508,aleatorio,2.2315206618374916e-15,4.965068306494546e-16
6,hab_custom,2509,aleatorio,0.004447140916407227,4.965068306494546e-16
6,hab_custom,2510,aleatorio,3.513658552879787e-14,4.965068306494546e-16
6,hab_custom,2511,aleatorio,0.799909578639261,4.965068306494546e-16
6,hab_custom,2512,aleatorio,1.9812165511572348e-13,4.965068306494546e-16
6,hab_custom,2513,aleatorio,1.0075946769086066,4.965068306494546e-16
6,hab_custom,2514,aleatorio,0.44891266196938534,4.965068306494546e-16
6,hab_custom,2515,aleatorio,1.683752179036174,4.965068306494546e-16
6,hab_custom,2516,aleatorio,1.432058600247123e-14,4.965068306494546e-16
6,hab_custom,2517,aleatorio,1.2720747775041867,4.965068306494546e-16
6,hab_custom,2518,aleatorio,5.404859424301949e-15,4.965068306494546e-16
6,hab_custom,2519,aleatorio,2.07511575421229,4.965068306494546e-16
6,hab_custom,2520,aleatorio,0.05897768556698174,4.965068306494546e-16
6,hab_custom,2521,aleatorio,1.9293619143415393e-15,4.965068306494546e-16
6,hab_custom,2522,aleatorio,1.48569081111593e-13,4.965068306494546e-16
6,hab_custom,2523,aleatorio,0.478575888393178,4.965068306494546e-16
6,hab_custom,2524,aleatorio,2.4853182833581297e-12,4.965068306494546e-16
6,hab_custom,2525,aleatorio,0.6388903046733323,4.965068306494546e-16
6,hab_custom,2526,aleatorio,1.1771611783464182,4.965068306494546e-16
6,hab_custom,2527,aleatorio,0.07072649091123491,4.965068306494546e-16
6,hab_custom,2528,aleatorio,1.4770556661825108e-15,4.965068306494546e-16
6,hab_custom,2529,aleatorio,2.098204551921485,4.965068306494546e-16
6,hab_custom,2530,aleatorio,0.436519204385203,4.965068306494546e-16
6,hab_custom,2531,aleatorio,9.678699938266253e-16,4.965068306494546e-16
6,hab_custom,2532,aleatorio,1.204007312438737,4.965068306494546e-16
6,hab_custom,2533,aleatorio,2.546100106737969,4.965068306494546e-16
6,hab_custom,2534,aleatorio,1.0235750533041806e-15,4.965068306494546e-16
6,hab_custom,2535,aleatorio,0.08289379326922316,4.965068306494546e-16
6,hab_custom,2536,aleatorio,2.067618534096705,4.965068306494546e-16
6,hab_custom,2537,aleatorio,1.6190279387258502,4.965068306494546e-16
6,hab_custom,2538,aleatorio,0.22361843502801135,4.965068306494546e-16
6,hab_custom,2539,aleatorio,1.3918141256587919e-14,4.965068306494546e-16
6,hab_custom,2540,aleatorio,1.3518684738210054,4.965068306494546e-16
6,hab_custom,2541,aleatorio,0.3131465422384856,4.965068306494546e-16
6,hab_custom,2542,aleatorio,0.7336655728638896,4.965068306494546e-16
6,hab_custom,2543,aleatorio,1.1758532336682848,4.965068306494546e-16
6,hab_custom,2544,aleatorio,0.5734240147819378,4.965068306494546e-16
6,hab_custom,2545,aleatorio,0.2119319091149271,4.965068306494546e-16
6,hab_custom,2546,aleatorio,4.545266888840462e-11,4.965068306494546e-16
6,hab_custom,2547,aleatorio,0.15159369385897734,4.965068306494546e-16
6,hab_custom,2548,aleatorio,1.6058720620382807,4.965068306494546e-16
6,hab_custom,2549,aleatorio,0.2560701629430724,4.965068306494546e-16
6,hab_custom,2550,aleatorio,3.124937965768029,4.965068306494546e-16
6,hab_custom,2551,aleatorio,0.22210248622194945,4.965068306494546e-16
6,hab_custom,2552,aleatorio,5.926442633184261,4.965068306494546e-16
6,hab_custom,2553,aleatorio,5.039999849407594e-14,4.965068306494546e-16
6,hab_custom,2554,aleatorio,1.2449807341489436,4.965068306494546e-16
6,hab_custom,2555,aleatorio,0.006408089314168459,4.965068306494546e-16
6,hab_custom,2556,aleatorio,1.592716033289937,4.965068306494546e-16
6,hab_custom,2557,aleatorio,2.944721524996865e-06,4.965068306494546e-16
6,hab_custom,2558,aleatorio,4.908752509495872,4.965068306494546e-16
6,hab_custom,2559,aleatorio,1.6229499620524457,4.965068306494546e-16
6,hab_custom,2560,aleatorio,2.1722386628513126e-14,4.965068306494546e-16
6,hab_custom,2561,aleatorio,5.808796871620589e-11,4.965068306494546e-16
6,hab_custom,2562,aleatorio,3.1021243154636338,4.965068306494546e-16
6,hab_custom,2563,aleatorio,9.793223124223577,4.965068306494546e-16
6,hab_custom,2564,aleatorio,0.6507109378183703,4.965068306494546e-16
6,hab_custom,2565,aleatorio,0.20932562780569838,4.965068306494546e-16
6,hab_custom,2566,aleatorio,1.1164969692814382,4.965068306494546e-16
6,hab_custom,2567,aleatorio,2.876081290295603,4.965068306494546e-16
6,hab_custom,2568,aleatorio,8.005932084973442e-16,4.965068306494546e-16
6,hab_custom,2569,aleatorio,0.45635910680511166,4.965068306494546e-16
6,hab_custom,2570,aleatorio,0.26506659027212165,4.965068306494546e-16
6,hab_custom,2571,aleatorio,0.9897827006057082,4.965068306494546e-16
6,hab_custom,2572,aleatorio,4.772983252504272e-12,4.965068306494546e-16
6,hab_custom,2573,aleatorio,0.14485933270242432,4.965068306494546e-16
6,hab_custom,2574,aleatorio,2.8731067040935248,4.965068306494546e-16
6,hab_custom,2575,aleatorio,1.0929159344401925e-12,4.965068306494546e-16
6,hab_custom,2576,aleatorio,2.7263605556574838e-14,4.965068306494546e-16
6,hab_custom,2577,aleatorio,0.3113519337301586,4.965068306494546e-16
6,hab_custom,2578,aleatorio,1.0532500405730103e-15,4.965068306494546e-16
6,hab_custom,2579,aleatorio,0.45718559593636815,4.965068306494546e-16
6,hab_custom,2580,aleatorio,0.4656393873694035,4.965068306494546e-16
6,hab_custom,2581,aleatorio,0.02423120629618225,4.965068306494546e-16
6,hab_custom,2582,aleatorio,0.7677206489345128,4.965068306494546e-16
6,hab_custom,2583,aleatorio,0.9765867634995942,4.965068306494546e-16
6,hab_custom,2584,aleatorio,6.396329304903885e-11,4.965068306494546e-16
6,hab_custom,2585,aleatorio,1.624419812722156e-14,4.965068306494546e-16
6,hab_custom,2586,aleatorio,9.155133597044475e-16,4.965068306494546e-16
6,hab_custom,2587,aleatorio,0.07975595087677763,4.965068306494546e-16
6,hab_custom,2588,aleatorio,0.31809773458144,4.965068306494546e-16
6,hab_custom,2589,aleatorio,0.10694554882359085,4.965068306494546e-16
6,hab_custom,2590,aleatorio,0.6337532272608585,4.965068306494546e-16
6,hab_custom,2591,aleatorio,0.045723831245765505,4.965068306494546e-16
6,hab_custom,2592,aleatorio,1.8873086951736981,4.965068306494546e-16
6,hab_custom,2593,aleatorio,0.12053870925403949,4.965068306494546e-16
6,hab_custom,2594,aleatorio,6.481055241729365,4.965068306494546e-16
6,hab_custom,2595,aleatorio,6.790072881244677e-11,4.965068306494546e-16
6,hab_custom,2596,aleatorio,0.9809252012505217,4.965068306494546e-16
6,hab_custom,2597,aleatorio,0.13499173868470568,4.965068306494546e-16
6,hab_custom,2598,aleatorio,0.40381508633507046,4.965068306494546e-16
6,hab_custom,2599,aleatorio,0.019305092428178353,4.965068306494546e-16
6,hab_custom,2600,aleatorio,4.694362469965407,4.965068306494546e-16
6,hab_custom,2601,aleatorio,7.167227011459523e-14,4.965068306494546e-16
6,hab_custom,2602,aleatorio,2.0067432054216034e-11,4.965068306494546e-16
6,hab_custom,2603,aleatorio,0.6379550168071835,4.965068306494546e-16
6,hab_custom,2604,aleatorio,0.34514380367810565,4.965068306494546e-16
6,hab_custom,2605,aleatorio,4.259663015339043,4.965068306494546e-16
6,hab_custom,2606,aleatorio,2.0726894568526086,4.965068306494546e-16
6,hab_custom,2607,aleatorio,0.6011940258731915,4.965068306494546e-16
6,hab_custom,2608,aleatorio,3.7861680589139115,4.965068306494546e-16
6,hab_custom,2609,aleatorio,0.3727195419415058,4.965068306494546e-16
6,hab_custom,2610,aleatorio,8.005932084973442e-16,4.965068306494546e-16
6,hab_custom,2611,aleatorio,3.41752344321967e-11,4.965068306494546e-16
6,hab_custom,2612,aleatorio,0.975013310386733,4.965068306494546e-16
6,hab_custom,2613,aleatorio,1.438425183767412,4.965068306494546e-16
6,hab_custom,2614,aleatorio,0.36838644041945817,4.965068306494546e-16
6,hab_custom,2615,aleatorio,0.41958834517983723,4.965068306494546e-16
6,hab_custom,2616,aleatorio,1.3593756460064392,4.965068306494546e-16
6,hab_custom,2617,aleatorio,0.3034614891219942,4.965068306494546e-16
6,hab_custom,2618,aleatorio,7.364294879393243e-12,4.965068306494546e-16
6,hab_custom,2619,aleatorio,0.05444804000885135,4.965068306494546e-16
6,hab_custom,2620,aleatorio,0.49885100790188236,4.965068306494546e-16
6,hab_custom,2621,aleatorio,2.5145019696445676e-14,4.965068306494546e-16
6,hab_custom,2622,aleatorio,0.8783776783563585,4.965068306494546e-16
6,hab_custom,2623,aleatorio,0.20184847661352356,4.965068306494546e-16
6,hab_custom,2624,aleatorio,0.8583919481655461,4.965068306494546e-16
6,hab_custom,2625,aleatorio,2.757490944629822e-14,4.965068306494546e-16
6,hab_custom,2626,aleatorio,6.420123230733026e-15,4.965068306494546e-16
6,hab_custom,2627,aleatorio,1.2253104305302763e-12,4.965068306494546e-16
6,hab_custom,2628,aleatorio,0.17602227497388556,4.965068306494546e-16
6,hab_custom,2629,aleatorio,0.2807781345224506,4.965068306494546e-16
6,hab_custom,2630,aleatorio,5.519766881021194e-11,4.965068306494546e-16
6,hab_custom,2631,aleatorio,2.7179601001379887,4.965068306494546e-16
6,hab_custom,2632,aleatorio,2.803416735815459,4.965068306494546e-16
6,hab_custom,2633,aleatorio,0.047901773073052316,4.965068306494546e-16
6,hab_custom,2634,aleatorio,0.5373652066216925,4.965068306494546e-16
6,hab_custom,2635,aleatorio,0.25296912505451513,4.965068306494546e-16
6,hab_custom,2636,aleatorio,4.1585818730316746e-14,4.965068306494546e-16
6,hab_custom,2637,aleatorio,0.4454434087611002,4.965068306494546e-16
6,hab_custom,2638,aleatorio,7.771561172376096e-16,4.965068306494546e-16
6,hab_custom,2639,aleatorio,0.09682208254238982,4.965068306494546e-16
6,hab_custom,2640,aleatorio,1.5720990533806534,4.965068306494546e-16
6,hab_custom,2641,aleatorio,1.4293016565755246e-14,4.965068306494546e-16
6,hab_custom,2642,aleatorio,0.22487673056175903,4.965068306494546e-16
6,hab_custom,2643,aleatorio,1.3470569795270947e-12,4.965068306494546e-16
6,hab_custom,2644,aleatorio,0.5699437021822562,4.965068306494546e-16
6,hab_custom,2645,aleatorio,0.17981166687189237,4.965068306494546e-16
6,hab_custom,2646,aleatorio,9.129453019921739,4.965068306494546e-16
6,hab_custom,2647,aleatorio,1.4147559571400075,4.965068306494546e-16
6,hab_custom,2648,aleatorio,1.5221788131678196,4.965068306494546e-16
6,hab_custom,2649,aleatorio,0.5763826867827574,4.965068306494546e-16
6,hab_custom,2650,aleatorio,8.754896441176224e-13,4.965068306494546e-16
6,hab_custom,2651,aleatorio,8.58055887795141e-15,4.965068306494546e-16
6,hab_custom,2652,aleatorio,1.3547569456832199e-11,4.965068306494546e-16
6,hab_custom,2653,aleatorio,0.7831461225501005,4.965068306494546e-16
6,hab_custom,2654,aleatorio,5.549205210962013e-14,4.965068306494546e-16
6,hab_custom,2655,aleatorio,0.22130081497059412,4.965068306494546e-16
6,hab_custom,2656,aleatorio,0.20831652227835365,4.965068306494546e-16
6,hab_custom,2657,aleatorio,2.473263891097022,4.965068306494546e-16
6,hab_custom,2658,aleatorio,0.10006584368717567,4.965068306494546e-16
6,hab_custom,2659,aleatorio,0.03697986490076524,4.965068306494546e-16
6,hab_custom,2660,aleatorio,1.0423424162485486,4.965068306494546e-16
6,hab_custom,2661,aleatorio,3.920226269431461e-13,4.965068306494546e-16
6,hab_custom,2662,aleatorio,1.9475632025748064,4.965068306494546e-16
6,hab_custom,2663,aleatorio,1.9560100690747752e-14,4.965068306494546e-16
6,hab_custom,2664,aleatorio,0.14235130661581902,4.965068306494546e-16
6,hab_custom,2665,aleatorio,0.016901993289354007,4.965068306494546e-16
6,hab_custom,2666,aleatorio,1.0090211126635896e-14,4.965068306494546e-16
6,hab_custom,2667,aleatorio,1.119172806394483,4.965068306494546e-16
6,hab_custom,2668,aleatorio,0.2059330138108867,4.965068306494546e-16
6,hab_custom,2669,aleatorio,2.1868857395626282e-15,4.965068306494546e-16
6,hab_custom,2670,aleatorio,0.5204539635546817,4.965068306494546e-16
6,hab_custom,2671,aleatorio,0.13488251606747467,4.965068306494546e-16
6,hab_custom,2672,aleatorio,3.9968028886505635e-15,4.965068306494546e-16
6,hab_custom,2673,aleatorio,3.3009303617866928e-15,4.965068306494546e-16
6,hab_custom,2674,aleatorio,1.3016710144959647,4.965068306494546e-16
6,hab_custom,2675,aleatorio,2.022922624776835e-15,4.965068306494546e-16
6,hab_custom,2676,aleatorio,4.536338962750037,4.965068306494546e-16
6,hab_custom,2677,aleatorio,5.093688838906258e-14,4.965068306494546e-16
6,hab_custom,2678,aleatorio,0.11809177052211567,4.965068306494546e-16
6,hab_custom,2679,aleatorio,9.930136612989092e-16,4.965068306494546e-16
6,hab_custom,2680,aleatorio,0.4024422104398584,4.965068306494546e-16
6,hab_custom,2681,aleatorio,3.4048869293222,4.965068306494546e-16
6,hab_custom,2682,aleatorio,0.15711342194777045,4.965068306494546e-16
6,hab_custom,2683,aleatorio,1.2399401871618692e-10,4.965068306494546e-16
6,hab_custom,2684,aleatorio,0.2230401482504657,4.965068306494546e-16
6,hab_custom,2685,aleatorio,3.4017704518881406e-13,4.965068306494546e-16
6,hab_custom,2686,aleatorio,2.4045911043788064,4.965068306494546e-16
6,hab_custom,2687,aleatorio,3.647056142460758,4.965068306494546e-16
6,hab_custom,2688,aleatorio,4.234809024909826,4.965068306494546e-16
6,hab_custom,2689,aleatorio,8.694143444242335e-11,4.965068306494546e-16
6,hab_custom,2690,aleatorio,1.3579586229358476,4.965068306494546e-16
6,hab_custom,2691,aleatorio,0.8973035370637317,4.965068306494546e-16
6,hab_custom,2692,aleatorio,1.900182665191414,4.965068306494546e-16
6,hab_custom,2693,aleatorio,0.7180712756793781,4.965068306494546e-16
6,hab_custom,2694,aleatorio,0.37095362106748064,4.965068306494546e-16
6,hab_custom,2695,aleatorio,0.1147558903555148,4.965068306494546e-16
6,hab_custom,2696,aleatorio,0.11042279604342656,4.965068306494546e-16
6,hab_custom,2697,aleatorio,1.3360529217489134,4.965068306494546e-16
6,hab_custom,2698,aleatorio,2.5263394177976135,4.965068306494546e-16
6,hab_custom,2699,aleatorio,0.2561866663782497,4.965068306494546e-16
6,hab_custom,2700,aleatorio,7.328034322737321e-12,4.965068306494546e-16
6,hab_custom,2701,aleatorio,3.0946617269996133,4.965068306494546e-16
6,hab_custom,2702,aleatorio,1.8320235596214214,4.965068306494546e-16
6,hab_custom,2703,aleatorio,0.21813796108808506,4.965068306494546e-16
6,hab_custom,2704,aleatorio,2.339806548036359e-14,4.965068306494546e-16
6,hab_custom,2705,aleatorio,2.5187380044136127e-11,4.965068306494546e-16
6,hab_custom,2706,aleatorio,1.0273318640923714,4.965068306494546e-16
6,hab_custom,2707,aleatorio,7.86693099022212e-15,4.965068306494546e-16
6,hab_custom,2708,aleatorio,3.2564943968168e-14,4.965068306494546e-16
6,hab_custom,2709,aleatorio,0.46398094070318685,4.965068306494546e-16
6,hab_custom,2710,aleatorio,3.579563928761213,4.965068306494546e-16
6,hab_custom,2711,aleatorio,1.1369958833830478,4.965068306494546e-16
6,hab_custom,2712,aleatorio,2.324942749477793e-12,4.965068306494546e-16
6,hab_custom,2713,aleatorio,2.1664850257202558e-13,4.965068306494546e-16
6,hab_custom,2714,aleatorio,1.2052330068177326,4.965068306494546e-16
6,hab_custom,2715,aleatorio,0.14135580264060416,4.965068306494546e-16
6,hab_custom,2716,aleatorio,0.6238362888594725,4.965068306494546e-16
6,hab_custom,2717,aleatorio,6.517056059885148e-13,4.965068306494546e-16
6,hab_custom,2718,aleatorio,3.0313015299575756,4.965068306494546e-16
6,hab_custom,2719,aleatorio,3.629000617519971e-12,4.965068306494546e-16
6,hab_custom,2720,aleatorio,1.20492296679316,4.965068306494546e-16
6,hab_custom,2721,aleatorio,0.5386110455879405,4.965068306494546e-16
6,hab_custom,2722,aleatorio,4.632770585756579e-15,4.965068306494546e-16
6,hab_custom,2723,aleatorio,2.128787851372525,4.965068306494546e-16
6,hab_custom,2724,aleatorio,2.3716193316436377e-14,4.965068306494546e-16
6,hab_custom,2725,aleatorio,2.094764613337708e-15,4.965068306494546e-16
6,hab_custom,2726,aleatorio,0.3855229424378254,4.965068306494546e-16
6,hab_custom,2727,aleatorio,0.08271801653854254,4.965068306494546e-16
6,hab_custom,2728,aleatorio,0.23221172682735347,4.965068306494546e-16
6,hab_custom,2729,aleatorio,2.2659079236354436,4.965068306494546e-16
6,hab_custom,2730,aleatorio,0.23713584130205362,4.965068306494546e-16
6,hab_custom,2731,aleatorio,1.6125232373315843,4.965068306494546e-16
6,hab_custom,2732,aleatorio,1.2609709600486848e-15,4.965068306494546e-16
6,hab_custom,2733,aleatorio,9.75087462813167e-14,4.965068306494546e-16
6,hab_custom,2734,aleatorio,5.664456663651999e-13,4.965068306494546e-16
6,hab_custom,2735,aleatorio,1.6025398328696344e-12,4.965068306494546e-16
6,hab_custom,2736,aleatorio,0.030272186677044063,4.965068306494546e-16
6,hab_custom,2737,aleatorio,0.4075263145147662,4.965068306494546e-16
6,hab_custom,2738,aleatorio,1.4895204919483639e-15,4.965068306494546e-16
6,hab_custom,2739,aleatorio,3.235767813425557e-13,4.965068306494546e-16
6,hab_custom,2740,aleatorio,0.00021735495603495615,4.965068306494546e-16
6,hab_custom,2741,aleatorio,4.782042323821524,4.965068306494546e-16
6,hab_custom,2742,aleatorio,0.0005494574743254765,4.965068306494546e-16
6,hab_custom,2743,aleatorio,0.19653951416095528,4.965068306494546e-16
6,hab_custom,2744,aleatorio,9.81904240544772e-15,4.965068306494546e-16
6,hab_custom,2745,aleatorio,1.1177140497361138,4.965068306494546e-16
6,hab_custom,2746,aleatorio,0.35753890454179105,4.965068306494546e-16
6,hab_custom,2747,aleatorio,9.668098502789351e-14,4.965068306494546e-16
6,hab_custom,2748,aleatorio,0.4714215697391321,4.965068306494546e-16
6,hab_custom,2749,aleatorio,8.110830788316877e-14,4.965068306494546e-16
6,hab_custom,2750,aleatorio,0.30452040270440445,4.965068306494546e-16
6,hab_custom,2751,aleatorio,3.2648863658324956e-14,4.965068306494546e-16
6,hab_custom,2752,aleatorio,3.9932410528628237,4.965068306494546e-16
6,hab_custom,2753,aleatorio,0.8324477433083101,4.965068306494546e-16
6,hab_custom,2754,aleatorio,0.4831656090757329,4.965068306494546e-16
6,hab_custom,2755,aleatorio,1.4895204919483639e-15,4.965068306494546e-16
6,hab_custom,2756,aleatorio,0.3245546128200937,4.965068306494546e-16
6,hab_custom,2757,aleatorio,6.338786084202788e-11,4.965068306494546e-16
6,hab_custom,2758,aleatorio,2.824648698193953e-13,4.965068306494546e-16
6,hab_custom,2759,aleatorio,2.546624995142811e-12,4.965068306494546e-16
6,hab_custom,2760,aleatorio,0.058152536932239166,4.965068306494546e-16
6,hab_custom,2761,aleatorio,3.691450596482672,4.965068306494546e-16
6,hab_custom,2762,aleatorio,4.601266251797267e-13,4.965068306494546e-16
6,hab_custom,2763,aleatorio,1.8785184882207437,4.965068306494546e-16
6,hab_custom,2764,aleatorio,3.884897451043271e-11,4.965068306494546e-16
6,hab_custom,2765,aleatorio,1.5924532395396314,4.965068306494546e-16
6,hab_custom,2766,aleatorio,5.744049735236353e-14,4.965068306494546e-16
6,hab_custom,2767,aleatorio,0.6950981145521063,4.965068306494546e-16
6,hab_custom,2768,aleatorio,4.7958573875037055e-11,4.965068306494546e-16
6,hab_custom,2769,aleatorio,1.6873364966138429,4.965068306494546e-16
6,hab_custom,2770,aleatorio,0.28144972132534807,4.965068306494546e-16
6,hab_custom,2771,aleatorio,1.7826062301666747,4.965068306494546e-16
6,hab_custom,2772,aleatorio,0.3415522426292724,4.965068306494546e-16
6,hab_custom,2773,aleatorio,1.5090141226889735,4.965068306494546e-16
6,hab_custom,2774,aleatorio,0.3573661156714927,4.965068306494546e-16
6,hab_custom,2775,aleatorio,0.754008015512023,4.965068306494546e-16
6,hab_custom,2776,aleatorio,1.0727302761744149,4.965068306494546e-16
6,hab_custom,2777,aleatorio,0.8862222938273518,4.965068306494546e-16
6,hab_custom,2778,aleatorio,1.0676250114825536,4.965068306494546e-16
6,hab_custom,2779,aleatorio,0.15031160117606235,4.965068306494546e-16
6,hab_custom,2780,aleatorio,0.4915657746978506,4.965068306494546e-16
6,hab_custom,2781,aleatorio,4.8189071966368644e-11,4.965068306494546e-16
6,hab_custom,2782,aleatorio,2.4580283206755107e-12,4.965068306494546e-16
6,hab_custom,2783,aleatorio,0.638116739975953,4.965068306494546e-16
6,hab_custom,2784,aleatorio,0.019022187543227424,4.965068306494546e-16
6,hab_custom,2785,aleatorio,1.6791411088633403,4.965068306494546e-16
6,hab_custom,2786,aleatorio,0.607078949644227,4.965068306494546e-16
6,hab_custom,2787,aleatorio,0.41834648758753656,4.965068306494546e-16
6,hab_custom,2788,aleatorio,1.8359590818761504,4.965068306494546e-16
6,hab_custom,2789,aleatorio,0.056170226361492936,4.965068306494546e-16
6,hab_custom,2790,aleatorio,1.096473436190417e-12,4.965068306494546e-16
6,hab_custom,2791,aleatorio,2.280354416439897,4.965068306494546e-16
6,hab_custom,2792,aleatorio,2.0404159487161116e-13,4.965068306494546e-16
6,hab_custom,2793,aleatorio,0.0014930079433803352,4.965068306494546e-16
6,hab_custom,2794,aleatorio,0.22655749502649966,4.965068306494546e-16
6,hab_custom,2795,aleatorio,2.3316581462056263,4.965068306494546e-16
6,hab_custom,2796,aleatorio,0.08717072388630728,4.965068306494546e-16
6,hab_custom,2797,aleatorio,8.3820000221454525e-16,4.965068306494546e-16
6,hab_custom,2798,aleatorio,0.9102343080015087,4.965068306494546e-16
6,hab_custom,2799,aleatorio,1.9769453569888006e-12,4.965068306494546e-16
6,hab_custom,2800,aleatorio,0.11341174931999128,4.965068306494546e-16
6,hab_custom,2801,aleatorio,3.5314522338136642,4.965068306494546e-16
6,hab_custom,2802,aleatorio,0.5977899248626378,4.965068306494546e-16
6,hab_custom,2803,aleatorio,3.643165944495968,4.965068306494546e-16
6,hab_custom,2804,aleatorio,6.545961470061469e-11,4.965068306494546e-16
6,hab_custom,2805,aleatorio,1.7214868004709194e-11,4.965068306494546e-16
6,hab_custom,2806,aleatorio,0.26135736373053653,4.965068306494546e-16
6,hab_custom,2807,aleatorio,1.661974449054381,4.965068306494546e-16
6,hab_custom,2808,aleatorio,0.009003512308050781,4.965068306494546e-16
6,hab_custom,2809,aleatorio,1.0312531734986694e-14,4.965068306494546e-16
6,hab_custom,2810,aleatorio,0.015578004200770872,4.965068306494546e-16
6,hab_custom,2811,aleatorio,6.661338147750939e-16,4.965068306494546e-16
6,hab_custom,2812,aleatorio,4.471292259556637,4.965068306494546e-16
6,hab_custom,2813,aleatorio,0.40828680683058455,4.965068306494546e-16
6,hab_custom,2814,aleatorio,1.5103051518600796,4.965068306494546e-16
6,hab_custom,2815,aleatorio,2.491435094960561,4.965068306494546e-16
6,hab_custom,2816,aleatorio,0.26148570041644603,4.965068306494546e-16
6,hab_custom,2817,aleatorio,1.1417605690070232,4.965068306494546e-16
6,hab_custom,2818,aleatorio,0.9220806178201104,4.965068306494546e-16
6,hab_custom,2819,aleatorio,1.8127613297651554e-13,4.965068306494546e-16
6,hab_custom,2820,aleatorio,1.0726345362744034,4.965068306494546e-16
6,hab_custom,2821,aleatorio,1.088859717569853e-11,4.965068306494546e-16
6,hab_custom,2822,aleatorio,0.5212810813675479,4.965068306494546e-16
6,hab_custom,2823,aleatorio,0.011068589244685269,4.965068306494546e-16
6,hab_custom,2824,aleatorio,1.6461036057032619,4.965068306494546e-16
6,hab_custom,2825,aleatorio,2.4218135416084828e-14,4.965068306494546e-16
6,hab_custom,2826,aleatorio,0.29154854704271377,4.965068306494546e-16
6,hab_custom,2827,aleatorio,0.7479255862102224,4.965068306494546e-16
6,hab_custom,2828,aleatorio,4.910179127938819,4.965068306494546e-16
6,hab_custom,2829,aleatorio,1.3102627095789066,4.965068306494546e-16
6,hab_custom,2830,aleatorio,0.524417535334685,4.965068306494546e-16
6,hab_custom,2831,aleatorio,1.5129911704895347,4.965068306494546e-16
6,hab_custom,2832,aleatorio,1.805200210833168,4.965068306494546e-16
6,hab_custom,2833,aleatorio,1.4161956692879143,4.965068306494546e-16
6,hab_custom,2834,aleatorio,0.5852150469863974,4.965068306494546e-16
6,hab_custom,2835,aleatorio,0.5515047494679733,4.965068306494546e-16
6,hab_custom,2836,aleatorio,0.8919905341891943,4.965068306494546e-16
6,hab_custom,2837,aleatorio,1.528099665489051,4.965068306494546e-16
6,hab_custom,2838,aleatorio,5.6355934917453985e-11,4.965068306494546e-16
6,hab_custom,2839,aleatorio,6.0565693336060345e-15,4.965068306494546e-16
6,hab_custom,2840,aleatorio,0.6019241315794742,4.965068306494546e-16
6,hab_custom,2841,aleatorio,4.281024364751514e-05,4.965068306494546e-16
6,hab_custom,2842,aleatorio,1.1733355675194614e-14,4.965068306494546e-16
6,hab_custom,2843,aleatorio,0.27370618939213504,4.965068306494546e-16
6,hab_custom,2844,aleatorio,4.607329242684475e-13,4.965068306494546e-16
6,hab_custom,2845,aleatorio,0.7937558255457045,4.965068306494546e-16
6,hab_custom,2846,aleatorio,1.2989099478168618,4.965068306494546e-16
6,hab_custom,2847,aleatorio,5.705687172310755e-12,4.965068306494546e-16
6,hab_custom,2848,aleatorio,8.405748026297427e-13,4.965068306494546e-16
6,hab_custom,2849,aleatorio,0.3811820365436087,4.965068306494546e-16
6,hab_custom,2850,aleatorio,1.23386120094163,4.965068306494546e-16
6,hab_custom,2851,aleatorio,1.4318539354226156,4.965068306494546e-16
6,hab_custom,2852,aleatorio,1.9561311827473664e-06,4.965068306494546e-16
6,hab_custom,2853,aleatorio,0.33567545647125596,4.965068306494546e-16
6,hab_custom,2854,aleatorio,1.3762600967881902e-11,4.965068306494546e-16
6,hab_custom,2855,aleatorio,0.2497106187327642,4.965068306494546e-16
6,hab_custom,2856,aleatorio,1.3958853492744585,4.965068306494546e-16
6,hab_custom,2857,aleatorio,1.2388525641515562,4.965068306494546e-16
6,hab_custom,2858,aleatorio,2.335373919994344e-11,4.965068306494546e-16
6,hab_custom,2859,aleatorio,0.4285459820267028,4.965068306494546e-16
6,hab_custom,2860,aleatorio,1.7235296186091125e-15,4.965068306494546e-16
6,hab_custom,2861,aleatorio,0.4802516833008193,4.965068306494546e-16
6,hab_custom,2862,aleatorio,1.38260770299986,4.965068306494546e-16
6,hab_custom,2863,aleatorio,1.897961898453677e-15,4.965068306494546e-16
6,hab_custom,2864,aleatorio,0.016715603819523535,4.965068306494546e-16
6,hab_custom,2865,aleatorio,3.0430122610517745,4.965068306494546e-16
6,hab_custom,2866,aleatorio,1.3447784622585857e-13,4.965068306494546e-16
6,hab_custom,2867,aleatorio,0.12261562641565771,4.965068306494546e-16
6,hab_custom,2868,aleatorio,1.603458449215134,4.965068306494546e-16
6,hab_custom,2869,aleatorio,0.9307809423913632,4.965068306494546e-16
6,hab_custom,2870,aleatorio,4.050102761915244,4.965068306494546e-16
6,hab_custom,2871,aleatorio,0.2904288889029528,4.965068306494546e-16
6,hab_custom,2872,aleatorio,1.104752283041128,4.965068306494546e-16
6,hab_custom,2873,aleatorio,3.187689956010206,4.965068306494546e-16
6,hab_custom,2874,aleatorio,0.14067145417880283,4.965068306494546e-16
6,hab_custom,2875,aleatorio,1.930637020788183,4.965068306494546e-16
6,hab_custom,2876,aleatorio,0.7727087850125243,4.965068306494546e-16
6,hab_custom,2877,aleatorio,0.006006812867490715,4.965068306494546e-16
6,hab_custom,2878,aleatorio,4.822974409015598,4.965068306494546e-16
6,hab_custom,2879,aleatorio,3.7206989167497486,4.965068306494546e-16
6,hab_custom,2880,aleatorio,2.6413043426588164e-15,4.965068306494546e-16
6,hab_custom,2881,aleatorio,9.235297322020688e-13,4.965068306494546e-16
6,hab_custom,2882,aleatorio,2.921097839671966e-13,4.965068306494546e-16
6,hab_custom,2883,aleatorio,0.3375714781418806,4.965068306494546e-16
6,hab_custom,2884,aleatorio,1.1602006435580026e-12,4.965068306494546e-16
6,hab_custom,2885,aleatorio,1.1039774290317779,4.965068306494546e-16
6,hab_custom,2886,aleatorio,2.593576098022134,4.965068306494546e-16
6,hab_custom,2887,aleatorio,1.6348885093992387,4.965068306494546e-16
6,hab_custom,2888,aleatorio,3.1180587329062175,4.965068306494546e-16
6,hab_custom,2889,aleatorio,2.137458352676441,4.965068306494546e-16
6,hab_custom,2890,aleatorio,0.1876968864981468,4.965068306494546e-16
6,hab_custom,2891,aleatorio,2.9425166627162263,4.965068306494546e-16
6,hab_custom,2892,aleatorio,0.19542874657603856,4.965068306494546e-16
6,hab_custom,2893,aleatorio,1.3322676295501878e-15,4.965068306494546e-16
6,hab_custom,2894,aleatorio,5.087681048627601e-16,4.965068306494546e-16
6,hab_custom,2895,aleatorio,0.23630821340570388,4.965068306494546e-16
6,hab_custom,2896,aleatorio,7.046103701171775e-14,4.965068306494546e-16
6,hab_custom,2897,aleatorio,4.326576646306456,4.965068306494546e-16
6,hab_custom,2898,aleatorio,4.525923801172183,4.965068306494546e-16
6,hab_custom,2899,aleatorio,1.0358963335223916,4.965068306494546e-16
6,hab_custom,2900,aleatorio,0.005257238757481276,4.965068306494546e-16
6,hab_custom,2901,aleatorio,0.259552512185373,4.965068306494546e-16
6,hab_custom,2902,aleatorio,0.21665332319553907,4.965068306494546e-16
6,hab_custom,2903,aleatorio,0.007106414081717719,4.965068306494546e-16
6,hab_custom,2904,aleatorio,0.8961490516371053,4.965068306494546e-16
6,hab_custom,2905,aleatorio,3.712386699193799e-12,4.965068306494546e-16
6,hab_custom,2906,aleatorio,2.3521398525358097,4.965068306494546e-16
6,hab_custom,2907,aleatorio,2.710399819191012e-15,4.965068306494546e-16
6,hab_custom,2908,aleatorio,3.767423956817166,4.965068306494546e-16
6,hab_custom,2909,aleatorio,4.380473952560247e-11,4.965068306494546e-16
6,hab_custom,2910,aleatorio,5.1390255878524465e-14,4.965068306494546e-16
6,hab_custom,2911,aleatorio,8.688869536365456e-16,4.965068306494546e-16
6,hab_custom,2912,aleatorio,1.386562929168051,4.965068306494546e-16
6,hab_custom,2913,aleatorio,3.1164978765459006,4.965068306494546e-16
6,hab_custom,2914,aleatorio,1.2523886564118045e-15,4.965068306494546e-16
6,hab_custom,2915,aleatorio,3.8557948144957965e-13,4.965068306494546e-16
6,hab_custom,2916,aleatorio,0.34354168590314016,4.965068306494546e-16
6,hab_custom,2917,aleatorio,0.814033402120099,4.965068306494546e-16
6,hab_custom,2918,aleatorio,3.1801133675299016,4.965068306494546e-16
6,hab_custom,2919,aleatorio,1.0688167281499563e-14,4.965068306494546e-16
6,hab_custom,2920,aleatorio,0.9702030937618322,4.965068306494546e-16
6,hab_custom,2921,aleatorio,0.042454445244511904,4.965068306494546e-16
6,hab_custom,2922,aleatorio,2.0846714887454914,4.965068306494546e-16
6,hab_custom,2923,aleatorio,0.9965253884823504,4.965068306494546e-16
6,hab_custom,2924,aleatorio,0.4283564108574387,4.965068306494546e-16
6,hab_custom,2925,aleatorio,1.7003011072871348e-11,4.965068306494546e-16
6,hab_custom,2926,aleatorio,0.9236006619182047,4.965068306494546e-16
6,hab_custom,2927,aleatorio,2.5950498416682068e-14,4.965068306494546e-16
6,hab_custom,2928,aleatorio,5.368571692847122,4.965068306494546e-16
6,hab_custom,2929,aleatorio,0.016628701618744007,4.965068306494546e-16
6,hab_custom,2930,aleatorio,1.0800011590406937,4.965068306494546e-16
6,hab_custom,2931,aleatorio,5.81900327014309e-12,4.965068306494546e-16
6,hab_custom,2932,aleatorio,1.0418819887179915,4.965068306494546e-16
6,hab_custom,2933,aleatorio,2.3205137923660906e-13,4.965068306494546e-16
6,hab_custom,2934,aleatorio,0.2227142669288802,4.965068306494546e-16
6,hab_custom,2935,aleatorio,0.9513642933553398,4.965068306494546e-16
6,hab_custom,2936,aleatorio,0.7954608082369351,4.965068306494546e-16
6,hab_custom,2937,aleatorio,2.0045598609095038e-15,4.965068306494546e-16
6,hab_custom,2938,aleatorio,0.2102992730287578,4.965068306494546e-16
6,hab_custom,2939,aleatorio,8.72496861620875e-15,4.965068306494546e-16
6,hab_custom,2940,aleatorio,0.7396227119986645,4.965068306494546e-16
6,hab_custom,2941,aleatorio,0.9832624983613409,4.965068306494546e-16
6,hab_custom,2942,aleatorio,1.8744524985079405,4.965068306494546e-16
6,hab_custom,2943,aleatorio,0.4137681355852098,4.965068306494546e-16
6,hab_custom,2944,aleatorio,1.0175362097255202e-15,4.965068306494546e-16
6,hab_custom,2945,aleatorio,1.3415620076806243e-13,4.965068306494546e-16
6,hab_custom,2946,aleatorio,0.33756693104331803,4.965068306494546e-16
6,hab_custom,2947,aleatorio,0.6332320049299925,4.965068306494546e-16
6,hab_custom,2948,aleatorio,1.6891097371400114,4.965068306494546e-16
6,hab_custom,2949,aleatorio,4.366523509803827,4.965068306494546e-16
6,hab_custom,2950,aleatorio,0.42488615587982614,4.965068306494546e-16
6,hab_custom,2951,aleatorio,1.8776014487987642,4.965068306494546e-16
6,hab_custom,2952,aleatorio,4.792695958681104e-11,4.965068306494546e-16
6,hab_custom,2953,aleatorio,0.19306940687474958,4.965068306494546e-16
6,hab_custom,2954,aleatorio,0.8966593398255988,4.965068306494546e-16
6,hab_custom,2955,aleatorio,1.0210677532854855,4.965068306494546e-16
6,hab_custom,2956,aleatorio,0.4840746806685099,4.965068306494546e-16
6,hab_custom,2957,aleatorio,5.936481572607865e-11,4.965068306494546e-16
6,hab_custom,2958,aleatorio,1.2961472242009886e-13,4.965068306494546e-16
6,hab_custom,2959,aleatorio,1.2755491433176288e-15,4.965068306494546e-16
6,hab_custom,2960,aleatorio,0.6263191176690138,4.965068306494546e-16
6,hab_custom,2961,aleatorio,0.36571779969501295,4.965068306494546e-16
6,hab_custom,2962,aleatorio,0.24229161980996947,4.965068306494546e-16
6,hab_custom,2963,aleatorio,0.1831522614967344,4.965068306494546e-16
6,hab_custom,2964,aleatorio,1.8100381065038424e-14,4.965068306494546e-16
6,hab_custom,2965,aleatorio,3.566377776863141,4.965068306494546e-16
6,hab_custom,2966,aleatorio,1.463782823909112,4.965068306494546e-16
6,hab_custom,2967,aleatorio,2.766843394940772,4.965068306494546e-16
6,hab_custom,2968,aleatorio,0.3776137916113989,4.965068306494546e-16
6,hab_custom,2969,aleatorio,1.4057650776958278e-13,4.965068306494546e-16
6,hab_custom,2970,aleatorio,0.5622357740399112,4.965068306494546e-16
6,hab_custom,2971,aleatorio,0.42333685579518565,4.965068306494546e-16
6,hab_custom,2972,aleatorio,4.645215590785041e-13,4.965068306494546e-16
6,hab_custom,2973,aleatorio,4.310781186991709,4.965068306494546e-16
6,hab_custom,2974,aleatorio,8.881272014147595e-12,4.965068306494546e-16
6,hab_custom,2975,aleatorio,0.034816975997556655,4.965068306494546e-16
6,hab_custom,2976,aleatorio,0.9955143517085365,4.965068306494546e-16
6,hab_custom,2977,aleatorio,1.7763568394002505e-15,4.965068306494546e-16
6,hab_custom,2978,aleatorio,0.4309966298122749,4.965068306494546e-16
6,hab_custom,2979,aleatorio,8.881784197001252e-16,4.965068306494546e-16
6,hab_custom,2980,aleatorio,0.21454563342657404,4.965068306494546e-16
6,hab_custom,2981,aleatorio,2.084863161612024e-14,4.965068306494546e-16
6,hab_custom,2982,aleatorio,3.8778423131653425e-15,4.965068306494546e-16
6,hab_custom,2983,aleatorio,0.04640649998110884,4.965068306494546e-16
6,hab_custom,2984,aleatorio,0.367411400687621,4.965068306494546e-16
6,hab_custom,2985,aleatorio,0.2724632476026065,4.965068306494546e-16
6,hab_custom,2986,aleatorio,0.3183513987467888,4.965068306494546e-16
6,hab_custom,2987,aleatorio,0.29955910428137744,4.965068306494546e-16
6,hab_custom,2988,aleatorio,0.7539956919400951,4.965068306494546e-16
6,hab_custom,2989,aleatorio,2.060746911274667,4.965068306494546e-16
6,hab_custom,2990,aleatorio,4.823006273649029,4.965068306494546e-16
6,hab_custom,2991,aleatorio,1.3727262651010246,4.965068306494546e-16
6,hab_custom,2992,aleatorio,1.1707685981596423,4.965068306494546e-16
6,hab_custom,2993,aleatorio,0.4640857035936636,4.965068306494546e-16
6,hab_custom,2994,aleatorio,0.027998620715568058,4.965068306494546e-16
6,hab_custom,2995,aleatorio,3.8362663550360255e-12,4.965068306494546e-16
6,hab_custom,2996,aleatorio,0.7435249978749809,4.965068306494546e-16
6,hab_custom,2997,aleatorio,1.3460280948639485e-14,4.965068306494546e-16
6,hab_custom,2998,aleatorio,0.6099852983081018,4.965068306494546e-16
6,hab_custom,2999,aleatorio,2.137081288499516,4.965068306494546e-16
6,hab_custom,3000,aleatorio,0.8532638588146977,4.965068306494546e-16
6,hab_custom,3001,aleatorio,2.4466000135831343,4.965068306494546e-16
6,hab_custom,3002,aleatorio,7.763293543326339e-14,4.965068306494546e-16
6,hab_custom,3003,aleatorio,7.733324734890092e-12,4.965068306494546e-16
6,hab_custom,3004,aleatorio,9.314473436232058e-14,4.965068306494546e-16
6,hab_custom,3005,aleatorio,10.955432508647348,4.965068306494546e-16
6,hab_custom,3006,aleatorio,2.181018687859925,4.965068306494546e-16
6,hab_custom,3007,aleatorio,1.2369651102958485,4.965068306494546e-16
6,hab_custom,3008,aleatorio,0.35634811656710863,4.965068306494546e-16
6,hab_custom,3009,aleatorio,0.11316394727869131,4.965068306494546e-16
6,hab_custom,3010,aleatorio,1.7103407153072883,4.965068306494546e-16
6,hab_custom,3011,aleatorio,0.0638104035748052,4.965068306494546e-16
6,hab_custom,3012,aleatorio,0.7223583865874761,4.965068306494546e-16
6,hab_custom,3013,aleatorio,1.3700569643108613,4.965068306494546e-16
6,hab_custom,3014,aleatorio,1.1246240335891975,4.965068306494546e-16
6,hab_custom,3015,aleatorio,1.1525839652938368,4.965068306494546e-16
6,hab_custom,3016,aleatorio,7.226925666213134,4.965068306494546e-16
6,hab_custom,3017,aleatorio,0.7868183328509543,4.965068306494546e-16
6,hab_custom,3018,aleatorio,0.7448585122533983,4.965068306494546e-16
6,hab_custom,3019,aleatorio,0.1423794915606429,4.965068306494546e-16
6,hab_custom,3020,aleatorio,0.7669159403027905,4.965068306494546e-16
6,hab_custom,3021,aleatorio,3.8580030134262855,4.965068306494546e-16
6,hab_custom,3022,aleatorio,0.7987271601687965,4.965068306494546e-16
6,hab_custom,3023,aleatorio,1.4124287064097847,4.965068306494546e-16
6,hab_custom,3024,aleatorio,0.42700370511437014,4.965068306494546e-16
6,hab_custom,3025,aleatorio,1.312076949421481,4.965068306494546e-16
6,hab_custom,3026,aleatorio,5.609000110167758e-14,4.965068306494546e-16
6,hab_custom,3027,aleatorio,0.6654382847671757,4.965068306494546e-16
6,hab_custom,3028,aleatorio,2.5312300924137334,4.965068306494546e-16
6,hab_custom,3029,aleatorio,0.5528246698140046,4.965068306494546e-16
6,hab_custom,3030,aleatorio,1.790180836524724e-15,4.965068306494546e-16
6,hab_custom,3031,aleatorio,6.280369834735101e-16,4.965068306494546e-16
6,hab_custom,3032,aleatorio,1.6561753258379692,4.965068306494546e-16
6,hab_custom,3033,aleatorio,3.1032217110320846e-13,4.965068306494546e-16
6,hab_custom,3034,aleatorio,2.194341133406379e-14,4.965068306494546e-16
6,hab_custom,3035,aleatorio,8.868285084108852e-12,4.965068306494546e-16
6,hab_custom,3036,aleatorio,0.11690998515627558,4.965068306494546e-16
6,hab_custom,3037,aleatorio,0.31944143292266214,4.965068306494546e-16
6,hab_custom,3038,aleatorio,0.30050080951431696,4.965068306494546e-16
6,hab_custom,3039,aleatorio,0.7093863985631096,4.965068306494546e-16
6,hab_custom,3040,aleatorio,0.6038211511249977,4.965068306494546e-16
6,hab_custom,3041,aleatorio,1.1870518997300559,4.965068306494546e-16
6,hab_custom,3042,aleatorio,3.4452708795169374e-15,4.965068306494546e-16
6,hab_custom,3043,aleatorio,4.930619463032334e-12,4.965068306494546e-16
6,hab_custom,3044,aleatorio,0.16480134793050827,4.965068306494546e-16
6,hab_custom,3045,aleatorio,8.005932084973442e-16,4.965068306494546e-16
6,hab_custom,3046,aleatorio,1.7808819121007148e-11,4.965068306494546e-16
6,hab_custom,3047,aleatorio,1.0268450424568327,4.965068306494546e-16
6,hab_custom,3048,aleatorio,0.2042282227483782,4.965068306494546e-16
6,hab_custom,3049,aleatorio,2.919336324429112e-11,4.965068306494546e-16
6,hab_custom,3050,aleatorio,5.125151205348693e-13,4.965068306494546e-16
6,hab_custom,3051,aleatorio,0.07494044048233053,4.965068306494546e-16
6,hab_custom,3052,aleatorio,4.847218564054221e-11,4.965068306494546e-16
6,hab_custom,3053,aleatorio,1.1957467920563633e-15,4.965068306494546e-16
6,hab_custom,3054,aleatorio,4.509690574769674e-11,4.965068306494546e-16
6,hab_custom,3055,aleatorio,0.6731104695984261,4.965068306494546e-16
6,hab_custom,3056,aleatorio,3.429605253985087e-13,4.965068306494546e-16
6,hab_custom,3057,aleatorio,4.833421149571654,4.965068306494546e-16
6,hab_custom,3058,aleatorio,0.43422142675043107,4.965068306494546e-16
6,hab_custom,3059,aleatorio,0.49828208865519746,4.965068306494546e-16
6,hab_custom,3060,aleatorio,1.5913904963764,4.965068306494546e-16
6,hab_custom,3061,aleatorio,0.8601146578365468,4.965068306494546e-16
6,hab_custom,3062,aleatorio,0.2205572992125246,4.965068306494546e-16
6,hab_custom,3063,aleatorio,0.00010674043558567588,4.965068306494546e-16
6,hab_custom,3064,aleatorio,2.8848300211010125,4.965068306494546e-16
6,hab_custom,3065,aleatorio,4.367510701338902e-14,4.965068306494546e-16
6,hab_custom,3066,aleatorio,0.7146173506704125,4.965068306494546e-16
6,hab_custom,3067,aleatorio,7.083829665428065e-13,4.965068306494546e-16
6,hab_custom,3068,aleatorio,0.025165716989860983,4.965068306494546e-16
6,hab_custom,3069,aleatorio,0.1363406326834169,4.965068306494546e-16
6,hab_custom,3070,aleatorio,0.4678166811440201,4.965068306494546e-16
6,hab_custom,3071,aleatorio,1.2355236034642794e-13,4.965068306494546e-16
6,hab_custom,3072,aleatorio,3.0576330491678383,4.965068306494546e-16
6,hab_custom,3073,aleatorio,1.3974704928862603e-14,4.965068306494546e-16
6,hab_custom,3074,aleatorio,3.628000926494571e-14,4.965068306494546e-16
6,hab_custom,3075,aleatorio,1.3043312314420252,4.965068306494546e-16
6,hab_custom,3076,aleatorio,0.0293771211145058,4.965068306494546e-16
6,hab_custom,3077,aleatorio,2.680749706030749,4.965068306494546e-16
6,hab_custom,3078,aleatorio,2.39468801167744e-13,4.965068306494546e-16
6,hab_custom,3079,aleatorio,1.5596141389962372,4.965068306494546e-16
6,hab_custom,3080,aleatorio,0.3431560027708536,4.965068306494546e-16
6,hab_custom,3081,aleatorio,1.2670161808694924,4.965068306494546e-16
6,hab_custom,3082,aleatorio,1.567512791775219,4.965068306494546e-16
6,hab_custom,3083,aleatorio,1.5494140034306023,4.965068306494546e-16
6,hab_custom,3084,aleatorio,7.125724210041197e-13,4.965068306494546e-16
6,hab_custom,3085,aleatorio,0.8485449309210833,4.965068306494546e-16
6,hab_custom,3086,aleatorio,1.3468266693084303,4.965068306494546e-16
6,hab_custom,3087,aleatorio,0.22793281378869487,4.965068306494546e-16
6,hab_custom,3088,aleatorio,0.40045617289132945,4.965068306494546e-16
6,hab_custom,3089,aleatorio,0.6519488583874631,4.965068306494546e-16
6,hab_custom,3090,aleatorio,6.7612492953596774,4.965068306494546e-16
6,hab_custom,3091,aleatorio,8.881784197001252e-16,4.965068306494546e-16
6,hab_custom,3092,aleatorio,2.786579037625624,4.965068306494546e-16
6,hab_custom,3093,aleatorio,0.26654705614030727,4.965068306494546e-16
6,hab_custom,3094,aleatorio,7.564155685483298e-14,4.965068306494546e-16
6,hab_custom,3095,aleatorio,8.964541306683606e-13,4.965068306494546e-16
6,hab_custom,3096,aleatorio,0.057827978231497136,4.965068306494546e-16
6,hab_custom,3097,aleatorio,0.5376357585604379,4.965068306494546e-16
6,hab_custom,3098,aleatorio,1.4043333874306805e-15,4.965068306494546e-16
6,hab_custom,3099,aleatorio,0.5211760763119639,4.965068306494546e-16
6,hab_custom,3100,aleatorio,0.0063982233995347,4.965068306494546e-16
6,hab_custom,3101,aleatorio,4.340675436114167e-13,4.965068306494546e-16
6,hab_custom,3102,aleatorio,0.09000595578872508,4.965068306494546e-16
6,hab_custom,3103,aleatorio,0.7882901254399973,4.965068306494546e-16
6,hab_custom,3104,aleatorio,0.9577515957251228,4.965068306494546e-16
6,hab_custom,3105,aleatorio,6.661338147750939e-16,4.965068306494546e-16
6,hab_custom,3106,aleatorio,2.348790317377989,4.965068306494546e-16
6,hab_custom,3107,aleatorio,0.5352185441053201,4.965068306494546e-16
6,hab_custom,3108,aleatorio,0.7165911760963509,4.965068306494546e-16
6,hab_custom,3109,aleatorio,3.7272254984341084,4.965068306494546e-16
6,hab_custom,3110,aleatorio,0.454519805352766,4.965068306494546e-16
6,hab_custom,3111,aleatorio,2.1066533468567917e-12,4.965068306494546e-16
6,hab_custom,3112,aleatorio,5.447519448356029e-14,4.965068306494546e-16
6,hab_custom,3113,aleatorio,2.198129442157285e-15,4.965068306494546e-16
6,hab_custom,3114,aleatorio,2.220446049250313e-15,4.965068306494546e-16
6,hab_custom,3115,aleatorio,0.18504818121722708,4.965068306494546e-16
6,hab_custom,3116,aleatorio,0.61228093992084,4.965068306494546e-16
6,hab_custom,3117,aleatorio,0.4523175268787912,4.965068306494546e-16
6,hab_custom,3118,aleatorio,3.9221238514139145,4.965068306494546e-16
6,hab_custom,3119,aleatorio,2.0767267831673504,4.965068306494546e-16
6,hab_custom,3120,aleatorio,0.201790771225203,4.965068306494546e-16
6,hab_custom,3121,aleatorio,2.820153453459717,4.965068306494546e-16
6,hab_custom,3122,aleatorio,0.7441476495016776,4.965068306494546e-16
6,hab_custom,3123,aleatorio,1.2196347597785735,4.965068306494546e-16
6,hab_custom,3124,aleatorio,3.602775584164053,4.965068306494546e-16
6,hab_custom,3125,aleatorio,1.2840616758283863,4.965068306494546e-16
6,hab_custom,3126,aleatorio,4.6483753325295575e-15,4.965068306494546e-16
6,hab_custom,3127,aleatorio,1.573895327494944e-14,4.965068306494546e-16
6,hab_custom,3128,aleatorio,2.7164471329519797e-14,4.965068306494546e-16
6,hab_custom,3129,aleatorio,1.6784875444249368,4.965068306494546e-16
6,hab_custom,3130,aleatorio,1.0615063332359502,4.965068306494546e-16
6,hab_custom,3131,aleatorio,4.57198461209927,4.965068306494546e-16
6,hab_custom,3132,aleatorio,14.310748675860914,4.965068306494546e-16
6,hab_custom,3133,aleatorio,0.2692402938168807,4.965068306494546e-16
6,hab_custom,3134,aleatorio,1.7890416659292965,4.965068306494546e-16
6,hab_custom,3135,aleatorio,0.5425943839141446,4.965068306494546e-16
6,hab_custom,3136,aleatorio,3.7294553346626347,4.965068306494546e-16
6,hab_custom,3137,aleatorio,0.3132105102459645,4.965068306494546e-16
6,hab_custom,3138,aleatorio,0.2191971275311163,4.965068306494546e-16
6,hab_custom,3139,aleatorio,1.5246806610387584,4.965068306494546e-16
6,hab_custom,3140,aleatorio,0.7514903411588922,4.965068306494546e-16
6,hab_custom,3141,aleatorio,0.2578418923970322,4.965068306494546e-16
6,hab_custom,3142,aleatorio,7.914638100817883,4.965068306494546e-16
6,hab_custom,3143,aleatorio,1.4217791915866692e-15,4.965068306494546e-16
6,hab_custom,3144,aleatorio,1.460134062846017,4.965068306494546e-16
6,hab_custom,3145,aleatorio,2.2199855841190907,4.965068306494546e-16
6,hab_custom,3146,aleatorio,0.9507316722085696,4.965068306494546e-16
6,hab_custom,3147,aleatorio,2.0616901607728103e-11,4.965068306494546e-16
6,hab_custom,3148,aleatorio,1.4799451985399783e-13,4.965068306494546e-16
6,hab_custom,3149,aleatorio,0.3049551854525066,4.965068306494546e-16
6,hab_custom,3150,aleatorio,0.6093119957004063,4.965068306494546e-16
6,hab_custom,3151,aleatorio,1.0877919644084146e-15,4.965068306494546e-16
6,hab_custom,3152,aleatorio,1.756017686112826e-13,4.965068306494546e-16
6,hab_custom,3153,aleatorio,0.359149400391776,4.965068306494546e-16
6,hab_custom,3154,aleatorio,1.0415522562103509e-11,4.965068306494546e-16
6,hab_custom,3155,aleatorio,0.6472359914952701,4.965068306494546e-16
6,hab_custom,3156,aleatorio,3.125092865884496e-11,4.965068306494546e-16
6,hab_custom,3157,aleatorio,1.6441565171021814e-12,4.965068306494546e-16
6,hab_custom,3158,aleatorio,0.19977753502999196,4.965068306494546e-16
6,hab_custom,3159,aleatorio,1.0175362097255202e-15,4.965068306494546e-16
6,hab_custom,3160,aleatorio,0.16422494802475468,4.965068306494546e-16
6,hab_custom,3161,aleatorio,0.07782806770008684,4.965068306494546e-16
6,hab_custom,3162,aleatorio,0.4022782473200266,4.965068306494546e-16
6,hab_custom,3163,aleatorio,1.8182017128061412,4.965068306494546e-16
6,hab_custom,3164,aleatorio,9.730583885066525e-14,4.965068306494546e-16
6,hab_custom,3165,aleatorio,3.7434459208089232,4.965068306494546e-16
6,hab_custom,3166,aleatorio,6.786719480670566e-11,4.965068306494546e-16
6,hab_custom,3167,aleatorio,7.784397437992088e-14,4.965068306494546e-16
6,hab_custom,3168,aleatorio,3.788677626331149,4.965068306494546e-16
6,hab_custom,3169,aleatorio,1.1902342757094342,4.965068306494546e-16
6,hab_custom,3170,aleatorio,2.2999016918746786,4.965068306494546e-16
6,hab_custom,3171,aleatorio,1.2480018108359485,4.965068306494546e-16
6,hab_custom,3172,aleatorio,1.4594511484890746e-11,4.965068306494546e-16
6,hab_custom,3173,aleatorio,0.664903001410393,4.965068306494546e-16
6,hab_custom,3174,aleatorio,0.15155289493353255,4.965068306494546e-16
6,hab_custom,3175,aleatorio,1.9596462778457133,4.965068306494546e-16
6,hab_custom,3176,aleatorio,1.826432568212469,4.965068306494546e-16
6,hab_custom,3177,aleatorio,1.6765347017813956,4.965068306494546e-16
6,hab_custom,3178,aleatorio,1.4963904599298752,4.965068306494546e-16
6,hab_custom,3179,aleatorio,1.0605578296063927,4.965068306494546e-16
6,hab_custom,3180,aleatorio,0.6920178859960526,4.965068306494546e-16
6,hab_custom,3181,aleatorio,0.7405200791370121,4.965068306494546e-16
6,hab_custom,3182,aleatorio,4.916708497066936e-12,4.965068306494546e-16
6,hab_custom,3183,aleatorio,2.8913795933608064,4.965068306494546e-16
6,hab_custom,3184,aleatorio,4.368912243012359e-11,4.965068306494546e-16
6,hab_custom,3185,aleatorio,8.95090418262362e-16,4.965068306494546e-16
6,hab_custom,3186,aleatorio,5.834786682916752e-12,4.965068306494546e-16
6,hab_custom,3187,aleatorio,1.0532500405730103e-15,4.965068306494546e-16
6,hab_custom,3188,aleatorio,0.8802431992420815,4.965068306494546e-16
6,hab_custom,3189,aleatorio,0.6114946002829332,4.965068306494546e-16
6,hab_custom,3190,aleatorio,0.13264574553495564,4.965068306494546e-16
6,hab_custom,3191,aleatorio,0.2952538157063257,4.965068306494546e-16
6,hab_custom,3192,aleatorio,0.009549181323126248,4.965068306494546e-16
6,hab_custom,3193,aleatorio,2.3994784485446004,4.965068306494546e-16
6,hab_custom,3194,aleatorio,1.0706603116298291e-15,4.965068306494546e-16
6,hab_custom,3195,aleatorio,0.12066409234957401,4.965068306494546e-16
6,hab_custom,3196,aleatorio,0.1521404872614364,4.965068306494546e-16
6,hab_custom,3197,aleatorio,0.5738183394946541,4.965068306494546e-16
6,hab_custom,3198,aleatorio,4.004505348847205e-15,4.965068306494546e-16
6,hab_custom,3199,aleatorio,0.0071754502143626785,4.965068306494546e-16
6,hab_custom,3200,aleatorio,7.929969535770126e-14,4.965068306494546e-16
6,hab_custom,3201,aleatorio,0.22645367606971933,4.965068306494546e-16
6,hab_custom,3202,aleatorio,0.001359184191229573,4.965068306494546e-16
6,hab_custom,3203,aleatorio,1.2203284029261405e-12,4.965068306494546e-16
6,hab_custom,3204,aleatorio,2.9155471283508575e-13,4.965068306494546e-16
6,hab_custom,3205,aleatorio,11.879157745016817,4.965068306494546e-16
6,hab_custom,3206,aleatorio,9.407436147309598e-13,4.965068306494546e-16
6,hab_custom,3207,aleatorio,2.306778044929051e-11,4.965068306494546e-16
6,hab_custom,3208,aleatorio,1.7521731118579105e-12,4.965068306494546e-16
6,hab_custom,3209,aleatorio,1.9583632444363408,4.965068306494546e-16
6,hab_custom,3210,aleatorio,1.1596602073985445,4.965068306494546e-16
6,hab_custom,3211,aleatorio,0.36585245438123787,4.965068306494546e-16
6,hab_custom,3212,aleatorio,0.16009301435909434,4.965068306494546e-16
6,hab_custom,3213,aleatorio,3.074609470211351,4.965068306494546e-16
6,hab_custom,3214,aleatorio,1.8833011943027707,4.965068306494546e-16
6,hab_custom,3215,aleatorio,1.0862772285478492,4.965068306494546e-16
6,hab_custom,3216,aleatorio,0.0130696552997422,4.965068306494546e-16
6,hab_custom,3217,aleatorio,0.3588580372394751,4.965068306494546e-16
6,hab_custom,3218,aleatorio,3.7551761729012654e-10,4.965068306494546e-16
6,hab_custom,3219,aleatorio,0.2967017610633795,4.965068306494546e-16
6,hab_custom,3220,aleatorio,0.7179789844133363,4.965068306494546e-16
6,hab_custom,3221,aleatorio,1.2983974113300552,4.965068306494546e-16
6,hab_custom,3222,aleatorio,2.9609714814277424,4.965068306494546e-16
6,hab_custom,3223,aleatorio,3.4648452252522547e-11,4.965068306494546e-16
6,hab_custom,3224,aleatorio,3.098206126033205,4.965068306494546e-16
6,hab_custom,3225,aleatorio,4.34764260251965,4.965068306494546e-16
6,hab_custom,3226,aleatorio,1.2339798399004958,4.965068306494546e-16
6,hab_custom,3227,aleatorio,1.8333274403563713,4.965068306494546e-16
6,hab_custom,3228,aleatorio,5.7251888099446335e-15,4.965068306494546e-16
6,hab_custom,3229,aleatorio,1.2296511303169722,4.965068306494546e-16
6,hab_custom,3230,aleatorio,2.2152913825590463,4.965068306494546e-16
6,hab_custom,3231,aleatorio,7.130083156366743e-12,4.965068306494546e-16
6,hab_custom,3232,aleatorio,1.047382306668854e-15,4.965068306494546e-16
6,hab_custom,3233,aleatorio,0.2925462001396787,4.965068306494546e-16
6,hab_custom,3234,aleatorio,3.2092167511288596e-14,4.965068306494546e-16
6,hab_custom,3235,aleatorio,2.3990164033820482,4.965068306494546e-16
6,hab_custom,3236,aleatorio,4.847528691048282e-12,4.965068306494546e-16
6,hab_custom,3237,aleatorio,2.052352670413211,4.965068306494546e-16
6,hab_custom,3238,aleatorio,0.39957715473549865,4.965068306494546e-16
6,hab_custom,3239,aleatorio,3.921522985648754,4.965068306494546e-16
6,hab_custom,3240,aleatorio,4.430127954989649,4.965068306494546e-16
6,hab_custom,3241,aleatorio,0.5149091124913622,4.965068306494546e-16
6,hab_custom,3242,aleatorio,0.8934953261207815,4.965068306494546e-16
6,hab_custom,3243,aleatorio,0.34596541783877577,4.965068306494546e-16
6,hab_custom,3244,aleatorio,0.6164920739855978,4.965068306494546e-16
6,hab_custom,3245,aleatorio,0.33307802677590037,4.965068306494546e-16
6,hab_custom,3246,aleatorio,0.5568350122720191,4.965068306494546e-16
6,hab_custom,3247,aleatorio,0.13037417708477667,4.965068306494546e-16
6,hab_custom,3248,aleatorio,0.34758126183242205,4.965068306494546e-16
6,hab_custom,3249,aleatorio,0.48567752540518716,4.965068306494546e-16
6,hab_custom,3250,aleatorio,0.7816190064987909,4.965068306494546e-16
6,hab_custom,3251,aleatorio,5.238338226758907e-12,4.965068306494546e-16
6,hab_custom,3252,aleatorio,1.8444410139024814e-15,4.965068306494546e-16
6,hab_custom,3253,aleatorio,0.9444105551946976,4.965068306494546e-16
6,hab_custom,3254,aleatorio,0.19333021819449128,4.965068306494546e-16
6,hab_custom,3255,aleatorio,8.730052932580936e-14,4.965068306494546e-16
6,hab_custom,3256,aleatorio,0.08711214897313128,4.965068306494546e-16
6,hab_custom,3257,aleatorio,5.0266970301063564e-11,4.965068306494546e-16
6,hab_custom,3258,aleatorio,0.019698026085870495,4.965068306494546e-16
6,hab_custom,3259,aleatorio,2.5872381841755874,4.965068306494546e-16
6,hab_custom,3260,aleatorio,1.9679552439086747,4.965068306494546e-16
6,hab_custom,3261,aleatorio,1.4390135079995448e-15,4.965068306494546e-16
6,hab_custom,3262,aleatorio,1.5146083194283065e-11,4.965068306494546e-16
6,hab_custom,3263,aleatorio,1.3222646736993997,4.965068306494546e-16
6,hab_custom,3264,aleatorio,0.41826775466308364,4.965068306494546e-16
6,hab_custom,3265,aleatorio,9.155133597044475e-16,4.965068306494546e-16
6,hab_custom,3266,aleatorio,1.101112110793643,4.965068306494546e-16
6,hab_custom,3267,aleatorio,2.1181705310112556e-15,4.965068306494546e-16
6,hab_custom,3268,aleatorio,6.355343118631689,4.965068306494546e-16
6,hab_custom,3269,aleatorio,1.548118528766395,4.965068306494546e-16
6,hab_custom,3270,aleatorio,1.2047322179728186,4.965068306494546e-16
6,hab_custom,3271,aleatorio,1.4134725951936074,4.965068306494546e-16
6,hab_custom,3272,aleatorio,1.1598510087225457e-14,4.965068306494546e-16
6,hab_custom,3273,aleatorio,4.815604702587432e-11,4.965068306494546e-16
6,hab_custom,3274,aleatorio,0.80143891315087,4.965068306494546e-16
6,hab_custom,3275,aleatorio,2.0853898455608455,4.965068306494546e-16
6,hab_custom,3276,aleatorio,0.7534082735619909,4.965068306494546e-16
6,hab_custom,3277,aleatorio,2.1185966944033,4.965068306494546e-16
6,hab_custom,3278,aleatorio,3.913244351580092,4.965068306494546e-16
6,hab_custom,3279,aleatorio,1.9802158964442824e-14,4.965068306494546e-16
6,hab_custom,3280,aleatorio,0.33455306195570333,4.965068306494546e-16
6,hab_custom,3281,aleatorio,2.8730912339379724e-11,4.965068306494546e-16
6,hab_custom,3282,aleatorio,0.10005319294153225,4.965068306494546e-16
6,hab_custom,3283,aleatorio,0.20855763663744312,4.965068306494546e-16
6,hab_custom,3284,aleatorio,2.4033466066703975,4.965068306494546e-16
6,hab_custom,3285,aleatorio,0.2874565683438042,4.965068306494546e-16
6,hab_custom,3286,aleatorio,0.3006135792049277,4.965068306494546e-16
6,hab_custom,3287,aleatorio,0.15860534191174797,4.965068306494546e-16
6,hab_custom,3288,aleatorio,3.00779779440774,4.965068306494546e-16
6,hab_custom,3289,aleatorio,0.29008243925414867,4.965068306494546e-16
6,hab_custom,3290,aleatorio,1.1957467920563633e-15,4.965068306494546e-16
6,hab_custom,3291,aleatorio,3.8756141386819195e-13,4.965068306494546e-16
6,hab_custom,3292,aleatorio,2.7801910340249276,4.965068306494546e-16
6,hab_custom,3293,aleatorio,2.882868071306372,4.965068306494546e-16
6,hab_custom,3294,aleatorio,0.5702543040066923,4.965068306494546e-16
6,hab_custom,3295,aleatorio,9.900301382973689e-15,4.965068306494546e-16
6,hab_custom,3296,aleatorio,0.4744913241564126,4.965068306494546e-16
6,hab_custom,3297,aleatorio,0.0928332422455677,4.965068306494546e-16
6,hab_custom,3298,aleatorio,1.3406084764109651,4.965068306494546e-16
6,hab_custom,3299,aleatorio,0.17757726326920603,4.965068306494546e-16
6,hab_custom,3300,aleatorio,4.391830254643116e-14,4.965068306494546e-16
6,hab_custom,3301,aleatorio,0.5356161124758939,4.965068306494546e-16
6,hab_custom,3302,aleatorio,7.364386412590295e-16,4.965068306494546e-16
6,hab_custom,3303,aleatorio,4.2817785434075196e-11,4.965068306494546e-16
6,hab_custom,3304,aleatorio,5.778194800334831,4.965068306494546e-16
6,hab_custom,3305,aleatorio,0.0022540883876491476,4.965068306494546e-16
6,hab_custom,3306,aleatorio,5.463921756219537e-14,4.965068306494546e-16
6,hab_custom,3307,aleatorio,0.7207403813724813,4.965068306494546e-16
6,hab_custom,3308,aleatorio,6.5260807320693e-11,4.965068306494546e-16
6,hab_custom,3309,aleatorio,1.0252944579592977,4.965068306494546e-16
6,hab_custom,3310,aleatorio,8.04909451271547e-12,4.965068306494546e-16
6,hab_custom,3311,aleatorio,8.881784197001252e-16,4.965068306494546e-16
6,hab_custom,3312,aleatorio,1.0723852214488667,4.965068306494546e-16
6,hab_custom,3313,aleatorio,0.45232495921274485,4.965068306494546e-16
6,hab_custom,3314,aleatorio,0.5457172410916808,4.965068306494546e-16
6,hab_custom,3315,aleatorio,1.7769118642034836e-14,4.965068306494546e-16
6,hab_custom,3316,aleatorio,4.064746462580191e-06,4.965068306494546e-16
6,hab_custom,3317,aleatorio,9.742167503148516e-16,4.965068306494546e-16
6,hab_custom,3318,aleatorio,1.6969924814048756,4.965068306494546e-16
6,hab_custom,3319,aleatorio,6.080941944488118e-16,4.965068306494546e-16
6,hab_custom,3320,aleatorio,0.4017956526872665,4.965068306494546e-16
6,hab_custom,3321,aleatorio,1.72238498649308e-14,4.965068306494546e-16
6,hab_custom,3322,aleatorio,2.691401251279653,4.965068306494546e-16
6,hab_custom,3323,aleatorio,0.9262856417041325,4.965068306494546e-16
6,hab_custom,3324,aleatorio,0.22109181399611505,4.965068306494546e-16
6,hab_custom,3325,aleatorio,5.884515668168703e-11,4.965068306494546e-16
6,hab_custom,3326,aleatorio,0.6114994762065481,4.965068306494546e-16
6,hab_custom,3327,aleatorio,3.027544763692152,4.965068306494546e-16
6,hab_custom,3328,aleatorio,1.499721874315883e-13,4.965068306494546e-16
6,hab_custom,3329,aleatorio,1.3495602620336093,4.965068306494546e-16
6,hab_custom,3330,aleatorio,13.230830913872714,4.965068306494546e-16
6,hab_custom,3331,aleatorio,4.792151716079888,4.965068306494546e-16
6,hab_custom,3332,aleatorio,0.4407390138716546,4.965068306494546e-16
6,hab_custom,3333,aleatorio,3.2711920183553465e-11,4.965068306494546e-16
6,hab_custom,3334,aleatorio,1.0754783175887563,4.965068306494546e-16
6,hab_custom,3335,aleatorio,0.1079668011599193,4.965068306494546e-16
6,hab_custom,3336,aleatorio,1.897149936107019e-15,4.965068306494546e-16
6,hab_custom,3337,aleatorio,0.00019026385532140065,4.965068306494546e-16
6,hab_custom,3338,aleatorio,9.222205069512407e-16,4.965068306494546e-16
6,hab_custom,3339,aleatorio,1.6711073484652674,4.965068306494546e-16
6,hab_custom,3340,aleatorio,4.632229521053303e-13,4.965068306494546e-16
6,hab_custom,3341,aleatorio,1.0175362097255202e-15,4.965068306494546e-16
6,hab_custom,3342,aleatorio,2.059117077465392,4.965068306494546e-16
6,hab_custom,3343,aleatorio,0.1331528085043578,4.965068306494546e-16
6,hab_custom,3344,aleatorio,0.7931573623919378,4.965068306494546e-16
6,hab_custom,3345,aleatorio,1.3322676295501878e-15,4.965068306494546e-16
6,hab_custom,3346,aleatorio,7.127677752126148e-12,4.965068306494546e-16
6,hab_custom,3347,aleatorio,2.480388316336511e-13,4.965068306494546e-16
6,hab_custom,3348,aleatorio,1.9522570291499667e-14,4.965068306494546e-16
6,hab_custom,3349,aleatorio,0.7947072486841402,4.965068306494546e-16
6,hab_custom,3350,aleatorio,0.44691037006406326,4.965068306494546e-16
6,hab_custom,3351,aleatorio,7.651877451826222e-14,4.965068306494546e-16
6,hab_custom,3352,aleatorio,3.0430036432140253e-15,4.965068306494546e-16
6,hab_custom,3353,aleatorio,0.11073504177192266,4.965068306494546e-16
6,hab_custom,3354,aleatorio,1.3380030013662315e-14,4.965068306494546e-16
6,hab_custom,3355,aleatorio,0.00748509468438337,4.965068306494546e-16
6,hab_custom,3356,aleatorio,4.914198062406282,4.965068306494546e-16
6,hab_custom,3357,aleatorio,4.671447228855442e-12,4.965068306494546e-16
6,hab_custom,3358,aleatorio,1.3157207369199548,4.965068306494546e-16
6,hab_custom,3359,aleatorio,0.6822208718504577,4.965068306494546e-16
6,hab_custom,3360,aleatorio,5.493755561682686e-11,4.965068306494546e-16
6,hab_custom,3361,aleatorio,1.432144669219779e-14,4.965068306494546e-16
6,hab_custom,3362,aleatorio,2.1158254988793956,4.965068306494546e-16
6,hab_custom,3363,aleatorio,0.7742754591258525,4.965068306494546e-16
6,hab_custom,3364,aleatorio,1.3653937842860002e-15,4.965068306494546e-16
6,hab_custom,3365,aleatorio,1.535569063307266e-12,4.965068306494546e-16
6,hab_custom,3366,aleatorio,1.2410036182266502e-11,4.965068306494546e-16
6,hab_custom,3367,aleatorio,1.6126077778773293,4.965068306494546e-16
6,hab_custom,3368,aleatorio,8.92562304116046e-11,4.965068306494546e-16
6,hab_custom,3369,aleatorio,1.3406232642618033e-13,4.965068306494546e-16
6,hab_custom,3370,aleatorio,0.7058793741481456,4.965068306494546e-16
6,hab_custom,3371,aleatorio,1.0663192098225687,4.965068306494546e-16
6,hab_custom,3372,aleatorio,3.949243052623881e-12,4.965068306494546e-16
6,hab_custom,3373,aleatorio,0.9959638570991769,4.965068306494546e-16
6,hab_custom,3374,aleatorio,0.16469788937938415,4.965068306494546e-16
6,hab_custom,3375,aleatorio,1.1169943248151688,4.965068306494546e-16
6,hab_custom,3376,aleatorio,0.9442697538090595,4.965068306494546e-16
6,hab_custom,3377,aleatorio,0.4335372105135571,4.965068306494546e-16
6,hab_custom,3378,aleatorio,4.264583878731873,4.965068306494546e-16
6,hab_custom,3379,aleatorio,6.280369834735101e-16,4.965068306494546e-16
6,hab_custom,3380,aleatorio,5.352724701527127e-11,4.965068306494546e-16
6,hab_custom,3381,aleatorio,0.37282310913533123,4.965068306494546e-16
6,hab_custom,3382,aleatorio,0.47841378206913954,4.965068306494546e-16
6,hab_custom,3383,aleatorio,6.531266450196159e-13,4.965068306494546e-16
6,hab_custom,3384,aleatorio,3.606850966389594e-13,4.965068306494546e-16
6,hab_custom,3385,aleatorio,0.6241049648640037,4.965068306494546e-16
6,hab_custom,3386,aleatorio,0.45543342903723577,4.965068306494546e-16
6,hab_custom,3387,aleatorio,1.5543122344752192e-15,4.965068306494546e-16
6,hab_custom,3388,aleatorio,0.1855531275958546,4.965068306494546e-16
6,hab_custom,3389,aleatorio,1.9872852969152464,4.965068306494546e-16
6,hab_custom,3390,aleatorio,0.5610085571884298,4.965068306494546e-16
6,hab_custom,3391,aleatorio,0.2785003042479667,4.965068306494546e-16
6,hab_custom,3392,aleatorio,3.4176093893058623,4.965068306494546e-16
6,hab_custom,3393,aleatorio,3.533895839482975,4.965068306494546e-16
6,hab_custom,3394,aleatorio,1.423977979897022,4.965068306494546e-16
6,hab_custom,3395,aleatorio,1.056449402284829,4.965068306494546e-16
6,hab_custom,3396,aleatorio,3.5654286799592096,4.965068306494546e-16
6,hab_custom,3397,aleatorio,9.364008845662259,4.965068306494546e-16
6,hab_custom,3398,aleatorio,0.7945069721525765,4.965068306494546e-16
6,hab_custom,3399,aleatorio,5.5903036708490295e-14,4.965068306494546e-16
6,hab_custom,3400,aleatorio,2.2586131274937746,4.965068306494546e-16
6,hab_custom,3401,aleatorio,7.50658151917459,4.965068306494546e-16
6,hab_custom,3402,aleatorio,2.408375422748,4.965068306494546e-16
6,hab_custom,3403,aleatorio,4.440892098500626e-16,4.965068306494546e-16
6,hab_custom,3404,aleatorio,9.650641979819565e-15,4.965068306494546e-16
6,hab_custom,3405,aleatorio,6.843874359417885e-16,4.965068306494546e-16
6,hab_custom,3406,aleatorio,0.013955687466682435,4.965068306494546e-16
6,hab_custom,3407,aleatorio,0.16375207440889425,4.965068306494546e-16
6,hab_custom,3408,aleatorio,1.0669111454587574,4.965068306494546e-16
6,hab_custom,3409,aleatorio,0.35628414811985404,4.965068306494546e-16
6,hab_custom,3410,aleatorio,0.03812072915175243,4.965068306494546e-16
6,hab_custom,3411,aleatorio,2.1868857395626282e-15,4.965068306494546e-16
6,hab_custom,3412,aleatorio,0.011844630803584577,4.965068306494546e-16
6,hab_custom,3413,aleatorio,2.4007678059514896,4.965068306494546e-16
6,hab_custom,3414,aleatorio,1.3480498887557435,4.965068306494546e-16
6,hab_custom,3415,aleatorio,0.6307004140068753,4.965068306494546e-16
6,hab_custom,3416,aleatorio,8.073856025740674e-14,4.965068306494546e-16
6,hab_custom,3417,aleatorio,0.10105171813743595,4.965068306494546e-16
6,hab_custom,3418,aleatorio,0.34196616038546435,4.965068306494546e-16
6,hab_custom,3419,aleatorio,9.281175090302316e-12,4.965068306494546e-16
6,hab_custom,3420,aleatorio,9.429504292283173,4.965068306494546e-16
6,hab_custom,3421,aleatorio,2.626150332803902e-12,4.965068306494546e-16
6,hab_custom,3422,aleatorio,0.7838657507965746,4.965068306494546e-16
6,hab_custom,3423,aleatorio,0.005517911930253805,4.965068306494546e-16
6,hab_custom,3424,aleatorio,3.033352286548066,4.965068306494546e-16
6,hab_custom,3425,aleatorio,0.35774456602796084,4.965068306494546e-16
6,hab_custom,3426,aleatorio,1.5281681574740613,4.965068306494546e-16
6,hab_custom,3427,aleatorio,0.9599654334683206,4.965068306494546e-16
6,hab_custom,3428,aleatorio,1.765895489507035e-13,4.965068306494546e-16
6,hab_custom,3429,aleatorio,6.313856946573327e-11,4.965068306494546e-16
6,hab_custom,3430,aleatorio,9.101595991678074,4.965068306494546e-16
6,hab_custom,3431,aleatorio,3.398071855568194e-13,4.965068306494546e-16
6,hab_custom,3432,aleatorio,0.8661463744066781,4.965068306494546e-16
6,hab_custom,3433,aleatorio,0.42998691163632574,4.965068306494546e-16
6,hab_custom,3434,aleatorio,0.7828103709416117,4.965068306494546e-16
6,hab_custom,3435,aleatorio,2.5510982866352577e-15,4.965068306494546e-16
6,hab_custom,3436,aleatorio,9.654490357527695e-13,4.965068306494546e-16
6,hab_custom,3437,aleatorio,0.21715667463257196,4.965068306494546e-16
6,hab_custom,3438,aleatorio,1.1247236371393283,4.965068306494546e-16
6,hab_custom,3439,aleatorio,1.0234933767006729,4.965068306494546e-16
6,hab_custom,3440,aleatorio,0.5928526860046124,4.965068306494546e-16
6,hab_custom,3441,aleatorio,0.36259556341283455,4.965068306494546e-16
6,hab_custom,3442,aleatorio,1.7875498206991436,4.965068306494546e-16
6,hab_custom,3443,aleatorio,0.685407362944995,4.965068306494546e-16
6,hab_custom,3444,aleatorio,4.185123491310158e-13,4.965068306494546e-16
6,hab_custom,3445,aleatorio,6.205003275219909,4.965068306494546e-16
6,hab_custom,3446,aleatorio,8.509050568530523e-13,4.965068306494546e-16
6,hab_custom,3447,aleatorio,0.02059783609180028,4.965068306494546e-16
6,hab_custom,3448,aleatorio,0.1577749618134638,4.965068306494546e-16
6,hab_custom,3449,aleatorio,2.2684213495925762,4.965068306494546e-16
6,hab_custom,3450,aleatorio,0.1937265362680716,4.965068306494546e-16
6,hab_custom,3451,aleatorio,1.4816341520315721e-12,4.965068306494546e-16
6,hab_custom,3452,aleatorio,3.7498820097988914,4.965068306494546e-16
6,hab_custom,3453,aleatorio,0.8101263354896289,4.965068306494546e-16
6,hab_custom,3454,aleatorio,0.08019451305443176,4.965068306494546e-16
6,hab_custom,3455,aleatorio,4.191058852921894,4.965068306494546e-16
6,hab_custom,3456,aleatorio,1.0019672151675267,4.965068306494546e-16
6,hab_custom,3457,aleatorio,4.076274012091473,4.965068306494546e-16
6,hab_custom,3458,aleatorio,4.844037311551783,4.965068306494546e-16
6,hab_custom,3459,aleatorio,0.0680734197805843,4.965068306494546e-16
6,hab_custom,3460,aleatorio,2.3346832519455654,4.965068306494546e-16
6,hab_custom,3461,aleatorio,0.12285370815607398,4.965068306494546e-16
6,hab_custom,3462,aleatorio,2.358509002563915e-12,4.965068306494546e-16
6,hab_custom,3463,aleatorio,2.1995707630926876e-12,4.965068306494546e-16
6,hab_custom,3464,aleatorio,0.5819437829411079,4.965068306494546e-16
6,hab_custom,3465,aleatorio,1.69694022576621,4.965068306494546e-16
6,hab_custom,3466,aleatorio,0.09822543342630972,4.965068306494546e-16
6,hab_custom,3467,aleatorio,1.0506695569448557e-11,4.965068306494546e-16
6,hab_custom,3468,aleatorio,4.965068306494546e-16,4.965068306494546e-16
6,hab_custom,3469,aleatorio,2.310932762158955,4.965068306494546e-16
6,hab_custom,3470,aleatorio,5.362641541239913e-14,4.965068306494546e-16
6,hab_custom,3471,aleatorio,3.3983447273938445,4.965068306494546e-16
6,hab_custom,3472,aleatorio,1.2560739669470201e-15,4.965068306494546e-16
6,hab_custom,3473,aleatorio,5.163935039964569e-13,4.965068306494546e-16
6,hab_custom,3474,aleatorio,1.9723073754263684e-13,4.965068306494546e-16
6,hab_custom,3475,aleatorio,2.0968433350490385,4.965068306494546e-16
6,hab_custom,3476,aleatorio,0.10598424272685267,4.965068306494546e-16
6,hab_custom,3477,aleatorio,0.7938565945859867,4.965068306494546e-16
6,hab_custom,3478,aleatorio,1.1995533876986078,4.965068306494546e-16
6,hab_custom,3479,aleatorio,1.106317257473492,4.965068306494546e-16
6,hab_custom,3480,aleatorio,5.451655172174772,4.965068306494546e-16
6,hab_custom,3481,aleatorio,0.8584046460506383,4.965068306494546e-16
6,hab_custom,3482,aleatorio,1.928002096973887,4.965068306494546e-16
6,hab_custom,3483,aleatorio,3.8562830044839,4.965068306494546e-16
6,hab_custom,3484,aleatorio,8.895205737537118,4.965068306494546e-16
6,hab_custom,3485,aleatorio,0.04460135641328247,4.965068306494546e-16
6,hab_custom,3486,aleatorio,5.467355305437029,4.965068306494546e-16
6,hab_custom,3487,aleatorio,2.0898580894482093,4.965068306494546e-16
6,hab_custom,3488,aleatorio,3.552695616060786,4.965068306494546e-16
6,hab_custom,3489,aleatorio,9.678699938266253e-16,4.965068306494546e-16
6,hab_custom,3490,aleatorio,0.972734410683182,4.965068306494546e-16
6,hab_custom,3491,aleatorio,0.6468956359803875,4.965068306494546e-16
6,hab_custom,3492,aleatorio,1.5121612555937563e-13,4.965068306494546e-16
6,hab_custom,3493,aleatorio,1.2161883888976235e-15,4.965068306494546e-16
6,hab_custom,3494,aleatorio,1.4921918656202626,4.965068306494546e-16
6,hab_custom,3495,aleatorio,1.3459827215264566,4.965068306494546e-16
6,hab_custom,3496,aleatorio,1.6121432148589405,4.965068306494546e-16
6,hab_custom,3497,aleatorio,0.361424642745251,4.965068306494546e-16
6,hab_custom,3498,aleatorio,1.2060109012779447e-15,4.965068306494546e-16
6,hab_custom,3499,aleatorio,4.469930143817957,4.965068306494546e-16
6,hab_custom,3500,aleatorio,1.625232222547138,4.965068306494546e-16
6,hab_custom,3501,aleatorio,5.504144236595188e-12,4.965068306494546e-16
6,hab_custom,3502,aleatorio,1.1503299824598897e-11,4.965068306494546e-16
6,hab_custom,3503,aleatorio,1.2560739669470201e-15,4.965068306494546e-16
6,hab_custom,3504,aleatorio,8.005793519565145e-14,4.965068306494546e-16
6,hab_custom,3505,aleatorio,0.027049651482993466,4.965068306494546e-16
6,hab_custom,3506,aleatorio,0.13320587527649141,4.965068306494546e-16
6,hab_custom,3507,aleatorio,0.09138065296262847,4.965068306494546e-16
6,hab_custom,3508,aleatorio,2.7592805413000102e-11,4.965068306494546e-16
6,hab_custom,3509,aleatorio,0.507660802127165,4.965068306494546e-16
6,hab_custom,3510,aleatorio,4.677990817315746e-13,4.965068306494546e-16
6,hab_custom,3511,aleatorio,2.5613790318020083e-12,4.965068306494546e-16
6,hab_custom,3512,aleatorio,1.6578904430191364,4.965068306494546e-16
6,hab_custom,3513,aleatorio,0.5973928322113808,4.965068306494546e-16
6,hab_custom,3514,aleatorio,7.714141858043676e-05,4.965068306494546e-16
6,hab_custom,3515,aleatorio,1.5472427794997323,4.965068306494546e-16
6,hab_custom,3516,aleatorio,0.055579334080661555,4.965068306494546e-16
6,hab_custom,3517,aleatorio,3.107167561887191e-11,4.965068306494546e-16
6,hab_custom,3518,aleatorio,0.7269553113777886,4.965068306494546e-16
6,hab_custom,3519,aleatorio,1.5472644576951118,4.965068306494546e-16
6,hab_custom,3520,aleatorio,0.7132614442376601,4.965068306494546e-16
6,hab_custom,3521,aleatorio,0.1969496209961273,4.965068306494546e-16
6,hab_custom,3522,aleatorio,2.2121037052315357e-15,4.965068306494546e-16
6,hab_custom,3523,aleatorio,2.9103851781555927,4.965068306494546e-16
6,hab_custom,3524,aleatorio,3.722145839155691e-15,4.965068306494546e-16
6,hab_custom,3525,aleatorio,0.9950589480026595,4.965068306494546e-16
6,hab_custom,3526,aleatorio,1.9874865265741941,4.965068306494546e-16
6,hab_custom,3527,aleatorio,0.8187006205948576,4.965068306494546e-16
6,hab_custom,3528,aleatorio,0.37253186672990796,4.965068306494546e-16
6,hab_custom,3529,aleatorio,5.864311097143221e-14,4.965068306494546e-16
6,hab_custom,3530,aleatorio,0.0003031961409065675,4.965068306494546e-16
6,hab_custom,3531,aleatorio,0.8922567046039728,4.965068306494546e-16
6,hab_custom,3532,aleatorio,4.621089125339695e-14,4.965068306494546e-16
6,hab_custom,3533,aleatorio,2.2073563323482883,4.965068306494546e-16
6,hab_custom,3534,aleatorio,1.7558730833216015e-14,4.965068306494546e-16
6,hab_custom,3535,aleatorio,0.017049590562714493,4.965068306494546e-16
6,hab_custom,3536,aleatorio,2.2768423666749467,4.965068306494546e-16
6,hab_custom,3537,aleatorio,0.1622961421025765,4.965068306494546e-16
6,hab_custom,3538,aleatorio,6.86281513695371e-14,4.965068306494546e-16
6,hab_custom,3539,aleatorio,0.841586982834737,4.965068306494546e-16
6,hab_custom,3540,aleatorio,0.03870184746253065,4.965068306494546e-16
6,hab_custom,3541,aleatorio,0.7992771165346094,4.965068306494546e-16
6,hab_custom,3542,aleatorio,4.561819408413649,4.965068306494546e-16
6,hab_custom,3543,aleatorio,0.624482387797504,4.965068306494546e-16
6,hab_custom,3544,aleatorio,1.7748091137957376,4.965068306494546e-16
6,hab_custom,3545,aleatorio,1.3754082355705366e-11,4.965068306494546e-16
6,hab_custom,3546,aleatorio,0.003043422227915485,4.965068306494546e-16
6,hab_custom,3547,aleatorio,1.0877919644084146e-15,4.965068306494546e-16
6,hab_custom,3548,aleatorio,4.9102938989480893e-11,4.965068306494546e-16
6,hab_custom,3549,aleatorio,1.0352500604352664,4.965068306494546e-16
6,hab_custom,3550,aleatorio,0.8260736523260358,4.965068306494546e-16
6,hab_custom,3551,aleatorio,1.7957580780932256,4.965068306494546e-16
6,hab_custom,3552,aleatorio,0.8542870290213916,4.965068306494546e-16
6,hab_custom,3553,aleatorio,0.26267220625591026,4.965068306494546e-16
6,hab_custom,3554,aleatorio,0.80354336946488,4.965068306494546e-16
6,hab_custom,3555,aleatorio,0.025568368707382032,4.965068306494546e-16
6,hab_custom,3556,aleatorio,2.0872807019845783e-13,4.965068306494546e-16
6,hab_custom,3557,aleatorio,1.6964534518141787,4.965068306494546e-16
6,hab_custom,3558,aleatorio,8.349897838372757e-13,4.965068306494546e-16
6,hab_custom,3559,aleatorio,2.1149371658321634,4.965068306494546e-16
6,hab_custom,3560,aleatorio,0.790144580896058,4.965068306494546e-16
6,hab_custom,3561,aleatorio,7.287707075912692e-12,4.965068306494546e-16
6,hab_custom,3562,aleatorio,7.021666937153402e-16,4.965068306494546e-16
6,hab_custom,3563,aleatorio,1.2569207926658956,4.965068306494546e-16
6,hab_custom,3564,aleatorio,9.155133597044475e-16,4.965068306494546e-16
6,hab_custom,3565,aleatorio,4.080584889436817,4.965068306494546e-16
6,hab_custom,3566,aleatorio,0.4639291506889204,4.965068306494546e-16
6,hab_custom,3567,aleatorio,1.7083724662952595,4.965068306494546e-16
6,hab_custom,3568,aleatorio,1.178745279476613e-13,4.965068306494546e-16
6,hab_custom,3569,aleatorio,0.673400066767241,4.965068306494546e-16
6,hab_custom,3570,aleatorio,7.805996955644679e-14,4.965068306494546e-16
6,hab_custom,3571,aleatorio,2.117531765686748,4.965068306494546e-16
6,hab_custom,3572,aleatorio,6.280369834735101e-16,4.965068306494546e-16
6,hab_custom,3573,aleatorio,0.8232750747488471,4.965068306494546e-16
6,hab_custom,3574,aleatorio,3.866028666113897,4.965068306494546e-16
6,hab_custom,3575,aleatorio,0.5541820800282102,4.965068306494546e-16
6,hab_custom,3576,aleatorio,5.6040479971059665e-11,4.965068306494546e-16
6,hab_custom,3577,aleatorio,1.7543521893551366,4.965068306494546e-16
6,hab_custom,3578,aleatorio,8.666142357898878e-15,4.965068306494546e-16
6,hab_custom,3579,aleatorio,2.8092705733165983e-13,4.965068306494546e-16
6,hab_custom,3580,aleatorio,6.897483812935482,4.965068306494546e-16
6,hab_custom,3581,aleatorio,1.0458796128840937,4.965068306494546e-16
6,hab_custom,3582,aleatorio,1.3501405441399759,4.965068306494546e-16
6,hab_custom,3583,aleatorio,2.240392563308442,4.965068306494546e-16
6,hab_custom,3584,aleatorio,2.0269577098688334,4.965068306494546e-16
6,hab_custom,3585,aleatorio,0.8380087464139645,4.965068306494546e-16
6,hab_custom,3586,aleatorio,0.8484455566088057,4.965068306494546e-16
6,hab_custom,3587,aleatorio,11.029362868490763,4.965068306494546e-16
6,hab_custom,3588,aleatorio,0.8144987851992344,4.965068306494546e-16
6,hab_custom,3589,aleatorio,0.5439929062896544,4.965068306494546e-16
6,hab_custom,3590,aleatorio,6.586522646053735e-12,4.965068306494546e-16
6,hab_custom,3591,aleatorio,0.25074102231208717,4.965068306494546e-16
6,hab_custom,3592,aleatorio,1.7652598460472905e-13,4.965068306494546e-16
6,hab_custom,3593,aleatorio,3.191879611925781,4.965068306494546e-16
6,hab_custom,3594,aleatorio,0.9550342781460838,4.965068306494546e-16
6,hab_custom,3595,aleatorio,0.4317028052338486,4.965068306494546e-16
6,hab_custom,3596,aleatorio,0.03258897917978178,4.965068306494546e-16
6,hab_custom,3597,aleatorio,1.605321030146915e-11,4.965068306494546e-16
6,hab_custom,3598,aleatorio,3.0805295230334206e-11,4.965068306494546e-16
6,hab_custom,3599,aleatorio,0.2748735064312732,4.965068306494546e-16
6,hab_custom,3600,aleatorio,2.813939458385045,4.965068306494546e-16
6,hab_custom,3601,aleatorio,0.5099442082632348,4.965068306494546e-16
6,hab_custom,3602,aleatorio,1.2560739669470201e-15,4.965068306494546e-16
6,hab_custom,3603,aleatorio,3.6721371296047305e-15,4.965068306494546e-16
6,hab_custom,3604,aleatorio,3.0346028659698905,4.965068306494546e-16
6,hab_custom,3605,aleatorio,2.7293241062996883e-11,4.965068306494546e-16
6,hab_custom,3606,aleatorio,9.287456958902131e-13,4.965068306494546e-16
6,hab_custom,3607,aleatorio,0.8563216504006677,4.965068306494546e-16
6,hab_custom,3608,aleatorio,0.3673823117922154,4.965068306494546e-16
6,hab_custom,3609,aleatorio,0.6044513550637726,4.965068306494546e-16
6,hab_custom,3610,aleatorio,5.405862764990653e-14,4.965068306494546e-16
6,hab_custom,3611,aleatorio,8.031295347169209e-15,4.965068306494546e-16
6,hab_custom,3612,aleatorio,3.737723075572043e-13,4.965068306494546e-16
6,hab_custom,3613,aleatorio,3.698330206491444e-14,4.965068306494546e-16
6,hab_custom,3614,aleatorio,0.014495480364033876,4.965068306494546e-16
6,hab_custom,3615,aleatorio,2.732689580392499,4.965068306494546e-16
6,hab_custom,3616,aleatorio,7.039434061814266e-11,4.965068306494546e-16
6,hab_custom,3617,aleatorio,1.265535483401341,4.965068306494546e-16
6,hab_custom,3618,aleatorio,0.574899563698554,4.965068306494546e-16
6,hab_custom,3619,aleatorio,2.430282553553074,4.965068306494546e-16
6,hab_custom,3620,aleatorio,2.0706180284823658e-14,4.965068306494546e-16
6,hab_custom,3621,aleatorio,3.0064708313295684e-14,4.965068306494546e-16
6,hab_custom,3622,aleatorio,1.3470303456763644,4.965068306494546e-16
6,hab_custom,3623,aleatorio,3.6931461432538955,4.965068306494546e-16
6,hab_custom,3624,aleatorio,2.0113644436116997,4.965068306494546e-16
6,hab_custom,3625,aleatorio,2.2035429594625628e-13,4.965068306494546e-16
6,hab_custom,3626,aleatorio,9.977020307241841e-14,4.965068306494546e-16
6,hab_custom,3627,aleatorio,1.7593586702683899,4.965068306494546e-16
6,hab_custom,3628,aleatorio,2.9656430332413564,4.965068306494546e-16
6,hab_custom,3629,aleatorio,7.409788909637785e-13,4.965068306494546e-16
6,hab_custom,3630,aleatorio,1.5485734659587675,4.965068306494546e-16
6,hab_custom,3631,aleatorio,1.2034865132923318,4.965068306494546e-16
6,hab_custom,3632,aleatorio,0.6941495807271234,4.965068306494546e-16
6,hab_custom,3633,aleatorio,1.4043333874306805e-15,4.965068306494546e-16
6,hab_custom,3634,aleatorio,2.702582912788229,4.965068306494546e-16
6,hab_custom,3635,aleatorio,4.694736226755216e-07,4.965068306494546e-16
6,hab_custom,3636,aleatorio,1.487614341083455e-13,4.965068306494546e-16
6,hab_custom,3637,aleatorio,0.38308975928484257,4.965068306494546e-16
6,hab_custom,3638,aleatorio,1.4895204919483639e-15,4.965068306494546e-16
6,hab_custom,3639,aleatorio,1.0134836283000235,4.965068306494546e-16
6,hab_custom,3640,aleatorio,1.4043333874306805e-15,4.965068306494546e-16
6,hab_custom,3641,aleatorio,0.45764542558410093,4.965068306494546e-16
6,hab_custom,3642,aleatorio,0.12646041132067476,4.965068306494546e-16
6,hab_custom,3643,aleatorio,0.17071351091062595,4.965068306494546e-16
6,hab_custom,3644,aleatorio,1.1102230246251565e-15,4.965068306494546e-16
6,hab_custom,3645,aleatorio,0.8243847016990619,4.965068306494546e-16
6,hab_custom,3646,aleatorio,0.8950319099592938,4.965068306494546e-16
6,hab_custom,3647,aleatorio,0.7650221443185725,4.965068306494546e-16
6,hab_custom,3648,aleatorio,8.005932084973442e-16,4.965068306494546e-16
6,hab_custom,3649,aleatorio,2.16656583946761,4.965068306494546e-16
6,hab_custom,3650,aleatorio,4.947427323745415,4.965068306494546e-16
6,hab_custom,3651,aleatorio,3.803164075131418,4.965068306494546e-16
6,hab_custom,3652,aleatorio,0.4391090644151111,4.965068306494546e-16
6,hab_custom,3653,aleatorio,11.081277331048355,4.965068306494546e-16
6,hab_custom,3654,aleatorio,1.5144483871569213e-13,4.965068306494546e-16
6,hab_custom,3655,aleatorio,0.2920410762719215,4.965068306494546e-16
6,hab_custom,3656,aleatorio,7.447602459741819e-16,4.965068306494546e-16
6,hab_custom,3657,aleatorio,2.0611530996212037,4.965068306494546e-16
6,hab_custom,3658,aleatorio,5.464656634466846,4.965068306494546e-16
6,hab_custom,3659,aleatorio,9.704136775662135e-15,4.965068306494546e-16
6,hab_custom,3660,aleatorio,1.702599826210141,4.965068306494546e-16
6,hab_custom,3661,aleatorio,0.29461753465713364,4.965068306494546e-16
6,hab_custom,3662,aleatorio,0.21667120135104628,4.965068306494546e-16
6,hab_custom,3663,aleatorio,6.2433698532044675,4.965068306494546e-16
6,hab_custom,3664,aleatorio,0.01633017561968021,4.965068306494546e-16
6,hab_custom,3665,aleatorio,1.2100124537554238,4.965068306494546e-16
6,hab_custom,3666,aleatorio,0.2089260672704921,4.965068306494546e-16
6,hab_custom,3667,aleatorio,3.5350625052717852,4.965068306494546e-16
6,hab_custom,3668,aleatorio,1.1131675257758469,4.965068306494546e-16
6,hab_custom,3669,aleatorio,2.8064434877847333,4.965068306494546e-16
6,hab_custom,3670,aleatorio,1.846592101776082,4.965068306494546e-16
6,hab_custom,3671,aleatorio,0.15551742425871548,4.965068306494546e-16
6,hab_custom,3672,aleatorio,0.1400554211388407,4.965068306494546e-16
6,hab_custom,3673,aleatorio,6.332900540579202e-13,4.965068306494546e-16
6,hab_custom,3674,aleatorio,1.2969426429783382,4.965068306494546e-16
6,hab_custom,3675,aleatorio,0.15972136879075702,4.965068306494546e-16
6,hab_custom,3676,aleatorio,1.7339262356659881,4.965068306494546e-16
6,hab_custom,3677,aleatorio,1.2707083321416676e-15,4.965068306494546e-16
6,hab_custom,3678,aleatorio,0.002657113345309991,4.965068306494546e-16
6,hab_custom,3679,aleatorio,0.2840134424610527,4.965068306494546e-16
6,hab_custom,3680,aleatorio,0.5216589326138863,4.965068306494546e-16
6,hab_custom,3681,aleatorio,0.35738773688729625,4.965068306494546e-16
6,hab_custom,3682,aleatorio,1.534434284021806,4.965068306494546e-16
6,hab_custom,3683,aleatorio,0.7246879422614255,4.965068306494546e-16
6,hab_custom,3684,aleatorio,4.041272810440265e-16,4.965068306494546e-16
6,hab_custom,3685,aleatorio,1.3837470581188704,4.965068306494546e-16
6,hab_custom,3686,aleatorio,0.1332024904360086,4.965068306494546e-16
6,hab_custom,3687,aleatorio,0.2240101542180275,4.965068306494546e-16
6,hab_custom,3688,aleatorio,0.2372248580931762,4.965068306494546e-16
6,hab_custom,3689,aleatorio,4.49850414701809,4.965068306494546e-16
6,hab_custom,3690,aleatorio,0.2985243889137046,4.965068306494546e-16
6,hab_custom,3691,aleatorio,1.4634889113265024,4.965068306494546e-16
6,hab_custom,3692,aleatorio,1.7872879477666521,4.965068306494546e-16
6,hab_custom,3693,aleatorio,0.7568989245753751,4.965068306494546e-16
6,hab_custom,3694,aleatorio,0.21580432071935304,4.965068306494546e-16
6,hab_custom,3695,aleatorio,1.3301656141573974,4.965068306494546e-16
6,hab_custom,3696,aleatorio,1.5381224675988575e-12,4.965068306494546e-16
6,hab_custom,3697,aleatorio,1.8675522153900806e-14,4.965068306494546e-16
6,hab_custom,3698,aleatorio,0.24453639802049515,4.965068306494546e-16
6,hab_custom,3699,aleatorio,4.356829757045895e-15,4.965068306494546e-16
6,hab_custom,3700,aleatorio,0.5558870334582509,4.965068306494546e-16
6,hab_custom,3701,aleatorio,1.76725490579152,4.965068306494546e-16
6,hab_custom,3702,aleatorio,0.14030572623150367,4.965068306494546e-16
6,hab_custom,3703,aleatorio,1.9334486497935766,4.965068306494546e-16
6,hab_custom,3704,aleatorio,1.065890428740196e-13,4.965068306494546e-16
6,hab_custom,3705,aleatorio,0.8522785901260053,4.965068306494546e-16
6,hab_custom,3706,aleatorio,1.19168517845725e-13,4.965068306494546e-16
6,hab_custom,3707,aleatorio,6.5663438134497845e-12,4.965068306494546e-16
6,hab_custom,3708,aleatorio,0.3599793262188634,4.965068306494546e-16
6,hab_custom,3709,aleatorio,1.0435163436293157e-11,4.965068306494546e-16
6,hab_custom,3710,aleatorio,2.135050720592058,4.965068306494546e-16
6,hab_custom,3711,aleatorio,1.4303797386916712,4.965068306494546e-16
6,hab_custom,3712,aleatorio,1.701041665322446,4.965068306494546e-16
6,hab_custom,3713,aleatorio,0.17778919025510176,4.965068306494546e-16
6,hab_custom,3714,aleatorio,6.067352544929255e-12,4.965068306494546e-16
6,hab_custom,3715,aleatorio,6.44691668288859e-11,4.965068306494546e-16
6,hab_custom,3716,aleatorio,8.207196335147218e-13,4.965068306494546e-16
6,hab_custom,3717,aleatorio,1.1115975047296058,4.965068306494546e-16
6,hab_custom,3718,aleatorio,0.508497210846299,4.965068306494546e-16
6,hab_custom,3719,aleatorio,0.13613959607360485,4.965068306494546e-16
6,hab_custom,3720,aleatorio,0.2157429853790624,4.965068306494546e-16
6,hab_custom,3721,aleatorio,1.447493528335634,4.965068306494546e-16
6,hab_custom,3722,aleatorio,0.0050734311896559236,4.965068306494546e-16
6,hab_custom,3723,aleatorio,1.9454725676658973,4.965068306494546e-16
6,hab_custom,3724,aleatorio,0.09617056418506222,4.965068306494546e-16
6,hab_custom,3725,aleatorio,1.0750915377237245,4.965068306494546e-16
6,hab_custom,3726,aleatorio,2.0206476796316775,4.965068306494546e-16
6,hab_custom,3727,aleatorio,1.6107377843991935e-11,4.965068306494546e-16
6,hab_custom,3728,aleatorio,0.5020879032189909,4.965068306494546e-16
6,hab_custom,3729,aleatorio,2.0085737862671946,4.965068306494546e-16
6,hab_custom,3730,aleatorio,0.7025332101833626,4.965068306494546e-16
6,hab_custom,3731,aleatorio,1.538370149106851e-15,4.965068306494546e-16
6,hab_custom,3732,aleatorio,6.661338147750939e-16,4.965068306494546e-16
6,hab_custom,3733,aleatorio,3.0357647348311546e-14,4.965068306494546e-16
6,hab_custom,3734,aleatorio,0.38435589749351645,4.965068306494546e-16
6,hab_custom,3735,aleatorio,6.431977227891799e-14,4.965068306494546e-16
6,hab_custom,3736,aleatorio,0.45101393952389096,4.965068306494546e-16
6,hab_custom,3737,aleatorio,1.7026107760432159,4.965068306494546e-16
6,hab_custom,3738,aleatorio,0.303866371419804,4.965068306494546e-16
6,hab_custom,3739,aleatorio,7.38668200861406e-11,4.965068306494546e-16
6,hab_custom,3740,aleatorio,0.9046664547095516,4.965068306494546e-16
6,hab_custom,3741,aleatorio,5.967090480216858e-13,4.965068306494546e-16
6,hab_custom,3742,aleatorio,1.5142810716638961,4.965068306494546e-16
6,hab_custom,3743,aleatorio,0.5172562666807834,4.965068306494546e-16
6,hab_custom,3744,aleatorio,9.933530920667325e-12,4.965068306494546e-16
6,hab_custom,3745,aleatorio,1.538370149106851e-15,4.965068306494546e-16
6,hab_custom,3746,aleatorio,0.2821757972003998,4.965068306494546e-16
6,hab_custom,3747,aleatorio,0.007562142134967662,4.965068306494546e-16
6,hab_custom,3748,aleatorio,9.077995746625257,4.965068306494546e-16
6,hab_custom,3749,aleatorio,0.8997851181525536,4.965068306494546e-16
6,hab_custom,3750,aleatorio,0.2695974645767839,4.965068306494546e-16
6,hab_custom,3751,aleatorio,4.687192785709286e-14,4.965068306494546e-16
6,hab_custom,3752,aleatorio,0.002442248532284583,4.965068306494546e-16
6,hab_custom,3753,aleatorio,1.2942353184152167e-13,4.965068306494546e-16
6,hab_custom,3754,aleatorio,2.8257016836650313e-12,4.965068306494546e-16
6,hab_custom,3755,aleatorio,3.46199652872524e-12,4.965068306494546e-16
6,hab_custom,3756,aleatorio,0.8412424516793727,4.965068306494546e-16
6,hab_custom,3757,aleatorio,9.445544954514262e-15,4.965068306494546e-16
6,hab_custom,3758,aleatorio,0.17714667742724288,4.965068306494546e-16
6,hab_custom,3759,aleatorio,0.23782407743627196,4.965068306494546e-16
6,hab_custom,3760,aleatorio,3.1166236432395025e-14,4.965068306494546e-16
6,hab_custom,3761,aleatorio,1.4536953609906378,4.965068306494546e-16
6,hab_custom,3762,aleatorio,0.38186942696738574,4.965068306494546e-16
6,hab_custom,3763,aleatorio,2.316549701743543,4.965068306494546e-16
6,hab_custom,3764,aleatorio,13.187589040912194,4.965068306494546e-16
6,hab_custom,3765,aleatorio,1.3424778575005736,4.965068306494546e-16
6,hab_custom,3766,aleatorio,1.1957467920563633e-15,4.965068306494546e-16
6,hab_custom,3767,aleatorio,1.8146876910052891,4.965068306494546e-16
6,hab_custom,3768,aleatorio,0.3107923051608102,4.965068306494546e-16
6,hab_custom,3769,aleatorio,0.025813350978336234,4.965068306494546e-16
6,hab_custom,3770,aleatorio,0.01943225299156132,4.965068306494546e-16
6,hab_custom,3771,aleatorio,2.8416739064897913,4.965068306494546e-16
6,hab_custom,3772,aleatorio,3.057724576299522,4.965068306494546e-16
6,hab_custom,3773,aleatorio,4.829717474344919,4.965068306494546e-16
6,hab_custom,3774,aleatorio,3.023624686668736e-13,4.965068306494546e-16
6,hab_custom,3775,aleatorio,7.987742796834269e-12,4.965068306494546e-16
6,hab_custom,3776,aleatorio,0.21885299467682123,4.965068306494546e-16
6,hab_custom,3777,aleatorio,1.7280707809936218,4.965068306494546e-16
6,hab_custom,3778,aleatorio,1.4372717042264238,4.965068306494546e-16
6,hab_custom,3779,aleatorio,6.415243157564434,4.965068306494546e-16
6,hab_custom,3780,aleatorio,0.1107714726500352,4.965068306494546e-16
6,hab_custom,3781,aleatorio,1.8856583298221465,4.965068306494546e-16
6,hab_custom,3782,aleatorio,4.938381168308668,4.965068306494546e-16
6,hab_custom,3783,aleatorio,2.744295256442325e-15,4.965068306494546e-16
6,hab_custom,3784,aleatorio,0.02345999727553397,4.965068306494546e-16
6,hab_custom,3785,aleatorio,3.3061480950309896,4.965068306494546e-16
6,hab_custom,3786,aleatorio,0.009030657978884164,4.965068306494546e-16
6,hab_custom,3787,aleatorio,0.33082337107502957,4.965068306494546e-16
6,hab_custom,3788,aleatorio,1.1957467920563633e-15,4.965068306494546e-16
6,hab_custom,3789,aleatorio,5.019086774159516,4.965068306494546e-16
6,hab_custom,3790,aleatorio,0.8481297972711869,4.965068306494546e-16
6,hab_custom,3791,aleatorio,0.12109347400566249,4.965068306494546e-16
6,hab_custom,3792,aleatorio,9.930136612989092e-16,4.965068306494546e-16
6,hab_custom,3793,aleatorio,0.7346684158275493,4.965068306494546e-16
6,hab_custom,3794,aleatorio,0.17032679035184953,4.965068306494546e-16
6,hab_custom,3795,aleatorio,1.4879472088625674,4.965068306494546e-16
6,hab_custom,3796,aleatorio,0.2982766967031917,4.965068306494546e-16
6,hab_custom,3797,aleatorio,1.3335271113231966,4.965068306494546e-16
6,hab_custom,3798,aleatorio,1.4693058671442132,4.965068306494546e-16
6,hab_custom,3799,aleatorio,0.831298544827996,4.965068306494546e-16
6,hab_custom,3800,aleatorio,0.07512894255596998,4.965068306494546e-16
6,hab_custom,3801,aleatorio,0.3164840677155894,4.965068306494546e-16
6,hab_custom,3802,aleatorio,0.3516230213237905,4.965068306494546e-16
6,hab_custom,3803,aleatorio,0.4398812169597501,4.965068306494546e-16
6,hab_custom,3804,aleatorio,1.5675028106806972e-13,4.965068306494546e-16
6,hab_custom,3805,aleatorio,2.3603665272841412e-15,4.965068306494546e-16
6,hab_custom,3806,aleatorio,1.2130877088676015e-10,4.965068306494546e-16
6,hab_custom,3807,aleatorio,1.4135452111747053,4.965068306494546e-16
6,hab_custom,3808,aleatorio,1.2755491433176288e-15,4.965068306494546e-16
6,hab_custom,3809,aleatorio,0.9162821884712581,4.965068306494546e-16
6,hab_custom,3810,aleatorio,4.604218432927932e-13,4.965068306494546e-16
6,hab_custom,3811,aleatorio,0.02564503896211689,4.965068306494546e-16
6,hab_custom,3812,aleatorio,0.13850554150082592,4.965068306494546e-16
6,hab_custom,3813,aleatorio,8.90017736810826e-12,4.965068306494546e-16
6,hab_custom,3814,aleatorio,8.579628114817933,4.965068306494546e-16
6,hab_custom,3815,aleatorio,3.0906809923597747,4.965068306494546e-16
6,hab_custom,3816,aleatorio,1.150541984768379e-12,4.965068306494546e-16
6,hab_custom,3817,aleatorio,4.609887727465894,4.965068306494546e-16
6,hab_custom,3818,aleatorio,0.361200719469298,4.965068306494546e-16
6,hab_custom,3819,aleatorio,7.660117138351254e-11,4.965068306494546e-16
6,hab_custom,3820,aleatorio,0.1887199413951398,4.965068306494546e-16
6,hab_custom,3821,aleatorio,0.7604035996991888,4.965068306494546e-16
6,hab_custom,3822,aleatorio,4.086588122948326,4.965068306494546e-16
6,hab_custom,3823,aleatorio,0.010754737324757766,4.965068306494546e-16
6,hab_custom,3824,aleatorio,1.4688716427023065,4.965068306494546e-16
6,hab_custom,3825,aleatorio,0.7411548956551787,4.965068306494546e-16
6,hab_custom,3826,aleatorio,0.5318894573092025,4.965068306494546e-16
6,hab_custom,3827,aleatorio,7.021666937153402e-16,4.965068306494546e-16
6,hab_custom,3828,aleatorio,3.994643538342787e-14,4.965068306494546e-16
6,hab_custom,3829,aleatorio,1.5419715235459985,4.965068306494546e-16
6,hab_custom,3830,aleatorio,4.6470493090159045e-15,4.965068306494546e-16
6,hab_custom,3831,aleatorio,0.22739718655230026,4.965068306494546e-16
6,hab_custom,3832,aleatorio,7.217303627247154e-15,4.965068306494546e-16
6,hab_custom,3833,aleatorio,0.7467470332647509,4.965068306494546e-16
6,hab_custom,3834,aleatorio,2.7270815554943133,4.965068306494546e-16
6,hab_custom,3835,aleatorio,1.5509624920180728e-13,4.965068306494546e-16
6,hab_custom,3836,aleatorio,3.6749456121570936,4.965068306494546e-16
6,hab_custom,3837,aleatorio,3.5024020130237696,4.965068306494546e-16
6,hab_custom,3838,aleatorio,2.616878664497228,4.965068306494546e-16
6,hab_custom,3839,aleatorio,0.5579854676605289,4.965068306494546e-16
6,hab_custom,3840,aleatorio,0.0026186463656759154,4.965068306494546e-16
6,hab_custom,3841,aleatorio,0.2821780575302175,4.965068306494546e-16
6,hab_custom,3842,aleatorio,0.7960756209829039,4.965068306494546e-16
6,hab_custom,3843,aleatorio,9.789641562385832e-11,4.965068306494546e-16
6,hab_custom,3844,aleatorio,1.8149684782055937e-15,4.965068306494546e-16
6,hab_custom,3845,aleatorio,0.024611260561551416,4.965068306494546e-16
6,hab_custom,3846,aleatorio,1.3603548721748484e-13,4.965068306494546e-16
6,hab_custom,3847,aleatorio,3.3297664744275037,4.965068306494546e-16
6,hab_custom,3848,aleatorio,2.7130184473963173,4.965068306494546e-16
6,hab_custom,3849,aleatorio,0.2950937785757051,4.965068306494546e-16
6,hab_custom,3850,aleatorio,0.981469939311982,4.965068306494546e-16
6,hab_custom,3851,aleatorio,0.4084778849112437,4.965068306494546e-16
6,hab_custom,3852,aleatorio,0.2624673422078528,4.965068306494546e-16
6,hab_custom,3853,aleatorio,5.988332872069284e-12,4.965068306494546e-16
6,hab_custom,3854,aleatorio,3.071086400447868e-14,4.965068306494546e-16
6,hab_custom,3855,aleatorio,2.0137621733714643e-15,4.965068306494546e-16
6,hab_custom,3856,aleatorio,0.8570665229762676,4.965068306494546e-16
6,hab_custom,3857,aleatorio,1.4264339673525772e-13,4.965068306494546e-16
6,hab_custom,3858,aleatorio,5.867042456636143e-13,4.965068306494546e-16
6,hab_custom,3859,aleatorio,0.0008952741426887841,4.965068306494546e-16
6,hab_custom,3860,aleatorio,1.4259430178027406,4.965068306494546e-16
6,hab_custom,3861,aleatorio,0.7986100010249403,4.965068306494546e-16
6,hab_custom,3862,aleatorio,9.867640757880979e-14,4.965068306494546e-16
6,hab_custom,3863,aleatorio,3.5060217337225465e-13,4.965068306494546e-16
6,hab_custom,3864,aleatorio,2.08188498804902,4.965068306494546e-16
6,hab_custom,3865,aleatorio,0.457258541227118,4.965068306494546e-16
6,hab_custom,3866,aleatorio,0.4739797822475178,4.965068306494546e-16
6,hab_custom,3867,aleatorio,1.219062083961871,4.965068306494546e-16
6,hab_custom,3868,aleatorio,2.3420988259833138,4.965068306494546e-16
6,hab_custom,3869,aleatorio,1.7231412729320654e-12,4.965068306494546e-16
6,hab_custom,3870,aleatorio,1.3732700395566711e-15,4.965068306494546e-16
6,hab_custom,3871,aleatorio,1.0198516054305706,4.965068306494546e-16
6,hab_custom,3872,aleatorio,5.11030725762567e-14,4.965068306494546e-16
6,hab_custom,3873,aleatorio,0.09114748464093761,4.965068306494546e-16
6,hab_custom,3874,aleatorio,0.011563329479540429,4.965068306494546e-16
6,hab_custom,3875,aleatorio,1.7539944246930952,4.965068306494546e-16
6,hab_custom,3876,aleatorio,2.205695387058608,4.965068306494546e-16
6,hab_custom,3877,aleatorio,1.2221346126961465e-10,4.965068306494546e-16
6,hab_custom,3878,aleatorio,7.253176323198937e-13,4.965068306494546e-16
6,hab_custom,3879,aleatorio,6.023919126296978e-15,4.965068306494546e-16
6,hab_custom,3880,aleatorio,2.2787007222717168e-12,4.965068306494546e-16
6,hab_custom,3881,aleatorio,3.138301026362033e-13,4.965068306494546e-16
6,hab_custom,3882,aleatorio,8.95090418262362e-16,4.965068306494546e-16
6,hab_custom,3883,aleatorio,1.9549822178420189,4.965068306494546e-16
6,hab_custom,3884,aleatorio,0.3707972847048208,4.965068306494546e-16
6,hab_custom,3885,aleatorio,0.30640610348548303,4.965068306494546e-16
6,hab_custom,3886,aleatorio,0.2143338239255332,4.965068306494546e-16
6,hab_custom,3887,aleatorio,0.18754450165748565,4.965068306494546e-16
6,hab_custom,3888,aleatorio,6.065374202629145e-11,4.965068306494546e-16
6,hab_custom,3889,aleatorio,2.37934996222359,4.965068306494546e-16
6,hab_custom,3890,aleatorio,0.667439717086059,4.965068306494546e-16
6,hab_custom,3891,aleatorio,0.6120089341056401,4.965068306494546e-16
6,hab_custom,3892,aleatorio,1.6541620808213562,4.965068306494546e-16
6,hab_custom,3893,aleatorio,0.15383637907773887,4.965068306494546e-16
6,hab_custom,3894,aleatorio,0.34955103464680126,4.965068306494546e-16
6,hab_custom,3895,aleatorio,0.11397049331372372,4.965068306494546e-16
6,hab_custom,3896,aleatorio,2.664646427645768,4.965068306494546e-16
6,hab_custom,3897,aleatorio,0.921675335038202,4.965068306494546e-16
6,hab_custom,3898,aleatorio,4.099803637592974,4.965068306494546e-16
6,hab_custom,3899,aleatorio,9.73267375312364e-15,4.965068306494546e-16
6,hab_custom,3900,aleatorio,0.0094389438264109,4.965068306494546e-16
6,hab_custom,3901,aleatorio,1.9429616967935834,4.965068306494546e-16
6,hab_custom,3902,aleatorio,1.0525349526236671,4.965068306494546e-16
6,hab_custom,3903,aleatorio,1.1447655162999888,4.965068306494546e-16
6,hab_custom,3904,aleatorio,0.2327980838337608,4.965068306494546e-16
6,hab_custom,3905,aleatorio,1.8641052708174366,4.965068306494546e-16
6,hab_custom,3906,aleatorio,0.4674324480929894,4.965068306494546e-16
6,hab_custom,3907,aleatorio,2.109774314401794e-14,4.965068306494546e-16
6,hab_custom,3908,aleatorio,1.2771188681658014,4.965068306494546e-16
6,hab_custom,3909,aleatorio,0.6385257578748521,4.965068306494546e-16
6,hab_custom,3910,aleatorio,1.3322676295501878e-15,4.965068306494546e-16
6,hab_custom,3911,aleatorio,0.12794418514130398,4.965068306494546e-16
6,hab_custom,3912,aleatorio,1.164317245562527,4.965068306494546e-16
6,hab_custom,3913,aleatorio,2.008565658834019,4.965068306494546e-16
6,hab_custom,3914,aleatorio,0.05934565244167747,4.965068306494546e-16
6,hab_custom,3915,aleatorio,0.5396420790132916,4.965068306494546e-16
6,hab_custom,3916,aleatorio,0.214119803993558,4.965068306494546e-16
6,hab_custom,3917,aleatorio,2.6538742942020344e-14,4.965068306494546e-16
6,hab_custom,3918,aleatorio,4.9795080705638114e-14,4.965068306494546e-16
6,hab_custom,3919,aleatorio,0.02281773517154862,4.965068306494546e-16
6,hab_custom,3920,aleatorio,8.122377079881819e-13,4.965068306494546e-16
6,hab_custom,3921,aleatorio,2.0605352669534e-12,4.965068306494546e-16
6,hab_custom,3922,aleatorio,1.6198925690987298,4.965068306494546e-16
6,hab_custom,3923,aleatorio,8.517154829612643,4.965068306494546e-16
6,hab_custom,3924,aleatorio,0.4483082705270819,4.965068306494546e-16
6,hab_custom,3925,aleatorio,1.1468612825462996,4.965068306494546e-16
6,hab_custom,3926,aleatorio,1.7852735869949069e-12,4.965068306494546e-16
6,hab_custom,3927,aleatorio,0.00017627233656186943,4.965068306494546e-16
6,hab_custom,3928,aleatorio,0.4786019566683757,4.965068306494546e-16
6,hab_custom,3929,aleatorio,0.3288128800636575,4.965068306494546e-16
6,hab_custom,3930,aleatorio,1.5543122344752192e-15,4.965068306494546e-16
6,hab_custom,3931,aleatorio,5.778537945851844,4.965068306494546e-16
6,hab_custom,3932,aleatorio,3.93135923108834,4.965068306494546e-16
6,hab_custom,3933,aleatorio,1.0295784775289034e-15,4.965068306494546e-16
6,hab_custom,3934,aleatorio,5.31583549036881e-14,4.965068306494546e-16
6,hab_custom,3935,aleatorio,1.591236792314574,4.965068306494546e-16
6,hab_custom,3936,aleatorio,0.5870324463888605,4.965068306494546e-16
6,hab_custom,3937,aleatorio,0.575170679633165,4.965068306494546e-16
6,hab_custom,3938,aleatorio,4.107724694027177,4.965068306494546e-16
6,hab_custom,3939,aleatorio,0.07437841654940809,4.965068306494546e-16
6,hab_custom,3940,aleatorio,5.5716827595179774e-14,4.965068306494546e-16
6,hab_custom,3941,aleatorio,0.8721481613813822,4.965068306494546e-16
6,hab_custom,3942,aleatorio,0.40798830006120945,4.965068306494546e-16
6,hab_custom,3943,aleatorio,0.2650173098276779,4.965068306494546e-16
6,hab_custom,3944,aleatorio,1.0696646041888398,4.965068306494546e-16
6,hab_custom,3945,aleatorio,0.7318291883203357,4.965068306494546e-16
6,hab_custom,3946,aleatorio,4.639230061093018,4.965068306494546e-16
6,hab_custom,3947,aleatorio,2.9876065582481224,4.965068306494546e-16
6,hab_custom,3948,aleatorio,1.8257684307229484e-14,4.965068306494546e-16
6,hab_custom,3949,aleatorio,2.202330091159148e-12,4.965068306494546e-16
6,hab_custom,3950,aleatorio,2.0319877342907206e-12,4.965068306494546e-16
6,hab_custom,3951,aleatorio,0.7796270927688488,4.965068306494546e-16
6,hab_custom,3952,aleatorio,0.9608234765654916,4.965068306494546e-16
6,hab_custom,3953,aleatorio,8.95090418262362e-16,4.965068306494546e-16
6,hab_custom,3954,aleatorio,2.354185801704789,4.965068306494546e-16
6,hab_custom,3955,aleatorio,0.0745357257013913,4.965068306494546e-16
6,hab_custom,3956,aleatorio,1.540111937246904e-11,4.965068306494546e-16
6,hab_custom,3957,aleatorio,2.991701900295744,4.965068306494546e-16
6,hab_custom,3958,aleatorio,0.09506280301658487,4.965068306494546e-16
6,hab_custom,3959,aleatorio,9.204759938491757e-14,4.965068306494546e-16
6,hab_custom,3960,aleatorio,1.5673329513478818e-13,4.965068306494546e-16
6,hab_custom,3961,aleatorio,1.996720363714147,4.965068306494546e-16
6,hab_custom,3962,aleatorio,3.3118555804253114,4.965068306494546e-16
6,hab_custom,3963,aleatorio,0.026266557769051388,4.965068306494546e-16
6,hab_custom,3964,aleatorio,1.1102230246251565e-15,4.965068306494546e-16
6,hab_custom,3965,aleatorio,0.4155680856540407,4.965068306494546e-16
6,hab_custom,3966,aleatorio,0.27528273903196954,4.965068306494546e-16
6,hab_custom,3967,aleatorio,1.2571642595576262,4.965068306494546e-16
6,hab_custom,3968,aleatorio,7.28021923224409e-16,4.965068306494546e-16
6,hab_custom,3969,aleatorio,0.22279122651457312,4.965068306494546e-16
6,hab_custom,3970,aleatorio,7.522532882773819,4.965068306494546e-16
6,hab_custom,3971,aleatorio,1.8299661560311156,4.965068306494546e-16
6,hab_custom,3972,aleatorio,3.171463476413618,4.965068306494546e-16
6,hab_custom,3973,aleatorio,0.08863319143327293,4.965068306494546e-16
6,hab_custom,3974,aleatorio,0.09027310003852783,4.965068306494546e-16
6,hab_custom,3975,aleatorio,0.8166775108940468,4.965068306494546e-16
6,hab_custom,3976,aleatorio,1.0877919644084146e-15,4.965068306494546e-16
6,hab_custom,3977,aleatorio,0.29800310157643783,4.965068306494546e-16
6,hab_custom,3978,aleatorio,3.7983026342437625,4.965068306494546e-16
6,hab_custom,3979,aleatorio,1.4508196776639197,4.965068306494546e-16
6,hab_custom,3980,aleatorio,9.821540156590715e-14,4.965068306494546e-16
6,hab_custom,3981,aleatorio,4.023072611301094e-11,4.965068306494546e-16
6,hab_custom,3982,aleatorio,0.36302922202352267,4.965068306494546e-16
6,hab_custom,3983,aleatorio,6.805947860397278e-15,4.965068306494546e-16
6,hab_custom,3984,aleatorio,0.8182289484865369,4.965068306494546e-16
6,hab_custom,3985,aleatorio,3.674234415245817e-15,4.965068306494546e-16
6,hab_custom,3986,aleatorio,0.6582263604976202,4.965068306494546e-16
6,hab_custom,3987,aleatorio,1.5129506913504545,4.965068306494546e-16
6,hab_custom,3988,aleatorio,0.9438559788422273,4.965068306494546e-16
6,hab_custom,3989,aleatorio,0.798725086951408,4.965068306494546e-16
6,hab_custom,3990,aleatorio,2.72853472167579,4.965068306494546e-16
6,hab_custom,3991,aleatorio,0.7481662973645326,4.965068306494546e-16
6,hab_custom,3992,aleatorio,3.4970664723512686,4.965068306494546e-16
6,hab_custom,3993,aleatorio,0.28734298294967464,4.965068306494546e-16
6,hab_custom,3994,aleatorio,1.5746862442434981,4.965068306494546e-16
6,hab_custom,3995,aleatorio,0.04972945181484474,4.965068306494546e-16
6,hab_custom,3996,aleatorio,0.27043662982463323,4.965068306494546e-16
6,hab_custom,3997,aleatorio,0.3042543143889027,4.965068306494546e-16
6,hab_custom,3998,aleatorio,5.916812133907721e-13,4.965068306494546e-16
6,hab_custom,3999,aleatorio,1.8541120686165065,4.965068306494546e-16
6,hab_custom,4000,aleatorio,1.1102230246251565e-15,4.965068306494546e-16
6,hab_custom,4001,aleatorio,0.5831508286010034,4.965068306494546e-16
6,hab_custom,4002,aleatorio,4.441382390332155e-12,4.965068306494546e-16
6,hab_custom,4003,aleatorio,2.381722583464764,4.965068306494546e-16
6,hab_custom,4004,aleatorio,3.683866550260774e-15,4.965068306494546e-16
6,hab_custom,4005,aleatorio,1.5135118075954848,4.965068306494546e-16
6,hab_custom,4006,aleatorio,1.9641850382783467e-15,4.965068306494546e-16
6,hab_custom,4007,aleatorio,0.5338023649606454,4.965068306494546e-16
6,hab_custom,4008,aleatorio,0.4546159374689124,4.965068306494546e-16
6,hab_custom,4009,aleatorio,1.0675013943630878,4.965068306494546e-16
6,hab_custom,4010,aleatorio,0.27949998863146147,4.965068306494546e-16
6,hab_custom,4011,aleatorio,0.9586418192276073,4.965068306494546e-16
6,hab_custom,4012,aleatorio,5.084045691930022e-15,4.965068306494546e-16
6,hab_custom,4013,aleatorio,1.1384910557554482,4.965068306494546e-16
6,hab_custom,4014,aleatorio,1.1517052160174799,4.965068306494546e-16
6,hab_custom,4015,aleatorio,3.0695496339171044,4.965068306494546e-16
6,hab_custom,4016,aleatorio,2.470859056333632,4.965068306494546e-16
6,hab_custom,4017,aleatorio,9.930136612989092e-16,4.965068306494546e-16
6,hab_custom,4018,aleatorio,4.963550902171484,4.965068306494546e-16
6,hab_custom,4019,aleatorio,8.296271088900922e-15,4.965068306494546e-16
6,hab_custom,4020,aleatorio,0.7418278919367751,4.965068306494546e-16
6,hab_custom,4021,aleatorio,1.3504550480461721,4.965068306494546e-16
6,hab_custom,4022,aleatorio,6.112648807223764,4.965068306494546e-16
6,hab_custom,4023,aleatorio,1.1283114463877537,4.965068306494546e-16
6,hab_custom,4024,aleatorio,9.155133597044475e-16,4.965068306494546e-16
6,hab_custom,4025,aleatorio,3.4985239719872952e-15,4.965068306494546e-16
6,hab_custom,4026,aleatorio,1.6136471996107275e-15,4.965068306494546e-16
6,hab_custom,4027,aleatorio,4.58853980699185e-14,4.965068306494546e-16
6,hab_custom,4028,aleatorio,0.7177436714935987,4.965068306494546e-16
6,hab_custom,4029,aleatorio,3.540049483202902e-13,4.965068306494546e-16
6,hab_custom,4030,aleatorio,0.3045609689390023,4.965068306494546e-16
6,hab_custom,4031,aleatorio,1.4130832128153975e-15,4.965068306494546e-16
6,hab_custom,4032,aleatorio,0.06302432034725639,4.965068306494546e-16
6,hab_custom,4033,aleatorio,1.990119288453645e-14,4.965068306494546e-16
6,hab_custom,4034,aleatorio,1.2618085929632115,4.965068306494546e-16
6,hab_custom,4035,aleatorio,0.07718825667058098,4.965068306494546e-16
6,hab_custom,4036,aleatorio,0.08806252473203366,4.965068306494546e-16
6,hab_custom,4037,aleatorio,0.35558409337560654,4.965068306494546e-16
6,hab_custom,4038,aleatorio,8.881784197001252e-16,4.965068306494546e-16
6,hab_custom,4039,aleatorio,6.785988690724957,4.965068306494546e-16
6,hab_custom,4040,aleatorio,0.0018322837707400754,4.965068306494546e-16
6,hab_custom,4041,aleatorio,1.2259798299641431e-14,4.965068306494546e-16
6,hab_custom,4042,aleatorio,7.842777501634124e-12,4.965068306494546e-16
6,hab_custom,4043,aleatorio,1.041481514324134e-15,4.965068306494546e-16
6,hab_custom,4044,aleatorio,1.1126544501829028,4.965068306494546e-16
6,hab_custom,4045,aleatorio,0.3629864735992924,4.965068306494546e-16
6,hab_custom,4046,aleatorio,2.8917536982617267,4.965068306494546e-16
6,hab_custom,4047,aleatorio,1.3450581348420292,4.965068306494546e-16
6,hab_custom,4048,aleatorio,0.3427249501902986,4.965068306494546e-16
6,hab_custom,4049,aleatorio,1.276155766839359,4.965068306494546e-16
6,hab_custom,4050,aleatorio,0.6042910610693605,4.965068306494546e-16
6,hab_custom,4051,aleatorio,0.7162005516494973,4.965068306494546e-16
6,hab_custom,4052,aleatorio,2.845731878035315,4.965068306494546e-16
6,hab_custom,4053,aleatorio,2.8940204469587303e-11,4.965068306494546e-16
6,hab_custom,4054,aleatorio,0.3955750481681483,4.965068306494546e-16
6,hab_custom,4055,aleatorio,1.416780073677786,4.965068306494546e-16
6,hab_custom,4056,aleatorio,1.5569186565933075,4.965068306494546e-16
6,hab_custom,4057,aleatorio,0.026919370387506192,4.965068306494546e-16
6,hab_custom,4058,aleatorio,1.4925354348651283,4.965068306494546e-16
6,hab_custom,4059,aleatorio,1.8371446080258105,4.965068306494546e-16
6,hab_custom,4060,aleatorio,0.46163696154905415,4.965068306494546e-16
6,hab_custom,4061,aleatorio,2.0146659615920663,4.965068306494546e-16
6,hab_custom,4062,aleatorio,3.8966411200217954,4.965068306494546e-16
6,hab_custom,4063,aleatorio,0.8445738383778589,4.965068306494546e-16
6,hab_custom,4064,aleatorio,0.5346306725452651,4.965068306494546e-16
6,hab_custom,4065,aleatorio,0.0076554459159600225,4.965068306494546e-16
6,hab_custom,4066,aleatorio,0.03188319698590015,4.965068306494546e-16
6,hab_custom,4067,aleatorio,1.2668827661131905e-12,4.965068306494546e-16
6,hab_custom,4068,aleatorio,1.028371526420913,4.965068306494546e-16
6,hab_custom,4069,aleatorio,1.1181720206929218,4.965068306494546e-16
6,hab_custom,4070,aleatorio,0.5566488918128593,4.965068306494546e-16
6,hab_custom,4071,aleatorio,0.5758573284927354,4.965068306494546e-16
6,hab_custom,4072,aleatorio,0.006204653247651627,4.965068306494546e-16
6,hab_custom,4073,aleatorio,2.1503641477977642e-13,4.965068306494546e-16
6,hab_custom,4074,aleatorio,0.07919911981880923,4.965068306494546e-16
6,hab_custom,4075,aleatorio,3.3859266718060868,4.965068306494546e-16
6,hab_custom,4076,aleatorio,0.5111650169844829,4.965068306494546e-16
6,hab_custom,4077,aleatorio,8.76898985579451e-13,4.965068306494546e-16
6,hab_custom,4078,aleatorio,0.6054436924563042,4.965068306494546e-16
6,hab_custom,4079,aleatorio,1.2158971377136782e-12,4.965068306494546e-16
6,hab_custom,4080,aleatorio,3.6260298700835784e-14,4.965068306494546e-16
6,hab_custom,4081,aleatorio,1.1322097734007351e-15,4.965068306494546e-16
6,hab_custom,4082,aleatorio,8.747526441393518,4.965068306494546e-16
6,hab_custom,4083,aleatorio,1.1653090415196518e-13,4.965068306494546e-16
6,hab_custom,4084,aleatorio,1.0852228157583326,4.965068306494546e-16
6,hab_custom,4085,aleatorio,0.6927018795467429,4.965068306494546e-16
6,hab_custom,4086,aleatorio,0.07736135110445021,4.965068306494546e-16
6,hab_custom,4087,aleatorio,0.0036691124871082044,4.965068306494546e-16
6,hab_custom,4088,aleatorio,5.259020646704613,4.965068306494546e-16
6,hab_custom,4089,aleatorio,2.164407116204316,4.965068306494546e-16
6,hab_custom,4090,aleatorio,1.33490645780405,4.965068306494546e-16
6,hab_custom,4091,aleatorio,1.7085309890983829,4.965068306494546e-16
6,hab_custom,4092,aleatorio,9.582362319928905e-11,4.965068306494546e-16
6,hab_custom,4093,aleatorio,0.4243385777438636,4.965068306494546e-16
6,hab_custom,4094,aleatorio,1.5025687679474165,4.965068306494546e-16
6,hab_custom,4095,aleatorio,1.4217791915866692e-15,4.965068306494546e-16
6,hab_custom,4096,aleatorio,5.782834989066406,4.965068306494546e-16
6,hab_custom,4097,aleatorio,0.055315302715926946,4.965068306494546e-16
6,hab_custom,4098,aleatorio,3.614692487721296e-14,4.965068306494546e-16
6,hab_custom,4099,aleatorio,0.4533499325473734,4.965068306494546e-16
6,hab_custom,4100,aleatorio,3.764230214412337e-12,4.965068306494546e-16
6,hab_custom,4101,aleatorio,0.04397426100119925,4.965068306494546e-16
6,hab_custom,4102,aleatorio,5.794080320979928,4.965068306494546e-16
6,hab_custom,4103,aleatorio,1.584344402153196,4.965068306494546e-16
6,hab_custom,4104,aleatorio,1.0042692657488925,4.965068306494546e-16
6,hab_custom,4105,aleatorio,0.27899030464671565,4.965068306494546e-16
6,hab_custom,4106,aleatorio,0.39061786187717695,4.965068306494546e-16
6,hab_custom,4107,aleatorio,2.537742316233497,4.965068306494546e-16
6,hab_custom,4108,aleatorio,3.8889513583078e-15,4.965068306494546e-16
6,hab_custom,4109,aleatorio,2.652830558602241,4.965068306494546e-16
6,hab_custom,4110,aleatorio,2.772266683894102,4.965068306494546e-16
6,hab_custom,4111,aleatorio,0.5159246411112016,4.965068306494546e-16
6,hab_custom,4112,aleatorio,0.1103473008217368,4.965068306494546e-16
6,hab_custom,4113,aleatorio,1.8700504055338212,4.965068306494546e-16
6,hab_custom,4114,aleatorio,1.7795016744503926,4.965068306494546e-16
6,hab_custom,4115,aleatorio,1.4562864649372616e-13,4.965068306494546e-16
6,hab_custom,4116,aleatorio,1.6241162679539781e-15,4.965068306494546e-16
6,hab_custom,4117,aleatorio,0.19544024286156197,4.965068306494546e-16
6,hab_custom,4118,aleatorio,0.3490394220490018,4.965068306494546e-16
6,hab_custom,4119,aleatorio,1.1102230246251565e-15,4.965068306494546e-16
6,hab_custom,4120,aleatorio,1.6952447052695974,4.965068306494546e-16
6,hab_custom,4121,aleatorio,0.14814222813912328,4.965068306494546e-16
6,hab_custom,4122,aleatorio,0.501868055298391,4.965068306494546e-16
6,hab_custom,4123,aleatorio,1.5457980424984827,4.965068306494546e-16
6,hab_custom,4124,aleatorio,3.041362712959789e-14,4.965068306494546e-16
6,hab_custom,4125,aleatorio,9.28879225241625e-16,4.965068306494546e-16
6,hab_custom,4126,aleatorio,0.1655378241666895,4.965068306494546e-16
6,hab_custom,4127,aleatorio,3.4755478145461824e-15,4.965068306494546e-16
6,hab_custom,4128,aleatorio,1.4025256355901743,4.965068306494546e-16
6,hab_custom,4129,aleatorio,2.702486414688902e-12,4.965068306494546e-16
6,hab_custom,4130,aleatorio,1.3728750554217607e-13,4.965068306494546e-16
6,hab_custom,4131,aleatorio,8.127762268412384,4.965068306494546e-16
6,hab_custom,4132,aleatorio,0.08273630436913472,4.965068306494546e-16
6,hab_custom,4133,aleatorio,9.520084780669841e-11,4.965068306494546e-16
6,hab_custom,4134,aleatorio,1.2020836221312898,4.965068306494546e-16
6,hab_custom,4135,aleatorio,0.1019819342581217,4.965068306494546e-16
6,hab_custom,4136,aleatorio,1.5001324571758858,4.965068306494546e-16
6,hab_custom,4137,aleatorio,0.05962230235448632,4.965068306494546e-16
6,hab_custom,4138,aleatorio,9.061251476703394e-12,4.965068306494546e-16
6,hab_custom,4139,aleatorio,1.3652516676075814e-12,4.965068306494546e-16
6,hab_custom,4140,aleatorio,4.535592822910688,4.965068306494546e-16
6,hab_custom,4141,aleatorio,0.01951309678016192,4.965068306494546e-16
6,hab_custom,4142,aleatorio,0.8233100469343726,4.965068306494546e-16
6,hab_custom,4143,aleatorio,1.3330039801476334,4.965068306494546e-16
6,hab_custom,4144,aleatorio,1.2560739669470201e-15,4.965068306494546e-16
6,hab_custom,4145,aleatorio,9.03070722462602e-14,4.965068306494546e-16
6,hab_custom,4146,aleatorio,0.4998635680313189,4.965068306494546e-16
6,hab_custom,4147,aleatorio,9.950670085699746e-11,4.965068306494546e-16
6,hab_custom,4148,aleatorio,1.614567787218312,4.965068306494546e-16
6,hab_custom,4149,aleatorio,0.974598407991663,4.965068306494546e-16
6,hab_custom,4150,aleatorio,1.2877510877564344,4.965068306494546e-16
6,hab_custom,4151,aleatorio,1.7731907748173672,4.965068306494546e-16
6,hab_custom,4152,aleatorio,0.5304879415383142,4.965068306494546e-16
6,hab_custom,4153,aleatorio,0.2194619022542324,4.965068306494546e-16
6,hab_custom,4154,aleatorio,1.5210775890556034,4.965068306494546e-16
6,hab_custom,4155,aleatorio,8.283034038122794e-13,4.965068306494546e-16
6,hab_custom,4156,aleatorio,1.2640077590779386,4.965068306494546e-16
6,hab_custom,4157,aleatorio,9.125168814255968e-14,4.965068306494546e-16
6,hab_custom,4158,aleatorio,0.19051806661010476,4.965068306494546e-16
6,hab_custom,4159,aleatorio,2.6456290594407315,4.965068306494546e-16
6,hab_custom,4160,aleatorio,0.1819113200235304,4.965068306494546e-16
6,hab_custom,4161,aleatorio,0.0,4.965068306494546e-16
6,hab_custom,4162,aleatorio,3.470352711762002,4.965068306494546e-16
6,hab_custom,4163,aleatorio,1.2264231460902093,4.965068306494546e-16
6,hab_custom,4164,aleatorio,2.440258143546605,4.965068306494546e-16
6,hab_custom,4165,aleatorio,1.9771269014652677,4.965068306494546e-16
6,hab_custom,4166,aleatorio,6.819553297622375e-11,4.965068306494546e-16
6,hab_custom,4167,aleatorio,1.5895974606912448e-15,4.965068306494546e-16
6,hab_custom,4168,aleatorio,2.124330351987598,4.965068306494546e-16
6,hab_custom,4169,aleatorio,3.4445314698890366,4.965068306494546e-16
6,hab_custom,4170,aleatorio,2.1175084356755765e-05,4.965068306494546e-16
6,hab_custom,4171,aleatorio,0.04072846014923981,4.965068306494546e-16
6,hab_custom,4172,aleatorio,1.1175765992077733e-11,4.965068306494546e-16
6,hab_custom,4173,aleatorio,1.4284832811774184,4.965068306494546e-16
6,hab_custom,4174,aleatorio,1.011160482201438,4.965068306494546e-16
6,hab_custom,4175,aleatorio,1.4043333874306805e-15,4.965068306494546e-16
6,hab_custom,4176,aleatorio,0.502240695586129,4.965068306494546e-16
6,hab_custom,4177,aleatorio,0.00523802601344103,4.965068306494546e-16
6,hab_custom,4178,aleatorio,0.47612502424361813,4.965068306494546e-16
6,hab_custom,4179,aleatorio,3.8874181305459463,4.965068306494546e-16
6,hab_custom,4180,aleatorio,2.165559552279365,4.965068306494546e-16
6,hab_custom,4181,aleatorio,2.9165480672078024e-13,4.965068306494546e-16
6,hab_custom,4182,aleatorio,4.2530307850102345,4.965068306494546e-16
6,hab_custom,4183,aleatorio,0.27664353681861376,4.965068306494546e-16
6,hab_custom,4184,aleatorio,2.7404501189362387,4.965068306494546e-16
6,hab_custom,4185,aleatorio,0.6691777950389124,4.965068306494546e-16
6,hab_custom,4186,aleatorio,8.405495513285155e-15,4.965068306494546e-16
6,hab_custom,4187,aleatorio,0.48539875663367393,4.965068306494546e-16
6,hab_custom,4188,aleatorio,4.1621233342467,4.965068306494546e-16
6,hab_custom,4189,aleatorio,2.808666774861361e-15,4.965068306494546e-16
6,hab_custom,4190,aleatorio,0.10620605728560667,4.965068306494546e-16
6,hab_custom,4191,aleatorio,0.18165385897741337,4.965068306494546e-16
6,hab_custom,4192,aleatorio,2.0625195662473175,4.965068306494546e-16
6,hab_custom,4193,aleatorio,0.12332865801702456,4.965068306494546e-16
6,hab_custom,4194,aleatorio,0.19411524137138517,4.965068306494546e-16
6,hab_custom,4195,aleatorio,5.5235129681591795e-14,4.965068306494546e-16
6,hab_custom,4196,aleatorio,2.314412146242898,4.965068306494546e-16
6,hab_custom,4197,aleatorio,3.044442305660358,4.965068306494546e-16
6,hab_custom,4198,aleatorio,1.2755491433176288e-15,4.965068306494546e-16
6,hab_custom,4199,aleatorio,0.3368761216588149,4.965068306494546e-16
6,hab_custom,4200,aleatorio,0.255073824843853,4.965068306494546e-16
6,hab_custom,4201,aleatorio,5.870667739403824e-11,4.965068306494546e-16
6,hab_custom,4202,aleatorio,0.10002995454383073,4.965068306494546e-16
6,hab_custom,4203,aleatorio,4.440892098500626e-16,4.965068306494546e-16
6,hab_custom,4204,aleatorio,1.1164075051631439e-13,4.965068306494546e-16
6,hab_custom,4205,aleatorio,0.3005658707352053,4.965068306494546e-16
6,hab_custom,4206,aleatorio,1.7309543899516477,4.965068306494546e-16
6,hab_custom,4207,aleatorio,0.04656676840590035,4.965068306494546e-16
6,hab_custom,4208,aleatorio,8.881784197001252e-16,4.965068306494546e-16
6,hab_custom,4209,aleatorio,1.276398831644825,4.965068306494546e-16
6,hab_custom,4210,aleatorio,0.3912198826309861,4.965068306494546e-16
6,hab_custom,4211,aleatorio,0.04724861938902504,4.965068306494546e-16
6,hab_custom,4212,aleatorio,1.2461481125364213,4.965068306494546e-16
6,hab_custom,4213,aleatorio,7.850462293418876e-16,4.965068306494546e-16
6,hab_custom,4214,aleatorio,1.8038988979531736e-15,4.965068306494546e-16
6,hab_custom,4215,aleatorio,2.9443082618914973,4.965068306494546e-16
6,hab_custom,4216,aleatorio,0.6679643650851815,4.965068306494546e-16
6,hab_custom,4217,aleatorio,1.6011864169946884e-15,4.965068306494546e-16
6,hab_custom,4218,aleatorio,1.6458127565660567,4.965068306494546e-16
6,hab_custom,4219,aleatorio,0.661535743734366,4.965068306494546e-16
6,hab_custom,4220,aleatorio,0.08077264771762895,4.965068306494546e-16
6,hab_custom,4221,aleatorio,0.7074798171192606,4.965068306494546e-16
6,hab_custom,4222,aleatorio,9.222205069512407e-16,4.965068306494546e-16
6,hab_custom,4223,aleatorio,4.455689302226637,4.965068306494546e-16
6,hab_custom,4224,aleatorio,0.00027822031796075357,4.965068306494546e-16
6,hab_custom,4225,aleatorio,4.708955985351037,4.965068306494546e-16
6,hab_custom,4226,aleatorio,1.0306610538672027,4.965068306494546e-16
6,hab_custom,4227,aleatorio,0.26077424342390765,4.965068306494546e-16
6,hab_custom,4228,aleatorio,1.7930268626132249,4.965068306494546e-16
6,hab_custom,4229,aleatorio,6.405053581041982e-14,4.965068306494546e-16
6,hab_custom,4230,aleatorio,85.3310847243564,4.965068306494546e-16
6,hab_custom,4231,aleatorio,1.1959879787230416e-13,4.965068306494546e-16
6,hab_custom,4232,aleatorio,4.234746491513054,4.965068306494546e-16
6,hab_custom,4233,aleatorio,0.05197865634075122,4.965068306494546e-16
6,hab_custom,4234,aleatorio,0.1199631258854542,4.965068306494546e-16
6,hab_custom,4235,aleatorio,1.5076900022829763e-11,4.965068306494546e-16
6,hab_custom,4236,aleatorio,0.9497014729892514,4.965068306494546e-16
6,hab_custom,4237,aleatorio,2.173510532701389,4.965068306494546e-16
6,hab_custom,4238,aleatorio,1.2094888698786381,4.965068306494546e-16
6,hab_custom,4239,aleatorio,0.30248277837218635,4.965068306494546e-16
6,hab_custom,4240,aleatorio,1.938220452880081,4.965068306494546e-16
6,hab_custom,4241,aleatorio,2.764566478226021,4.965068306494546e-16
6,hab_custom,4242,aleatorio,1.2858163391601045e-11,4.965068306494546e-16
6,hab_custom,4243,aleatorio,0.11072492230540569,4.965068306494546e-16
6,hab_custom,4244,aleatorio,2.940316637065095e-13,4.965068306494546e-16
6,hab_custom,4245,aleatorio,0.6836478716768097,4.965068306494546e-16
6,hab_custom,4246,aleatorio,5.026257190242256,4.965068306494546e-16
6,hab_custom,4247,aleatorio,2.2232198742534223e-15,4.965068306494546e-16
6,hab_custom,4248,aleatorio,0.2105182848805354,4.965068306494546e-16
6,hab_custom,4249,aleatorio,3.1142846254598364e-13,4.965068306494546e-16
6,hab_custom,4250,aleatorio,0.020645863119199078,4.965068306494546e-16
6,hab_custom,4251,aleatorio,2.2207526553126784,4.965068306494546e-16
6,hab_custom,4252,aleatorio,2.195409746904715,4.965068306494546e-16
6,hab_custom,4253,aleatorio,0.07655207233907083,4.965068306494546e-16
6,hab_custom,4254,aleatorio,1.1828099227517594,4.965068306494546e-16
6,hab_custom,4255,aleatorio,7.550332863779066e-16,4.965068306494546e-16
6,hab_custom,4256,aleatorio,1.9898701675304842,4.965068306494546e-16
6,hab_custom,4257,aleatorio,5.634860374059478e-15,4.965068306494546e-16
6,hab_custom,4258,aleatorio,1.7342238036525468e-15,4.965068306494546e-16
6,hab_custom,4259,aleatorio,9.329218281827719e-11,4.965068306494546e-16
6,hab_custom,4260,aleatorio,1.4395221626610717,4.965068306494546e-16
6,hab_custom,4261,aleatorio,0.31016266628042966,4.965068306494546e-16
6,hab_custom,4262,aleatorio,5.438959822042073e-16,4.965068306494546e-16
6,hab_custom,4263,aleatorio,0.5562558112368573,4.965068306494546e-16
6,hab_custom,4264,aleatorio,2.3581461117212245e-14,4.965068306494546e-16
6,hab_custom,4265,aleatorio,5.814979426837317e-12,4.965068306494546e-16
6,hab_custom,4266,aleatorio,4.076197102228689e-15,4.965068306494546e-16
6,hab_custom,4267,aleatorio,0.05410109525347998,4.965068306494546e-16
6,hab_custom,4268,aleatorio,4.566501629106894,4.965068306494546e-16
6,hab_custom,4269,aleatorio,1.445519024740093,4.965068306494546e-16
6,hab_custom,4270,aleatorio,9.616563168750864e-14,4.965068306494546e-16
6,hab_custom,4271,aleatorio,1.3542248627323532,4.965068306494546e-16
6,hab_custom,4272,aleatorio,0.03212448736345501,4.965068306494546e-16
6,hab_custom,4273,aleatorio,4.929116978722346e-11,4.965068306494546e-16
6,hab_custom,4274,aleatorio,0.12984080387364508,4.965068306494546e-16
6,hab_custom,4275,aleatorio,0.6162287368994406,4.965068306494546e-16
6,hab_custom,4276,aleatorio,0.4314340064353062,4.965068306494546e-16
6,hab_custom,4277,aleatorio,3.1537843100905385,4.965068306494546e-16
6,hab_custom,4278,aleatorio,9.56150183959115e-12,4.965068306494546e-16
6,hab_custom,4279,aleatorio,2.6171034705173963e-13,4.965068306494546e-16
6,hab_custom,4280,aleatorio,1.2188335282829187e-11,4.965068306494546e-16
6,hab_custom,4281,aleatorio,0.8752535528506342,4.965068306494546e-16
6,hab_custom,4282,aleatorio,1.1649294178189171,4.965068306494546e-16
6,hab_custom,4283,aleatorio,0.9011815198421936,4.965068306494546e-16
6,hab_custom,4284,aleatorio,8.624082108860543e-15,4.965068306494546e-16
6,hab_custom,4285,aleatorio,8.759511914735174e-16,4.965068306494546e-16
6,hab_custom,4286,aleatorio,0.12205538731416632,4.965068306494546e-16
6,hab_custom,4287,aleatorio,0.6868180715724485,4.965068306494546e-16
6,hab_custom,4288,aleatorio,9.010530670996003e-13,4.965068306494546e-16
6,hab_custom,4289,aleatorio,0.9092630781518489,4.965068306494546e-16
6,hab_custom,4290,aleatorio,4.189552027773136e-13,4.965068306494546e-16
6,hab_custom,4291,aleatorio,0.6533517849961719,4.965068306494546e-16
6,hab_custom,4292,aleatorio,0.11090677720229303,4.965068306494546e-16
6,hab_custom,4293,aleatorio,5.535550179266617e-15,4.965068306494546e-16
6,hab_custom,4294,aleatorio,6.559399315647991e-12,4.965068306494546e-16
6,hab_custom,4295,aleatorio,3.794299872214038e-15,4.965068306494546e-16
6,hab_custom,4296,aleatorio,0.8840870305169226,4.965068306494546e-16
6,hab_custom,4297,aleatorio,0.73938094796708,4.965068306494546e-16
6,hab_custom,4298,aleatorio,0.8140602787614286,4.965068306494546e-16
6,hab_custom,4299,aleatorio,1.5313177354345602,4.965068306494546e-16
6,hab_custom,4300,aleatorio,0.5970723634705692,4.965068306494546e-16
6,hab_custom,4301,aleatorio,1.5679160782327624,4.965068306494546e-16
6,hab_custom,4302,aleatorio,4.468294877657005,4.965068306494546e-16
6,hab_custom,4303,aleatorio,3.9811840761315067,4.965068306494546e-16
6,hab_custom,4304,aleatorio,2.1793415002082024,4.965068306494546e-16
6,hab_custom,4305,aleatorio,1.8456289901882765,4.965068306494546e-16
6,hab_custom,4306,aleatorio,0.017827586219598252,4.965068306494546e-16
6,hab_custom,4307,aleatorio,4.903720624821843,4.965068306494546e-16
6,hab_custom,4308,aleatorio,0.4453597873311274,4.965068306494546e-16
6,hab_custom,4309,aleatorio,8.318634890220368,4.965068306494546e-16
6,hab_custom,4310,aleatorio,7.319549771183181e-13,4.965068306494546e-16
6,hab_custom,4311,aleatorio,2.296849934203242e-11,4.965068306494546e-16
6,hab_custom,4312,aleatorio,3.2513753787858852,4.965068306494546e-16
6,hab_custom,4313,aleatorio,0.852870175636887,4.965068306494546e-16
6,hab_custom,4314,aleatorio,0.03611301291926552,4.965068306494546e-16
6,hab_custom,4315,aleatorio,0.5668461490213036,4.965068306494546e-16
6,hab_custom,4316,aleatorio,2.0476300861004715,4.965068306494546e-16
6,hab_custom,4317,aleatorio,3.815356980893987e-15,4.965068306494546e-16
6,hab_custom,4318,aleatorio,0.6066146124570434,4.965068306494546e-16
6,hab_custom,4319,aleatorio,4.1024349725450013e-13,4.965068306494546e-16
6,hab_custom,4320,aleatorio,1.8185591204574902,4.965068306494546e-16
6,hab_custom,4321,aleatorio,2.368615310606738,4.965068306494546e-16
6,hab_custom,4322,aleatorio,0.29125524835277844,4.965068306494546e-16
6,hab_custom,4323,aleatorio,1.4632685287718505,4.965068306494546e-16
6,hab_custom,4324,aleatorio,1.0366252290767861,4.965068306494546e-16
6,hab_custom,4325,aleatorio,0.8014394903813032,4.965068306494546e-16
6,hab_custom,4326,aleatorio,1.2008898127460164e-15,4.965068306494546e-16
6,hab_custom,4327,aleatorio,9.353666868339129e-14,4.965068306494546e-16
6,hab_custom,4328,aleatorio,1.510585040039899,4.965068306494546e-16
6,hab_custom,4329,aleatorio,0.8768412972739068,4.965068306494546e-16
6,hab_custom,4330,aleatorio,5.511002163945225e-15,4.965068306494546e-16
6,hab_custom,4331,aleatorio,0.10782450896162027,4.965068306494546e-16
6,hab_custom,4332,aleatorio,5.038370188013465e-14,4.965068306494546e-16
6,hab_custom,4333,aleatorio,2.8568314457407156,4.965068306494546e-16
6,hab_custom,4334,aleatorio,1.45708133133487e-13,4.965068306494546e-16
6,hab_custom,4335,aleatorio,0.5531043141128215,4.965068306494546e-16
6,hab_custom,4336,aleatorio,1.122458672561196,4.965068306494546e-16
6,hab_custom,4337,aleatorio,1.0441661608824877e-12,4.965068306494546e-16
6,hab_custom,4338,aleatorio,3.1651975163984772e-12,4.965068306494546e-16
6,hab_custom,4339,aleatorio,0.8258628645097974,4.965068306494546e-16
6,hab_custom,4340,aleatorio,0.26570221255600773,4.965068306494546e-16
6,hab_custom,4341,aleatorio,1.0175362097255202e-15,4.965068306494546e-16
6,hab_custom,4342,aleatorio,0.8597030131903859,4.965068306494546e-16
6,hab_custom,4343,aleatorio,6.623340858654834e-12,4.965068306494546e-16
6,hab_custom,4344,aleatorio,1.5873185906873593,4.965068306494546e-16
6,hab_custom,4345,aleatorio,0.30449643757968764,4.965068306494546e-16
6,hab_custom,4346,aleatorio,0.5971638987991302,4.965068306494546e-16
6,hab_custom,4347,aleatorio,8.878131172500852,4.965068306494546e-16
6,hab_custom,4348,aleatorio,2.426067549882691,4.965068306494546e-16
6,hab_custom,4349,aleatorio,0.7248297302013121,4.965068306494546e-16
6,hab_custom,4350,aleatorio,1.3395014478996248e-13,4.965068306494546e-16
6,hab_custom,4351,aleatorio,0.30024162155021966,4.965068306494546e-16
6,hab_custom,4352,aleatorio,7.08119011281854e-11,4.965068306494546e-16
6,hab_custom,4353,aleatorio,1.520109112812175,4.965068306494546e-16
6,hab_custom,4354,aleatorio,0.13046478307717876,4.965068306494546e-16
6,hab_custom,4355,aleatorio,0.9820013137025551,4.965068306494546e-16
6,hab_custom,4356,aleatorio,1.1214511574602373,4.965068306494546e-16
6,hab_custom,4357,aleatorio,0.5075960119400289,4.965068306494546e-16
6,hab_custom,4358,aleatorio,1.9081630212486386e-14,4.965068306494546e-16
6,hab_custom,4359,aleatorio,0.24188630956319873,4.965068306494546e-16
6,hab_custom,4360,aleatorio,0.392863896432663,4.965068306494546e-16
6,hab_custom,4361,aleatorio,4.166791871957199,4.965068306494546e-16
6,hab_custom,4362,aleatorio,0.6356321048323881,4.965068306494546e-16
6,hab_custom,4363,aleatorio,7.850462293418876e-16,4.965068306494546e-16
6,hab_custom,4364,aleatorio,2.0462463311781825e-12,4.965068306494546e-16
6,hab_custom,4365,aleatorio,1.6003301691596787e-13,4.965068306494546e-16
6,hab_custom,4366,aleatorio,0.10901294345112852,4.965068306494546e-16
6,hab_custom,4367,aleatorio,0.8257876428885392,4.965068306494546e-16
6,hab_custom,4368,aleatorio,2.352911075947315e-12,4.965068306494546e-16
6,hab_custom,4369,aleatorio,1.1306385540752748,4.965068306494546e-16
6,hab_custom,4370,aleatorio,2.3577902170698435,4.965068306494546e-16
6,hab_custom,4371,aleatorio,1.831026719408895e-15,4.965068306494546e-16
6,hab_custom,4372,aleatorio,3.9662719421835127e-11,4.965068306494546e-16
6,hab_custom,4373,aleatorio,0.9836411274081084,4.965068306494546e-16
6,hab_custom,4374,aleatorio,1.0175362097255202e-15,4.965068306494546e-16
6,hab_custom,4375,aleatorio,2.4847713278328727,4.965068306494546e-16
6,hab_custom,4376,aleatorio,2.75658283186801,4.965068306494546e-16
6,hab_custom,4377,aleatorio,2.2599253018540244,4.965068306494546e-16
6,hab_custom,4378,aleatorio,8.560964225815316e-15,4.965068306494546e-16
6,hab_custom,4379,aleatorio,0.795372625617008,4.965068306494546e-16
6,hab_custom,4380,aleatorio,4.592366113729874e-14,4.965068306494546e-16
6,hab_custom,4381,aleatorio,0.0251713855264459,4.965068306494546e-16
6,hab_custom,4382,aleatorio,0.9944758144899515,4.965068306494546e-16
6,hab_custom,4383,aleatorio,6.832547739870938e-13,4.965068306494546e-16
6,hab_custom,4384,aleatorio,0.008304481424136432,4.965068306494546e-16
6,hab_custom,4385,aleatorio,3.002797484145732,4.965068306494546e-16
6,hab_custom,4386,aleatorio,2.97913484016462,4.965068306494546e-16
6,hab_custom,4387,aleatorio,0.5255807368325184,4.965068306494546e-16
6,hab_custom,4388,aleatorio,4.440892098500626e-16,4.965068306494546e-16
6,hab_custom,4389,aleatorio,1.1957467920563633e-15,4.965068306494546e-16
6,hab_custom,4390,aleatorio,0.2126768150045788,4.965068306494546e-16
6,hab_custom,4391,aleatorio,0.36435755694163807,4.965068306494546e-16
6,hab_custom,4392,aleatorio,0.002327900711382306,4.965068306494546e-16
6,hab_custom,4393,aleatorio,1.0395153716999954,4.965068306494546e-16
6,hab_custom,4394,aleatorio,3.1408742643155256,4.965068306494546e-16
6,hab_custom,4395,aleatorio,1.2947314098277875e-15,4.965068306494546e-16
6,hab_custom,4396,aleatorio,1.4616385937798266,4.965068306494546e-16
6,hab_custom,4397,aleatorio,3.435465379072615e-11,4.965068306494546e-16
6,hab_custom,4398,aleatorio,3.3332075206821057,4.965068306494546e-16
6,hab_custom,4399,aleatorio,1.5757925592251274e-10,4.965068306494546e-16
6,hab_custom,4400,aleatorio,0.020648754910080436,4.965068306494546e-16
6,hab_custom,4401,aleatorio,1.3569949266499366,4.965068306494546e-16
6,hab_custom,4402,aleatorio,0.35919661522349894,4.965068306494546e-16
6,hab_custom,4403,aleatorio,1.4221520206933795,4.965068306494546e-16
6,hab_custom,4404,aleatorio,2.509747589460074,4.965068306494546e-16
6,hab_custom,4405,aleatorio,0.21788635462292127,4.965068306494546e-16
6,hab_custom,4406,aleatorio,2.6350746201155424,4.965068306494546e-16
6,hab_custom,4407,aleatorio,0.8078259175295568,4.965068306494546e-16
6,hab_custom,4408,aleatorio,4.232671664828532e-11,4.965068306494546e-16
6,hab_custom,4409,aleatorio,0.6987836588845223,4.965068306494546e-16
6,hab_custom,4410,aleatorio,3.8634261788715535e-13,4.965068306494546e-16
6,hab_custom,4411,aleatorio,1.5450429604764881,4.965068306494546e-16
6,hab_custom,4412,aleatorio,1.419159178019728e-11,4.965068306494546e-16
6,hab_custom,4413,aleatorio,0.9015830746008054,4.965068306494546e-16
6,hab_custom,4414,aleatorio,0.9283601049254679,4.965068306494546e-16
6,hab_custom,4415,aleatorio,3.503867205660792,4.965068306494546e-16
6,hab_custom,4416,aleatorio,1.9315187830933432e-13,4.965068306494546e-16
6,hab_custom,4417,aleatorio,1.0898741342693627,4.965068306494546e-16
6,hab_custom,4418,aleatorio,0.9088826411532053,4.965068306494546e-16
6,hab_custom,4419,aleatorio,6.378263105993433e-11,4.965068306494546e-16
6,hab_custom,4420,aleatorio,0.20871167416809047,4.965068306494546e-16
6,hab_custom,4421,aleatorio,2.311109004595826,4.965068306494546e-16
6,hab_custom,4422,aleatorio,4.001426143971387e-15,4.965068306494546e-16
6,hab_custom,4423,aleatorio,8.71383633168729e-15,4.965068306494546e-16
6,hab_custom,4424,aleatorio,1.8899641193580168,4.965068306494546e-16
6,hab_custom,4425,aleatorio,2.2801175884085296,4.965068306494546e-16
6,hab_custom,4426,aleatorio,3.922927067010648,4.965068306494546e-16
6,hab_custom,4427,aleatorio,4.628347791109649e-12,4.965068306494546e-16
6,hab_custom,4428,aleatorio,6.661338147750939e-16,4.965068306494546e-16
6,hab_custom,4429,aleatorio,0.5158199844263684,4.965068306494546e-16
6,hab_custom,4430,aleatorio,0.9857759916784996,4.965068306494546e-16
6,hab_custom,4431,aleatorio,0.2702853193181637,4.965068306494546e-16
6,hab_custom,4432,aleatorio,0.8061996525945072,4.965068306494546e-16
6,hab_custom,4433,aleatorio,9.155133597044475e-16,4.965068306494546e-16
6,hab_custom,4434,aleatorio,0.5366961111248446,4.965068306494546e-16
6,hab_custom,4435,aleatorio,4.171936868439776e-13,4.965068306494546e-16
6,hab_custom,4436,aleatorio,0.4820215313035175,4.965068306494546e-16
6,hab_custom,4437,aleatorio,1.616509124176106e-15,4.965068306494546e-16
6,hab_custom,4438,aleatorio,8.671119018262734e-16,4.965068306494546e-16
6,hab_custom,4439,aleatorio,1.6354739653476623e-12,4.965068306494546e-16
6,hab_custom,4440,aleatorio,1.1024479113515395,4.965068306494546e-16
6,hab_custom,4441,aleatorio,8.308148362110449e-16,4.965068306494546e-16
6,hab_custom,4442,aleatorio,0.5323588106495477,4.965068306494546e-16
6,hab_custom,4443,aleatorio,2.2050208108798544e-12,4.965068306494546e-16
6,hab_custom,4444,aleatorio,1.4581250142542883,4.965068306494546e-16
6,hab_custom,4445,aleatorio,2.6009649227541543,4.965068306494546e-16
6,hab_custom,4446,aleatorio,1.2399169857823052e-12,4.965068306494546e-16
6,hab_custom,4447,aleatorio,0.8775974744056921,4.965068306494546e-16
6,hab_custom,4448,aleatorio,3.775396706375201,4.965068306494546e-16
6,hab_custom,4449,aleatorio,9.805224261780596e-16,4.965068306494546e-16
6,hab_custom,4450,aleatorio,1.2811107802703599,4.965068306494546e-16
6,hab_custom,4451,aleatorio,1.9358602874635193,4.965068306494546e-16
6,hab_custom,4452,aleatorio,0.4893361199980854,4.965068306494546e-16
6,hab_custom,4453,aleatorio,1.3412119082892116e-14,4.965068306494546e-16
6,hab_custom,4454,aleatorio,0.7177656921649909,4.965068306494546e-16
6,hab_custom,4455,aleatorio,0.006918195262807437,4.965068306494546e-16
6,hab_custom,4456,aleatorio,7.638483749090301e-05,4.965068306494546e-16
6,hab_custom,4457,aleatorio,0.2574769093092055,4.965068306494546e-16
6,hab_custom,4458,aleatorio,0.5010162972520943,4.965068306494546e-16
6,hab_custom,4459,aleatorio,5.126486767451829,4.965068306494546e-16
6,hab_custom,4460,aleatorio,4.616294519946196e-13,4.965068306494546e-16
6,hab_custom,4461,aleatorio,1.3288660646883492e-10,4.965068306494546e-16
6,hab_custom,4462,aleatorio,0.1040589029707435,4.965068306494546e-16
6,hab_custom,4463,aleatorio,0.012384571796534377,4.965068306494546e-16
6,hab_custom,4464,aleatorio,51.462300933339364,4.965068306494546e-16
6,hab_custom,4465,aleatorio,7.168292037062447e-11,4.965068306494546e-16
6,hab_custom,4466,aleatorio,2.3529133390198996e-14,4.965068306494546e-16
6,hab_custom,4467,aleatorio,0.3819584427993646,4.965068306494546e-16
6,hab_custom,4468,aleatorio,2.283482999134608,4.965068306494546e-16
6,hab_custom,4469,aleatorio,2.0558320843974615e-14,4.965068306494546e-16
6,hab_custom,4470,aleatorio,0.6358030574476095,4.965068306494546e-16
6,hab_custom,4471,aleatorio,0.14592136232488706,4.965068306494546e-16
6,hab_custom,4472,aleatorio,3.589578639136229e-12,4.965068306494546e-16
6,hab_custom,4473,aleatorio,6.353186589658504e-11,4.965068306494546e-16
6,hab_custom,4474,aleatorio,4.748604670246505e-13,4.965068306494546e-16
6,hab_custom,4475,aleatorio,4.7844969132271594e-11,4.965068306494546e-16
6,hab_custom,4476,aleatorio,0.8412011150292352,4.965068306494546e-16
6,hab_custom,4477,aleatorio,3.188530037812348e-11,4.965068306494546e-16
6,hab_custom,4478,aleatorio,3.1086244689504383e-15,4.965068306494546e-16
6,hab_custom,4479,aleatorio,6.147674174685942,4.965068306494546e-16
6,hab_custom,4480,aleatorio,1.783190532508016,4.965068306494546e-16
6,hab_custom,4481,aleatorio,0.23907654247371812,4.965068306494546e-16
6,hab_custom,4482,aleatorio,1.7661958184544075,4.965068306494546e-16
6,hab_custom,4483,aleatorio,1.5931780412646617,4.965068306494546e-16
6,hab_custom,4484,aleatorio,6.156839120625812,4.965068306494546e-16
6,hab_custom,4485,aleatorio,0.5428137768765994,4.965068306494546e-16
6,hab_custom,4486,aleatorio,1.5626956004688804e-14,4.965068306494546e-16
6,hab_custom,4487,aleatorio,0.5275579818743443,4.965068306494546e-16
6,hab_custom,4488,aleatorio,0.9491571765293015,4.965068306494546e-16
6,hab_custom,4489,aleatorio,1.2701720617673182,4.965068306494546e-16
6,hab_custom,4490,aleatorio,6.068719048040045,4.965068306494546e-16
6,hab_custom,4491,aleatorio,0.3005301617195807,4.965068306494546e-16
6,hab_custom,4492,aleatorio,0.5265039544538258,4.965068306494546e-16
6,hab_custom,4493,aleatorio,0.8950625515898075,4.965068306494546e-16
6,hab_custom,4494,aleatorio,1.3338102155350355,4.965068306494546e-16
6,hab_custom,4495,aleatorio,1.8316987135594394,4.965068306494546e-16
6,hab_custom,4496,aleatorio,6.474159358781892e-11,4.965068306494546e-16
6,hab_custom,4497,aleatorio,0.0907708654322845,4.965068306494546e-16
6,hab_custom,4498,aleatorio,2.097588519271497,4.965068306494546e-16
6,hab_custom,4499,aleatorio,1.0370742897429044,4.965068306494546e-16
6,hab_custom,4500,aleatorio,1.0660323835995693e-10,4.965068306494546e-16
6,hab_custom,4501,aleatorio,0.3299043022117463,4.965068306494546e-16
6,hab_custom,4502,aleatorio,3.5820055079315366e-13,4.965068306494546e-16
6,hab_custom,4503,aleatorio,0.9146795571009567,4.965068306494546e-16
6,hab_custom,4504,aleatorio,1.0522384347299575e-13,4.965068306494546e-16
6,hab_custom,4505,aleatorio,0.01711463959607395,4.965068306494546e-16
6,hab_custom,4506,aleatorio,1.0285496444318218,4.965068306494546e-16
6,hab_custom,4507,aleatorio,1.5188997006673801,4.965068306494546e-16
6,hab_custom,4508,aleatorio,0.6339912109177512,4.965068306494546e-16
6,hab_custom,4509,aleatorio,1.2755491433176288e-15,4.965068306494546e-16
6,hab_custom,4510,aleatorio,0.6723266814464289,4.965068306494546e-16
6,hab_custom,4511,aleatorio,7.100477145685993e-11,4.965068306494546e-16
6,hab_custom,4512,aleatorio,0.8055210129933396,4.965068306494546e-16
6,hab_custom,4513,aleatorio,0.2321920918856831,4.965068306494546e-16
6,hab_custom,4514,aleatorio,1.832332678605551,4.965068306494546e-16
6,hab_custom,4515,aleatorio,4.109646121231256,4.965068306494546e-16
6,hab_custom,4516,aleatorio,0.23964019605422565,4.965068306494546e-16
6,hab_custom,4517,aleatorio,1.6544301967045232,4.965068306494546e-16
6,hab_custom,4518,aleatorio,0.28057307480824667,4.965068306494546e-16
6,hab_custom,4519,aleatorio,1.454965254449101,4.965068306494546e-16
6,hab_custom,4520,aleatorio,8.129944423650804e-11,4.965068306494546e-16
6,hab_custom,4521,aleatorio,0.2711169022708726,4.965068306494546e-16
6,hab_custom,4522,aleatorio,1.3965881956249493e-14,4.965068306494546e-16
6,hab_custom,4523,aleatorio,0.5973709579485283,4.965068306494546e-16
6,hab_custom,4524,aleatorio,9.305364597889227e-16,4.965068306494546e-16
6,hab_custom,4525,aleatorio,0.9128459894815101,4.965068306494546e-16
6,hab_custom,4526,aleatorio,0.7963330874514735,4.965068306494546e-16
6,hab_custom,4527,aleatorio,5.386130391776921,4.965068306494546e-16
6,hab_custom,4528,aleatorio,0.05737464433074792,4.965068306494546e-16
6,hab_custom,4529,aleatorio,3.8778423131653425e-15,4.965068306494546e-16
6,hab_custom,4530,aleatorio,2.2164708661312373e-11,4.965068306494546e-16
6,hab_custom,4531,aleatorio,2.066571701913577,4.965068306494546e-16
6,hab_custom,4532,aleatorio,1.0814317767770572,4.965068306494546e-16
6,hab_custom,4533,aleatorio,1.4207107218373984e-13,4.965068306494546e-16
6,hab_custom,4534,aleatorio,0.8128768803964939,4.965068306494546e-16
6,hab_custom,4535,aleatorio,0.6688295795552625,4.965068306494546e-16
6,hab_custom,4536,aleatorio,0.6907074323339225,4.965068306494546e-16
6,hab_custom,4537,aleatorio,0.43730105524512863,4.965068306494546e-16
6,hab_custom,4538,aleatorio,3.405210425904534,4.965068306494546e-16
6,hab_custom,4539,aleatorio,1.1810292980187613,4.965068306494546e-16
6,hab_custom,4540,aleatorio,0.71914081505531,4.965068306494546e-16
6,hab_custom,4541,aleatorio,0.08752924423123193,4.965068306494546e-16
6,hab_custom,4542,aleatorio,0.013448892318148232,4.965068306494546e-16
6,hab_custom,4543,aleatorio,0.07894959077368634,4.965068306494546e-16
6,hab_custom,4544,aleatorio,0.04025212248616024,4.965068306494546e-16
6,hab_custom,4545,aleatorio,0.5480863938293432,4.965068306494546e-16
6,hab_custom,4546,aleatorio,0.9707842966860973,4.965068306494546e-16
6,hab_custom,4547,aleatorio,2.8372264388886306,4.965068306494546e-16
6,hab_custom,4548,aleatorio,0.04492298449996708,4.965068306494546e-16
6,hab_custom,4549,aleatorio,2.3135300391230205e-14,4.965068306494546e-16
6,hab_custom,4550,aleatorio,0.5025870481826976,4.965068306494546e-16
6,hab_custom,4551,aleatorio,3.9474010475726985e-14,4.965068306494546e-16
6,hab_custom,4552,aleatorio,2.005220135111213,4.965068306494546e-16
6,hab_custom,4553,aleatorio,2.893560119503295,4.965068306494546e-16
6,hab_custom,4554,aleatorio,0.7793966374276501,4.965068306494546e-16
6,hab_custom,4555,aleatorio,2.432376777795247e-15,4.965068306494546e-16
6,hab_custom,4556,aleatorio,0.3847156436769239,4.965068306494546e-16
6,hab_custom,4557,aleatorio,0.8299126882811133,4.965068306494546e-16
6,hab_custom,4558,aleatorio,0.7878013291146523,4.965068306494546e-16
6,hab_custom,4559,aleatorio,1.659351043719386,4.965068306494546e-16
6,hab_custom,4560,aleatorio,0.5338017293996479,4.965068306494546e-16
6,hab_custom,4561,aleatorio,2.845428034781544e-11,4.965068306494546e-16
6,hab_custom,4562,aleatorio,0.18633123808819096,4.965068306494546e-16
6,hab_custom,4563,aleatorio,0.01189564287557423,4.965068306494546e-16
6,hab_custom,4564,aleatorio,0.06205727406844788,4.965068306494546e-16
6,hab_custom,4565,aleatorio,3.5237429425840957e-13,4.965068306494546e-16
6,hab_custom,4566,aleatorio,1.0899314508504557e-13,4.965068306494546e-16
6,hab_custom,4567,aleatorio,1.1490383304428364,4.965068306494546e-16
6,hab_custom,4568,aleatorio,2.010891893916959e-13,4.965068306494546e-16
6,hab_custom,4569,aleatorio,1.0352679659958968,4.965068306494546e-16
6,hab_custom,4570,aleatorio,0.2645938430990537,4.965068306494546e-16
6,hab_custom,4571,aleatorio,1.1760045221097128,4.965068306494546e-16
6,hab_custom,4572,aleatorio,2.4761782465751316e-12,4.965068306494546e-16
6,hab_custom,4573,aleatorio,2.480954371596758e-12,4.965068306494546e-16
6,hab_custom,4574,aleatorio,0.004776427386282145,4.965068306494546e-16
6,hab_custom,4575,aleatorio,1.2406018139863264,4.965068306494546e-16
6,hab_custom,4576,aleatorio,2.0874733244730512,4.965068306494546e-16
6,hab_custom,4577,aleatorio,0.4893549429112614,4.965068306494546e-16
6,hab_custom,4578,aleatorio,1.1644117316690922e-15,4.965068306494546e-16
6,hab_custom,4579,aleatorio,1.922962686383564e-15,4.965068306494546e-16
6,hab_custom,4580,aleatorio,0.30400139318364555,4.965068306494546e-16
6,hab_custom,4581,aleatorio,6.575670183899639e-15,4.965068306494546e-16
6,hab_custom,4582,aleatorio,1.0041873650905297,4.965068306494546e-16
6,hab_custom,4583,aleatorio,0.12118335275813683,4.965068306494546e-16
6,hab_custom,4584,aleatorio,4.326395396705155e-14,4.965068306494546e-16
6,hab_custom,4585,aleatorio,0.4862136741960275,4.965068306494546e-16
6,hab_custom,4586,aleatorio,0.37359883345211986,4.965068306494546e-16
6,hab_custom,4587,aleatorio,1.1779992339995793,4.965068306494546e-16
6,hab_custom,4588,aleatorio,0.30828850580664663,4.965068306494546e-16
6,hab_custom,4589,aleatorio,3.0201331455116262e-15,4.965068306494546e-16
6,hab_custom,4590,aleatorio,1.1919266699325365e-14,4.965068306494546e-16
6,hab_custom,4591,aleatorio,1.0841278857189875,4.965068306494546e-16
6,hab_custom,4592,aleatorio,0.45667392961194586,4.965068306494546e-16
6,hab_custom,4593,aleatorio,1.0503127574724993,4.965068306494546e-16
6,hab_custom,4594,aleatorio,2.6766994053618904,4.965068306494546e-16
6,hab_custom,4595,aleatorio,5.5923776729895566e-11,4.965068306494546e-16
6,hab_custom,4596,aleatorio,0.22672005458504335,4.965068306494546e-16
6,hab_custom,4597,aleatorio,0.8110918020322947,4.965068306494546e-16
6,hab_custom,4598,aleatorio,0.2677081124832491,4.965068306494546e-16
6,hab_custom,4599,aleatorio,0.4112050448949382,4.965068306494546e-16
6,hab_custom,4600,aleatorio,0.3380048072703611,4.965068306494546e-16
6,hab_custom,4601,aleatorio,3.113268077055221e-13,4.965068306494546e-16
6,hab_custom,4602,aleatorio,0.13404660632702797,4.965068306494546e-16
6,hab_custom,4603,aleatorio,0.9253925680592348,4.965068306494546e-16
6,hab_custom,4604,aleatorio,3.9412133169896435e-11,4.965068306494546e-16
6,hab_custom,4605,aleatorio,0.25845045400575845,4.965068306494546e-16
6,hab_custom,4606,aleatorio,4.738311009554141,4.965068306494546e-16
6,hab_custom,4607,aleatorio,0.18858781849718492,4.965068306494546e-16
6,hab_custom,4608,aleatorio,0.5841927365708247,4.965068306494546e-16
6,hab_custom,4609,aleatorio,0.026863477836146878,4.965068306494546e-16
6,hab_custom,4610,aleatorio,0.917452205409249,4.965068306494546e-16
6,hab_custom,4611,aleatorio,0.40857966401510376,4.965068306494546e-16
6,hab_custom,4612,aleatorio,3.188872858294072e-15,4.965068306494546e-16
6,hab_custom,4613,aleatorio,0.23046664046207607,4.965068306494546e-16
6,hab_custom,4614,aleatorio,1.6251070344103755,4.965068306494546e-16
6,hab_custom,4615,aleatorio,2.8812590500090845e-12,4.965068306494546e-16
6,hab_custom,4616,aleatorio,0.4971414480704933,4.965068306494546e-16
6,hab_custom,4617,aleatorio,4.782236675152311e-13,4.965068306494546e-16
6,hab_custom,4618,aleatorio,6.70095125494581e-11,4.965068306494546e-16
6,hab_custom,4619,aleatorio,0.16362162470535668,4.965068306494546e-16
6,hab_custom,4620,aleatorio,4.587881793368218,4.965068306494546e-16
6,hab_custom,4621,aleatorio,0.43552921925809107,4.965068306494546e-16
6,hab_custom,4622,aleatorio,2.1687207888731774,4.965068306494546e-16
6,hab_custom,4623,aleatorio,4.139881046100784,4.965068306494546e-16
6,hab_custom,4624,aleatorio,0.30457470313909685,4.965068306494546e-16
6,hab_custom,4625,aleatorio,5.720187769784878,4.965068306494546e-16
6,hab_custom,4626,aleatorio,1.2031994023833597,4.965068306494546e-16
6,hab_custom,4627,aleatorio,13.373142798061918,4.965068306494546e-16
6,hab_custom,4628,aleatorio,3.0017801805688644,4.965068306494546e-16
6,hab_custom,4629,aleatorio,0.8738266317683185,4.965068306494546e-16
6,hab_custom,4630,aleatorio,0.025180191232829986,4.965068306494546e-16
6,hab_custom,4631,aleatorio,0.7599393889818263,4.965068306494546e-16
6,hab_custom,4632,aleatorio,2.1630082426639516,4.965068306494546e-16
6,hab_custom,4633,aleatorio,0.5332187095834016,4.965068306494546e-16
6,hab_custom,4634,aleatorio,9.236320261059932e-12,4.965068306494546e-16
6,hab_custom,4635,aleatorio,0.4001480669046891,4.965068306494546e-16
6,hab_custom,4636,aleatorio,0.45887381061377747,4.965068306494546e-16
6,hab_custom,4637,aleatorio,4.349321322867908,4.965068306494546e-16
6,hab_custom,4638,aleatorio,2.1930105879955428e-13,4.965068306494546e-16
6,hab_custom,4639,aleatorio,5.712718531360182e-12,4.965068306494546e-16
6,hab_custom,4640,aleatorio,1.5733436049404854,4.965068306494546e-16
6,hab_custom,4641,aleatorio,0.46781746494979404,4.965068306494546e-16
6,hab_custom,4642,aleatorio,1.1102230246251565e-15,4.965068306494546e-16
6,hab_custom,4643,aleatorio,0.0025823175741933255,4.965068306494546e-16
6,hab_custom,4644,aleatorio,0.5603182930823726,4.965068306494546e-16
6,hab_custom,4645,aleatorio,6.157485465446498e-15,4.965068306494546e-16
6,hab_custom,4646,aleatorio,2.5640149818934724e-11,4.965068306494546e-16
6,hab_custom,4647,aleatorio,1.5274385901294762,4.965068306494546e-16
6,hab_custom,4648,aleatorio,2.0571211573848487,4.965068306494546e-16
6,hab_custom,4649,aleatorio,8.95090418262362e-15,4.965068306494546e-16
6,hab_custom,4650,aleatorio,3.1974687620837656,4.965068306494546e-16
6,hab_custom,4651,aleatorio,3.2342815196910064,4.965068306494546e-16
6,hab_custom,4652,aleatorio,1.5131345134810297,4.965068306494546e-16
6,hab_custom,4653,aleatorio,7.0810995818524236e-15,4.965068306494546e-16
6,hab_custom,4654,aleatorio,0.20799412901268882,4.965068306494546e-16
6,hab_custom,4655,aleatorio,0.2722251782667488,4.965068306494546e-16
6,hab_custom,4656,aleatorio,2.311803429859665,4.965068306494546e-16
6,hab_custom,4657,aleatorio,3.477320601100914e-15,4.965068306494546e-16
6,hab_custom,4658,aleatorio,0.23098280969230658,4.965068306494546e-16
6,hab_custom,4659,aleatorio,2.7955189393256656,4.965068306494546e-16
6,hab_custom,4660,aleatorio,1.4895204919483639e-15,4.965068306494546e-16
6,hab_custom,4661,aleatorio,1.3718560535352133,4.965068306494546e-16
6,hab_custom,4662,aleatorio,1.3118938755251733e-13,4.965068306494546e-16
6,hab_custom,4663,aleatorio,4.650551212223759e-12,4.965068306494546e-16
6,hab_custom,4664,aleatorio,3.2478261805458453,4.965068306494546e-16
6,hab_custom,4665,aleatorio,1.8519584429677616,4.965068306494546e-16
6,hab_custom,4666,aleatorio,2.970230325564235e-12,4.965068306494546e-16
6,hab_custom,4667,aleatorio,2.236992690791952,4.965068306494546e-16
6,hab_custom,4668,aleatorio,1.198886659036613e-14,4.965068306494546e-16
6,hab_custom,4669,aleatorio,0.3862604899380415,4.965068306494546e-16
6,hab_custom,4670,aleatorio,6.473657049138938e-16,4.965068306494546e-16
6,hab_custom,4671,aleatorio,0.5268774057471758,4.965068306494546e-16
6,hab_custom,4672,aleatorio,0.016781407909453438,4.965068306494546e-16
6,hab_custom,4673,aleatorio,1.314443935240768,4.965068306494546e-16
6,hab_custom,4674,aleatorio,2.5380189811936353,4.965068306494546e-16
6,hab_custom,4675,aleatorio,1.3304635687468123,4.965068306494546e-16
6,hab_custom,4676,aleatorio,0.21290190251113378,4.965068306494546e-16
6,hab_custom,4677,aleatorio,1.5666355410992348,4.965068306494546e-16
6,hab_custom,4678,aleatorio,2.951919044956194e-11,4.965068306494546e-16
6,hab_custom,4679,aleatorio,9.406970199843795e-15,4.965068306494546e-16
6,hab_custom,4680,aleatorio,0.6881685279885732,4.965068306494546e-16
6,hab_custom,4681,aleatorio,2.091134743187118,4.965068306494546e-16
6,hab_custom,4682,aleatorio,0.158211690473513,4.965068306494546e-16
6,hab_custom,4683,aleatorio,0.18514827004075832,4.965068306494546e-16
6,hab_custom,4684,aleatorio,0.26239485901113896,4.965068306494546e-16
6,hab_custom,4685,aleatorio,11.805144304323427,4.965068306494546e-16
6,hab_custom,4686,aleatorio,1.795335175587336,4.965068306494546e-16
6,hab_custom,4687,aleatorio,9.930136612989092e-16,4.965068306494546e-16
6,hab_custom,4688,aleatorio,0.5444144111347526,4.965068306494546e-16
6,hab_custom,4689,aleatorio,1.0679926374987978,4.965068306494546e-16
6,hab_custom,4690,aleatorio,1.3322676295501878e-15,4.965068306494546e-16
6,hab_custom,4691,aleatorio,0.12707988998573397,4.965068306494546e-16
6,hab_custom,4692,aleatorio,1.861375754943117,4.965068306494546e-16
6,hab_custom,4693,aleatorio,11.715258480115237,4.965068306494546e-16
6,hab_custom,4694,aleatorio,3.141600257059734,4.965068306494546e-16
6,hab_custom,4695,aleatorio,0.22993442613668985,4.965068306494546e-16
6,hab_custom,4696,aleatorio,1.8444410139024813e-14,4.965068306494546e-16
6,hab_custom,4697,aleatorio,5.785088659505275e-12,4.965068306494546e-16
6,hab_custom,4698,aleatorio,0.23161597346206808,4.965068306494546e-16
6,hab_custom,4699,aleatorio,1.406224564272734,4.965068306494546e-16
6,hab_custom,4700,aleatorio,0.6705973006300896,4.965068306494546e-16
6,hab_custom,4701,aleatorio,0.6043673062915009,4.965068306494546e-16
6,hab_custom,4702,aleatorio,4.372458113411512e-12,4.965068306494546e-16
6,hab_custom,4703,aleatorio,0.36810093161520296,4.965068306494546e-16
6,hab_custom,4704,aleatorio,5.88162586758155e-14,4.965068306494546e-16
6,hab_custom,4705,aleatorio,2.947531012802873,4.965068306494546e-16
6,hab_custom,4706,aleatorio,0.9294489993896479,4.965068306494546e-16
6,hab_custom,4707,aleatorio,1.4043333874306805e-15,4.965068306494546e-16
6,hab_custom,4708,aleatorio,0.09586843701540974,4.965068306494546e-16
6,hab_custom,4709,aleatorio,0.02305720196993638,4.965068306494546e-16
6,hab_custom,4710,aleatorio,0.5096347357141877,4.965068306494546e-16
6,hab_custom,4711,aleatorio,0.45529381535584507,4.965068306494546e-16
6,hab_custom,4712,aleatorio,5.867243567905813,4.965068306494546e-16
6,hab_custom,4713,aleatorio,0.5311530936366582,4.965068306494546e-16
6,hab_custom,4714,aleatorio,0.8206982611177902,4.965068306494546e-16
6,hab_custom,4715,aleatorio,7.131399702476646e-11,4.965068306494546e-16
6,hab_custom,4716,aleatorio,1.6150699351315723,4.965068306494546e-16
6,hab_custom,4717,aleatorio,0.2569103749032458,4.965068306494546e-16
6,hab_custom,4718,aleatorio,0.7865774672228317,4.965068306494546e-16
6,hab_custom,4719,aleatorio,1.06048094183993e-14,4.965068306494546e-16
6,hab_custom,4720,aleatorio,1.902153473397932e-11,4.965068306494546e-16
6,hab_custom,4721,aleatorio,0.6312845643919728,4.965068306494546e-16
6,hab_custom,4722,aleatorio,2.4145755584882908e-15,4.965068306494546e-16
6,hab_custom,4723,aleatorio,0.44845695004883473,4.965068306494546e-16
6,hab_custom,4724,aleatorio,3.389088773952827,4.965068306494546e-16
6,hab_custom,4725,aleatorio,1.0841746565324584,4.965068306494546e-16
6,hab_custom,4726,aleatorio,4.849801015453351e-11,4.965068306494546e-16
6,hab_custom,4727,aleatorio,0.3347422595562022,4.965068306494546e-16
6,hab_custom,4728,aleatorio,8.008854332700117e-13,4.965068306494546e-16
6,hab_custom,4729,aleatorio,2.9764989842780216e-12,4.965068306494546e-16
6,hab_custom,4730,aleatorio,0.006152931979044211,4.965068306494546e-16
6,hab_custom,4731,aleatorio,1.50790460445069,4.965068306494546e-16
6,hab_custom,4732,aleatorio,0.10680958268264569,4.965068306494546e-16
6,hab_custom,4733,aleatorio,0.9770407011804589,4.965068306494546e-16
6,hab_custom,4734,aleatorio,1.0378865338672096,4.965068306494546e-16
6,hab_custom,4735,aleatorio,2.035276604293222,4.965068306494546e-16
6,hab_custom,4736,aleatorio,1.1957467920563633e-15,4.965068306494546e-16
6,hab_custom,4737,aleatorio,1.9511576015047447,4.965068306494546e-16
6,hab_custom,4738,aleatorio,3.0964237985906418e-12,4.965068306494546e-16
6,hab_custom,4739,aleatorio,0.46011790390144874,4.965068306494546e-16
6,hab_custom,4740,aleatorio,7.191640501203643e-15,4.965068306494546e-16
6,hab_custom,4741,aleatorio,0.380252727424915,4.965068306494546e-16
6,hab_custom,4742,aleatorio,0.011916890238720163,4.965068306494546e-16
6,hab_custom,4743,aleatorio,4.936436609574037e-15,4.965068306494546e-16
6,hab_custom,4744,aleatorio,1.047382306668854e-15,4.965068306494546e-16
6,hab_custom,4745,aleatorio,1.0052332278207785,4.965068306494546e-16
6,hab_custom,4746,aleatorio,6.868627473774622e-13,4.965068306494546e-16
6,hab_custom,4747,aleatorio,2.4379524360678313,4.965068306494546e-16
6,hab_custom,4748,aleatorio,2.1413206232596582e-15,4.965068306494546e-16
6,hab_custom,4749,aleatorio,1.0175362097255202e-15,4.965068306494546e-16
6,hab_custom,4750,aleatorio,1.1537776118301384e-15,4.965068306494546e-16
6,hab_custom,4751,aleatorio,0.36019043772975284,4.965068306494546e-16
6,hab_custom,4752,aleatorio,1.633864851155319,4.965068306494546e-16
6,hab_custom,4753,aleatorio,0.5466802801221419,4.965068306494546e-16
6,hab_custom,4754,aleatorio,0.07380336964282806,4.965068306494546e-16
6,hab_custom,4755,aleatorio,4.533191655005043e-14,4.965068306494546e-16
6,hab_custom,4756,aleatorio,0.6986546376914285,4.965068306494546e-16
6,hab_custom,4757,aleatorio,3.718505582771092,4.965068306494546e-16
6,hab_custom,4758,aleatorio,0.011377347694724631,4.965068306494546e-16
6,hab_custom,4759,aleatorio,0.21895186675690181,4.965068306494546e-16
6,hab_custom,4760,aleatorio,0.03588700376769013,4.965068306494546e-16
6,hab_custom,4761,aleatorio,2.1257219650554275e-14,4.965068306494546e-16
6,hab_custom,4762,aleatorio,0.6984953914571591,4.965068306494546e-16
6,hab_custom,4763,aleatorio,3.370344307119197e-12,4.965068306494546e-16
6,hab_custom,4764,aleatorio,0.5293635219344357,4.965068306494546e-16
6,hab_custom,4765,aleatorio,0.4160092381171104,4.965068306494546e-16
6,hab_custom,4766,aleatorio,0.16461903027193525,4.965068306494546e-16
6,hab_custom,4767,aleatorio,1.356237357345027,4.965068306494546e-16
6,hab_custom,4768,aleatorio,1.007286247323824e-11,4.965068306494546e-16
6,hab_custom,4769,aleatorio,1.978741685624266e-13,4.965068306494546e-16
6,hab_custom,4770,aleatorio,0.342843370112365,4.965068306494546e-16
6,hab_custom,4771,aleatorio,0.24795884276570895,4.965068306494546e-16
6,hab_custom,4772,aleatorio,1.1213979459960952,4.965068306494546e-16
6,hab_custom,4773,aleatorio,0.41530317123827093,4.965068306494546e-16
6,hab_custom,4774,aleatorio,2.1442335909315604,4.965068306494546e-16
6,hab_custom,4775,aleatorio,3.5596458096434965e-15,4.965068306494546e-16
6,hab_custom,4776,aleatorio,0.22721964722555324,4.965068306494546e-16
6,hab_custom,4777,aleatorio,3.2924920874639176,4.965068306494546e-16
6,hab_custom,4778,aleatorio,0.8794057800011602,4.965068306494546e-16
6,hab_custom,4779,aleatorio,0.03971716537665586,4.965068306494546e-16
6,hab_custom,4780,aleatorio,0.7038449171108355,4.965068306494546e-16
6,hab_custom,4781,aleatorio,1.6011864169946884e-15,4.965068306494546e-16
6,hab_custom,4782,aleatorio,0.5161374790696216,4.965068306494546e-16
6,hab_custom,4783,aleatorio,0.9814417382511202,4.965068306494546e-16
6,hab_custom,4784,aleatorio,2.8780270159990897e-15,4.965068306494546e-16
6,hab_custom,4785,aleatorio,0.33511161329337513,4.965068306494546e-16
6,hab_custom,4786,aleatorio,1.5280445446540216,4.965068306494546e-16
6,hab_custom,4787,aleatorio,1.4651159931031706e-12,4.965068306494546e-16
6,hab_custom,4788,aleatorio,0.44615218846849325,4.965068306494546e-16
6,hab_custom,4789,aleatorio,3.9044802624700416e-11,4.965068306494546e-16
6,hab_custom,4790,aleatorio,0.9450050131819595,4.965068306494546e-16
6,hab_custom,4791,aleatorio,0.006820516082183847,4.965068306494546e-16
6,hab_custom,4792,aleatorio,0.7012283922819996,4.965068306494546e-16
6,hab_custom,4793,aleatorio,7.025176893352192e-15,4.965068306494546e-16
6,hab_custom,4794,aleatorio,0.8887752113616569,4.965068306494546e-16
6,hab_custom,4795,aleatorio,1.242657490162375e-12,4.965068306494546e-16
6,hab_custom,4796,aleatorio,5.589952532598957e-13,4.965068306494546e-16
6,hab_custom,4797,aleatorio,0.20420827538325978,4.965068306494546e-16
6,hab_custom,4798,aleatorio,2.0016850068762823e-13,4.965068306494546e-16
6,hab_custom,4799,aleatorio,0.6328069266644659,4.965068306494546e-16
6,hab_custom,4800,aleatorio,1.1497902997805916,4.965068306494546e-16
6,hab_custom,4801,aleatorio,2.6937437396390478e-11,4.965068306494546e-16
6,hab_custom,4802,aleatorio,1.831481278411632,4.965068306494546e-16
6,hab_custom,4803,aleatorio,9.015348828505292e-05,4.965068306494546e-16
6,hab_custom,4804,aleatorio,1.1211245361522062,4.965068306494546e-16
6,hab_custom,4805,aleatorio,1.772546020658476,4.965068306494546e-16
6,hab_custom,4806,aleatorio,1.2152475059280132e-13,4.965068306494546e-16
6,hab_custom,4807,aleatorio,0.00030467896728707575,4.965068306494546e-16
6,hab_custom,4808,aleatorio,6.210403037375133,4.965068306494546e-16
6,hab_custom,4809,aleatorio,0.06831399811896603,4.965068306494546e-16
6,hab_custom,4810,aleatorio,0.8025516397640268,4.965068306494546e-16
6,hab_custom,4811,aleatorio,0.18676493132314845,4.965068306494546e-16
6,hab_custom,4812,aleatorio,1.4080587068549365e-14,4.965068306494546e-16
6,hab_custom,4813,aleatorio,0.78201175482365,4.965068306494546e-16
6,hab_custom,4814,aleatorio,0.1621072624291956,4.965068306494546e-16
6,hab_custom,4815,aleatorio,0.30601908918798043,4.965068306494546e-16
6,hab_custom,4816,aleatorio,3.6332050183313065,4.965068306494546e-16
6,hab_custom,4817,aleatorio,1.1665797533913771e-14,4.965068306494546e-16
6,hab_custom,4818,aleatorio,5.917994892316553,4.965068306494546e-16
6,hab_custom,4819,aleatorio,0.005276235490058865,4.965068306494546e-16
6,hab_custom,4820,aleatorio,0.4919454878120879,4.965068306494546e-16
6,hab_custom,4821,aleatorio,99.84827907517004,4.965068306494546e-16
6,hab_custom,4822,aleatorio,0.0756676833142326,4.965068306494546e-16
6,hab_custom,4823,aleatorio,2.696592627165934,4.965068306494546e-16
6,hab_custom,4824,aleatorio,0.9014757260419216,4.965068306494546e-16
6,hab_custom,4825,aleatorio,1.226095488042124,4.965068306494546e-16
6,hab_custom,4826,aleatorio,3.107141595419464,4.965068306494546e-16
6,hab_custom,4827,aleatorio,3.531835650735641e-15,4.965068306494546e-16
6,hab_custom,4828,aleatorio,0.1669879357503629,4.965068306494546e-16
6,hab_custom,4829,aleatorio,4.248855211743011e-12,4.965068306494546e-16
6,hab_custom,4830,aleatorio,2.99593459833859e-11,4.965068306494546e-16
6,hab_custom,4831,aleatorio,0.41252002952204025,4.965068306494546e-16
6,hab_custom,4832,aleatorio,0.7650821026061242,4.965068306494546e-16
6,hab_custom,4833,aleatorio,0.08058019002673185,4.965068306494546e-16
6,hab_custom,4834,aleatorio,0.29258403132121535,4.965068306494546e-16
6,hab_custom,4835,aleatorio,1.3296357014084806e-11,4.965068306494546e-16
6,hab_custom,4836,aleatorio,1.551938319065504,4.965068306494546e-16
6,hab_custom,4837,aleatorio,1.1157603309187458e-15,4.965068306494546e-16
6,hab_custom,4838,aleatorio,0.21602811586401632,4.965068306494546e-16
6,hab_custom,4839,aleatorio,1.2352416483064441,4.965068306494546e-16
6,hab_custom,4840,aleatorio,3.49586295434864e-14,4.965068306494546e-16
6,hab_custom,4841,aleatorio,0.009535788234198529,4.965068306494546e-16
6,hab_custom,4842,aleatorio,3.7654077677126016e-14,4.965068306494546e-16
6,hab_custom,4843,aleatorio,0.7245286061437032,4.965068306494546e-16
6,hab_custom,4844,aleatorio,1.3515568924956157e-14,4.965068306494546e-16
6,hab_custom,4845,aleatorio,0.6374911676228344,4.965068306494546e-16
6,hab_custom,4846,aleatorio,2.1698382390574247e-13,4.965068306494546e-16
6,hab_custom,4847,aleatorio,0.5610634629980944,4.965068306494546e-16
6,hab_custom,4848,aleatorio,6.1894311297400655e-15,4.965068306494546e-16
6,hab_custom,4849,aleatorio,0.19036368212578364,4.965068306494546e-16
6,hab_custom,4850,aleatorio,1.2851760658783268e-15,4.965068306494546e-16
6,hab_custom,4851,aleatorio,0.053622422530886,4.965068306494546e-16
6,hab_custom,4852,aleatorio,3.6948904466594115e-13,4.965068306494546e-16
6,hab_custom,4853,aleatorio,1.1084141412433482e-12,4.965068306494546e-16
6,hab_custom,4854,aleatorio,0.32449105943155315,4.965068306494546e-16
6,hab_custom,4855,aleatorio,0.06383089865007387,4.965068306494546e-16
6,hab_custom,4856,aleatorio,2.1305730420636557,4.965068306494546e-16
6,hab_custom,4857,aleatorio,2.1675587845417663,4.965068306494546e-16
6,hab_custom,4858,aleatorio,1.9063186813374347,4.965068306494546e-16
6,hab_custom,4859,aleatorio,0.18168220676994914,4.965068306494546e-16
6,hab_custom,4860,aleatorio,0.47860233178421135,4.965068306494546e-16
6,hab_custom,4861,aleatorio,2.6123041869077843,4.965068306494546e-16
6,hab_custom,4862,aleatorio,0.16255573674069965,4.965068306494546e-16
6,hab_custom,4863,aleatorio,0.633898736674207,4.965068306494546e-16
6,hab_custom,4864,aleatorio,2.220446049250313e-15,4.965068306494546e-16
6,hab_custom,4865,aleatorio,0.35232269688999496,4.965068306494546e-16
6,hab_custom,4866,aleatorio,1.0054744342889415,4.965068306494546e-16
6,hab_custom,4867,aleatorio,0.45431602642009006,4.965068306494546e-16
6,hab_custom,4868,aleatorio,0.5021266696124463,4.965068306494546e-16
6,hab_custom,4869,aleatorio,0.256586975090705,4.965068306494546e-16
6,hab_custom,4870,aleatorio,3.387131607189684e-13,4.965068306494546e-16
6,hab_custom,4871,aleatorio,8.368782206458876e-12,4.965068306494546e-16
6,hab_custom,4872,aleatorio,1.2261186552933812,4.965068306494546e-16
6,hab_custom,4873,aleatorio,7.652773726384881e-11,4.965068306494546e-16
6,hab_custom,4874,aleatorio,0.4396677613536147,4.965068306494546e-16
6,hab_custom,4875,aleatorio,0.6134172860259038,4.965068306494546e-16
6,hab_custom,4876,aleatorio,0.4102841797899381,4.965068306494546e-16
6,hab_custom,4877,aleatorio,1.916757620641516e-11,4.965068306494546e-16
6,hab_custom,4878,aleatorio,0.09648162577917949,4.965068306494546e-16
6,hab_custom,4879,aleatorio,0.7370435765805956,4.965068306494546e-16
6,hab_custom,4880,aleatorio,2.009259637411073,4.965068306494546e-16
6,hab_custom,4881,aleatorio,2.7401280426320653,4.965068306494546e-16
6,hab_custom,4882,aleatorio,1.8859772174479636,4.965068306494546e-16
6,hab_custom,4883,aleatorio,0.962507860748334,4.965068306494546e-16
6,hab_custom,4884,aleatorio,1.1398511119522992,4.965068306494546e-16
6,hab_custom,4885,aleatorio,1.137748408771071e-14,4.965068306494546e-16
6,hab_custom,4886,aleatorio,9.699054745056637e-15,4.965068306494546e-16
6,hab_custom,4887,aleatorio,0.812460230710984,4.965068306494546e-16
6,hab_custom,4888,aleatorio,5.186338858970129e-13,4.965068306494546e-16
6,hab_custom,4889,aleatorio,0.8154922223296336,4.965068306494546e-16
6,hab_custom,4890,aleatorio,0.05319085527627013,4.965068306494546e-16
6,hab_custom,4891,aleatorio,1.064611474376713,4.965068306494546e-16
6,hab_custom,4892,aleatorio,3.3793459718158108,4.965068306494546e-16
6,hab_custom,4893,aleatorio,1.3452464958360973e-12,4.965068306494546e-16
6,hab_custom,4894,aleatorio,1.5610725036538047,4.965068306494546e-16
6,hab_custom,4895,aleatorio,3.722928341099282,4.965068306494546e-16
6,hab_custom,4896,aleatorio,0.8606679745037011,4.965068306494546e-16
6,hab_custom,4897,aleatorio,1.1848950965010587e-11,4.965068306494546e-16
6,hab_custom,4898,aleatorio,3.9010703312930137,4.965068306494546e-16
6,hab_custom,4899,aleatorio,1.0621509580555688,4.965068306494546e-16
6,hab_custom,4900,aleatorio,2.275950082121705,4.965068306494546e-16
6,hab_custom,4901,aleatorio,0.0374451653984532,4.965068306494546e-16
6,hab_custom,4902,aleatorio,1.0175362097255202e-15,4.965068306494546e-16
6,hab_custom,4903,aleatorio,0.9508179510328422,4.965068306494546e-16
6,hab_custom,4904,aleatorio,2.053159750226505,4.965068306494546e-16
6,hab_custom,4905,aleatorio,1.821996758440075,4.965068306494546e-16
6,hab_custom,4906,aleatorio,1.403674713422031e-10,4.965068306494546e-16
6,hab_custom,4907,aleatorio,0.16147837121716788,4.965068306494546e-16
6,hab_custom,4908,aleatorio,5.4174229224922755e-11,4.965068306494546e-16
6,hab_custom,4909,aleatorio,1.3681713972962587e-13,4.965068306494546e-16
6,hab_custom,4910,aleatorio,0.7957249769590375,4.965068306494546e-16
6,hab_custom,4911,aleatorio,1.5934698110350668e-15,4.965068306494546e-16
6,hab_custom,4912,aleatorio,1.4404131771770314,4.965068306494546e-16
6,hab_custom,4913,aleatorio,0.9426552329108767,4.965068306494546e-16
6,hab_custom,4914,aleatorio,0.2982170773590823,4.965068306494546e-16
6,hab_custom,4915,aleatorio,8.070336330495141e-15,4.965068306494546e-16
6,hab_custom,4916,aleatorio,6.5418425621716e-15,4.965068306494546e-16
6,hab_custom,4917,aleatorio,1.554836439865356,4.965068306494546e-16
6,hab_custom,4918,aleatorio,7.174003454402324,4.965068306494546e-16
6,hab_custom,4919,aleatorio,0.9732530355755273,4.965068306494546e-16
6,hab_custom,4920,aleatorio,3.283400460904074,4.965068306494546e-16
6,hab_custom,4921,aleatorio,0.5428922193909396,4.965068306494546e-16
6,hab_custom,4922,aleatorio,0.5210266171221558,4.965068306494546e-16
6,hab_custom,4923,aleatorio,7.682988059709553,4.965068306494546e-16
6,hab_custom,4924,aleatorio,9.155133597044475e-16,4.965068306494546e-16
6,hab_custom,4925,aleatorio,1.1664324344714712e-12,4.965068306494546e-16
6,hab_custom,4926,aleatorio,9.277331039137573e-13,4.965068306494546e-16
6,hab_custom,4927,aleatorio,0.44823892858897274,4.965068306494546e-16
6,hab_custom,4928,aleatorio,1.121036387436065,4.965068306494546e-16
6,hab_custom,4929,aleatorio,0.9810609504821193,4.965068306494546e-16
6,hab_custom,4930,aleatorio,6.623569536519295e-13,4.965068306494546e-16
6,hab_custom,4931,aleatorio,1.141871987780754,4.965068306494546e-16
6,hab_custom,4932,aleatorio,1.9452678876525055e-15,4.965068306494546e-16
6,hab_custom,4933,aleatorio,6.2488890859448035e-15,4.965068306494546e-16
6,hab_custom,4934,aleatorio,4.532274659260497e-11,4.965068306494546e-16
6,hab_custom,4935,aleatorio,3.145597856080933e-13,4.965068306494546e-16
6,hab_custom,4936,aleatorio,0.7621643030573202,4.965068306494546e-16
6,hab_custom,4937,aleatorio,0.6252906697790859,4.965068306494546e-16
6,hab_custom,4938,aleatorio,2.0811774370049005,4.965068306494546e-16
6,hab_custom,4939,aleatorio,0.8384064619611116,4.965068306494546e-16
6,hab_custom,4940,aleatorio,5.663893434685958e-12,4.965068306494546e-16
6,hab_custom,4941,aleatorio,2.7638018740850177,4.965068306494546e-16
6,hab_custom,4942,aleatorio,4.38045289778917,4.965068306494546e-16
6,hab_custom,4943,aleatorio,1.5543122344752192e-15,4.965068306494546e-16
6,hab_custom,4944,aleatorio,0.4013589228171678,4.965068306494546e-16
6,hab_custom,4945,aleatorio,1.8981302544498733,4.965068306494546e-16
6,hab_custom,4946,aleatorio,0.3276338546196408,4.965068306494546e-16
6,hab_custom,4947,aleatorio,9.57670221009242e-13,4.965068306494546e-16
6,hab_custom,4948,aleatorio,1.970717354517254e-11,4.965068306494546e-16
6,hab_custom,4949,aleatorio,4.3295851141090056e-14,4.965068306494546e-16
6,hab_custom,4950,aleatorio,0.19889693881207993,4.965068306494546e-16
6,hab_custom,4951,aleatorio,0.4634278979718874,4.965068306494546e-16
6,hab_custom,4952,aleatorio,3.0854149214868367,4.965068306494546e-16
6,hab_custom,4953,aleatorio,0.18721838560716175,4.965068306494546e-16
6,hab_custom,4954,aleatorio,3.9103342600887243e-13,4.965068306494546e-16
6,hab_custom,4955,aleatorio,0.1707662984455794,4.965068306494546e-16
6,hab_custom,4956,aleatorio,1.719119265446353,4.965068306494546e-16
6,hab_custom,4957,aleatorio,1.7298449239840334,4.965068306494546e-16
6,hab_custom,4958,aleatorio,4.212585384427559,4.965068306494546e-16
6,hab_custom,4959,aleatorio,1.3311324667602549,4.965068306494546e-16
6,hab_custom,4960,aleatorio,0.993234223787344,4.965068306494546e-16
6,hab_custom,4961,aleatorio,2.113515140332717,4.965068306494546e-16
6,hab_custom,4962,aleatorio,0.29296444500831187,4.965068306494546e-16
6,hab_custom,4963,aleatorio,0.10752460261268576,4.965068306494546e-16
6,hab_custom,4964,aleatorio,1.2755491433176288e-15,4.965068306494546e-16
6,hab_custom,4965,aleatorio,0.37875784019186565,4.965068306494546e-16
6,hab_custom,4966,aleatorio,0.00821308046210148,4.965068306494546e-16
6,hab_custom,4967,aleatorio,0.6570433616316576,4.965068306494546e-16
6,hab_custom,4968,aleatorio,1.790180836524724e-15,4.965068306494546e-16
6,hab_custom,4969,aleatorio,3.1855345836211337e-13,4.965068306494546e-16
6,hab_custom,4970,aleatorio,0.2634093689430695,4.965068306494546e-16
6,hab_custom,4971,aleatorio,7.215595591812694e-15,4.965068306494546e-16
6,hab_custom,4972,aleatorio,0.3803659162792706,4.965068306494546e-16
6,hab_custom,4973,aleatorio,1.0227974699859543e-11,4.965068306494546e-16
6,hab_custom,4974,aleatorio,3.6638167712723178,4.965068306494546e-16
6,hab_custom,4975,aleatorio,1.0314260283595398,4.965068306494546e-16
6,hab_custom,4976,aleatorio,4.718621307489592e-13,4.965068306494546e-16
6,hab_custom,4977,aleatorio,0.19595436926780127,4.965068306494546e-16
6,hab_custom,4978,aleatorio,0.9019868968785963,4.965068306494546e-16
6,hab_custom,4979,aleatorio,1.396171169450063,4.965068306494546e-16
6,hab_custom,4980,aleatorio,0.2880974073156493,4.965068306494546e-16
6,hab_custom,4981,aleatorio,1.1349424331113742,4.965068306494546e-16
6,hab_custom,4982,aleatorio,1.316457222746631,4.965068306494546e-16
6,hab_custom,4983,aleatorio,9.96049942106815,4.965068306494546e-16
6,hab_custom,4984,aleatorio,1.2097892344416992,4.965068306494546e-16
6,hab_custom,4985,aleatorio,3.004520758190504,4.965068306494546e-16
6,hab_custom,4986,aleatorio,0.37199947085185386,4.965068306494546e-16
6,hab_custom,4987,aleatorio,0.583700839407288,4.965068306494546e-16
6,hab_custom,4988,aleatorio,3.5816327109964843,4.965068306494546e-16
6,hab_custom,4989,aleatorio,1.1347535102026034e-11,4.965068306494546e-16
6,hab_custom,4990,aleatorio,1.4304232696173456e-05,4.965068306494546e-16
6,hab_custom,4991,aleatorio,2.610037278356494,4.965068306494546e-16
6,hab_custom,4992,aleatorio,3.518850957055564e-14,4.965068306494546e-16
6,hab_custom,4993,aleatorio,0.2779457541305111,4.965068306494546e-16
6,hab_custom,4994,aleatorio,1.2300329190825206e-13,4.965068306494546e-16
6,hab_custom,4995,aleatorio,0.48969437973729046,4.965068306494546e-16
6,hab_custom,4996,aleatorio,6.662670282180365e-14,4.965068306494546e-16
6,hab_custom,4997,aleatorio,1.8813209575771737,4.965068306494546e-16
6,hab_custom,4998,aleatorio,0.23104004459640168,4.965068306494546e-16
6,hab_custom,4999,aleatorio,0.3458461817790857,4.965068306494546e-16
6,hab_custom,5000,aleatorio,1.877608350763971,4.965068306494546e-16
6,hab_custom,5001,aleatorio,0.2381618534160747,4.965068306494546e-16
6,hab_custom,5002,aleatorio,0.7484373701538822,4.965068306494546e-16
6,hab_custom,5003,aleatorio,8.822246224143375e-05,4.965068306494546e-16
6,hab_custom,5004,aleatorio,1.8416793229928283,4.965068306494546e-16
6,hab_custom,5005,aleatorio,0.5538213756762891,4.965068306494546e-16
6,hab_custom,5006,aleatorio,1.4895204919483639e-15,4.965068306494546e-16
6,hab_custom,5007,aleatorio,1.9285861804577123e-13,4.965068306494546e-16
6,hab_custom,5008,aleatorio,1.1157603309187458e-15,4.965068306494546e-16
6,hab_custom,5009,aleatorio,7.074517315463121,4.965068306494546e-16
6,hab_custom,5010,aleatorio,2.0633953512829604,4.965068306494546e-16
6,hab_custom,5011,aleatorio,0.5174989704562133,4.965068306494546e-16
6,hab_custom,5012,aleatorio,1.8889680511853472e-13,4.965068306494546e-16
6,hab_custom,5013,aleatorio,1.2306892699888243,4.965068306494546e-16
6,hab_custom,5014,aleatorio,1.089505254997488,4.965068306494546e-16
6,hab_custom,5015,aleatorio,0.8554915162622855,4.965068306494546e-16
6,hab_custom,5016,aleatorio,0.8215236208283737,4.965068306494546e-16
6,hab_custom,5017,aleatorio,0.39094047642435015,4.965068306494546e-16
6,hab_custom,5018,aleatorio,8.944832132805947e-11,4.965068306494546e-16
6,hab_custom,5019,aleatorio,0.025325834947563332,4.965068306494546e-16
6,hab_custom,5020,aleatorio,1.6653345369377348e-15,4.965068306494546e-16
6,hab_custom,5021,aleatorio,1.9891280697202825e-15,4.965068306494546e-16
6,hab_custom,5022,aleatorio,1.2424255562471638,4.965068306494546e-16
6,hab_custom,5023,aleatorio,2.988893750765827,4.965068306494546e-16
6,hab_custom,5024,aleatorio,4.5319202688465385e-12,4.965068306494546e-16
6,hab_custom,5025,aleatorio,1.4518049907399379e-15,4.965068306494546e-16
6,hab_custom,5026,aleatorio,0.8593710738787701,4.965068306494546e-16
6,hab_custom,5027,aleatorio,1.4377119768056414,4.965068306494546e-16
6,hab_custom,5028,aleatorio,11.670567646384267,4.965068306494546e-16
6,hab_custom,5029,aleatorio,0.755161683455041,4.965068306494546e-16
6,hab_custom,5030,aleatorio,1.410588598112464e-13,4.965068306494546e-16
6,hab_custom,5031,aleatorio,1.9185270646177289e-13,4.965068306494546e-16
6,hab_custom,5032,aleatorio,2.0013615435587453,4.965068306494546e-16
6,hab_custom,5033,aleatorio,1.9984014443252818e-15,4.965068306494546e-16
6,hab_custom,5034,aleatorio,2.61956542922169,4.965068306494546e-16
6,hab_custom,5035,aleatorio,4.66278668873481e-13,4.965068306494546e-16
6,hab_custom,5036,aleatorio,0.21816539243639968,4.965068306494546e-16
6,hab_custom,5037,aleatorio,1.3089336417583914e-15,4.965068306494546e-16
6,hab_custom,5038,aleatorio,5.273267194922012e-15,4.965068306494546e-16
6,hab_custom,5039,aleatorio,0.1687692809263493,4.965068306494546e-16
6,hab_custom,5040,aleatorio,0.2853156065924642,4.965068306494546e-16
6,hab_custom,5041,aleatorio,0.7884743901625629,4.965068306494546e-16
6,hab_custom,5042,aleatorio,2.943059657272596,4.965068306494546e-16
6,hab_custom,5043,aleatorio,0.2415162695339894,4.965068306494546e-16
6,hab_custom,5044,aleatorio,6.693531521792632e-12,4.965068306494546e-16
6,hab_custom,5045,aleatorio,0.026132760876293553,4.965068306494546e-16
6,hab_custom,5046,aleatorio,2.067234341764814,4.965068306494546e-16
6,hab_custom,5047,aleatorio,6.250762288407964e-13,4.965068306494546e-16
6,hab_custom,5048,aleatorio,1.5185363535334437,4.965068306494546e-16
6,hab_custom,5049,aleatorio,1.8689433833670093,4.965068306494546e-16
6,hab_custom,5050,aleatorio,1.5491238490531813e-11,4.965068306494546e-16
6,hab_custom,5051,aleatorio,7.934548288192712,4.965068306494546e-16
6,hab_custom,5052,aleatorio,5.629293199288994e-13,4.965068306494546e-16
6,hab_custom,5053,aleatorio,1.9233958002085062e-11,4.965068306494546e-16
6,hab_custom,5054,aleatorio,8.946873715835448e-13,4.965068306494546e-16
6,hab_custom,5055,aleatorio,1.8273010301540105,4.965068306494546e-16
6,hab_custom,5056,aleatorio,0.9002993119634551,4.965068306494546e-16
6,hab_custom,5057,aleatorio,3.749759487981139e-13,4.965068306494546e-16
6,hab_custom,5058,aleatorio,5.1796787748022295,4.965068306494546e-16
6,hab_custom,5059,aleatorio,0.9405612829717858,4.965068306494546e-16
6,hab_custom,5060,aleatorio,4.25486554809053,4.965068306494546e-16
6,hab_custom,5061,aleatorio,0.0007471988660753756,4.965068306494546e-16
6,hab_custom,5062,aleatorio,0.00010049586138934036,4.965068306494546e-16
6,hab_custom,5063,aleatorio,0.03352006303127061,4.965068306494546e-16
6,hab_custom,5064,aleatorio,0.9291653164835729,4.965068306494546e-16
6,hab_custom,5065,aleatorio,6.587057153192061e-14,4.965068306494546e-16
6,hab_custom,5066,aleatorio,1.5747601253364347,4.965068306494546e-16
6,hab_custom,5067,aleatorio,2.6217364916123866,4.965068306494546e-16
6,hab_custom,5068,aleatorio,0.045204339514554985,4.965068306494546e-16
6,hab_custom,5069,aleatorio,0.4497833522328122,4.965068306494546e-16
6,hab_custom,5070,aleatorio,1.4223342706675588e-12,4.965068306494546e-16
6,hab_custom,5071,aleatorio,0.3107010099589468,4.965068306494546e-16
6,hab_custom,5072,aleatorio,1.5292049846647728,4.965068306494546e-16
6,hab_custom,5073,aleatorio,0.7485438625740625,4.965068306494546e-16
6,hab_custom,5074,aleatorio,6.440958662073537e-14,4.965068306494546e-16
6,hab_custom,5075,aleatorio,3.567830597762106,4.965068306494546e-16
6,hab_custom,5076,aleatorio,0.6198927884505236,4.965068306494546e-16
6,hab_custom,5077,aleatorio,0.11249785546437013,4.965068306494546e-16
6,hab_custom,5078,aleatorio,0.13968180161022128,4.965068306494546e-16
6,hab_custom,5079,aleatorio,1.1927574030771033,4.965068306494546e-16
6,hab_custom,5080,aleatorio,1.0031943946499686e-11,4.965068306494546e-16
6,hab_custom,5081,aleatorio,0.3442767171695166,4.965068306494546e-16
6,hab_custom,5082,aleatorio,7.9576167851080095,4.965068306494546e-16
6,hab_custom,5083,aleatorio,3.2874823265547444,4.965068306494546e-16
6,hab_custom,5084,aleatorio,1.4043333874306805e-15,4.965068306494546e-16
6,hab_custom,5085,aleatorio,0.27512277260093027,4.965068306494546e-16
6,hab_custom,5086,aleatorio,0.2744647756662993,4.965068306494546e-16
6,hab_custom,5087,aleatorio,0.8896918957946475,4.965068306494546e-16
6,hab_custom,5088,aleatorio,6.6650378637527805e-15,4.965068306494546e-16
6,hab_custom,5089,aleatorio,0.17698017490131468,4.965068306494546e-16
6,hab_custom,5090,aleatorio,3.9672264789839146e-13,4.965068306494546e-16
6,hab_custom,5091,aleatorio,2.6328048939503927e-13,4.965068306494546e-16
6,hab_custom,5092,aleatorio,2.4555135214375743e-11,4.965068306494546e-16
6,hab_custom,5093,aleatorio,0.7776854059949473,4.965068306494546e-16
6,hab_custom,5094,aleatorio,0.29317590292033646,4.965068306494546e-16
6,hab_custom,5095,aleatorio,0.023865614809260655,4.965068306494546e-16
6,hab_custom,5096,aleatorio,1.6126920961239077e-15,4.965068306494546e-16
6,hab_custom,5097,aleatorio,0.2235663505748921,4.965068306494546e-16
6,hab_custom,5098,aleatorio,1.578448313968053,4.965068306494546e-16
6,hab_custom,5099,aleatorio,3.2289860385997327,4.965068306494546e-16
6,hab_custom,5100,aleatorio,2.0369422655542984,4.965068306494546e-16
6,hab_custom,5101,aleatorio,0.45846304799839144,4.965068306494546e-16
6,hab_custom,5102,aleatorio,1.677613289755951,4.965068306494546e-16
6,hab_custom,5103,aleatorio,2.49333236539685,4.965068306494546e-16
6,hab_custom,5104,aleatorio,1.5055176516132232,4.965068306494546e-16
6,hab_custom,5105,aleatorio,4.958856595909409e-13,4.965068306494546e-16
6,hab_custom,5106,aleatorio,3.0019772851290507,4.965068306494546e-16
6,hab_custom,5107,aleatorio,1.9742331371729696,4.965068306494546e-16
6,hab_custom,5108,aleatorio,4.0475247797646755e-13,4.965068306494546e-16
6,hab_custom,5109,aleatorio,1.7031101231640284,4.965068306494546e-16
6,hab_custom,5110,aleatorio,2.9151329654910475e-12,4.965068306494546e-16
6,hab_custom,5111,aleatorio,1.717101070403247,4.965068306494546e-16
6,hab_custom,5112,aleatorio,4.004890082993153e-14,4.965068306494546e-16
6,hab_custom,5113,aleatorio,1.1957467920563633e-15,4.965068306494546e-16
6,hab_custom,5114,aleatorio,1.4936523181711914e-15,4.965068306494546e-16
6,hab_custom,5115,aleatorio,4.822113085722826,4.965068306494546e-16
6,hab_custom,5116,aleatorio,0.4489261532267647,4.965068306494546e-16
6,hab_custom,5117,aleatorio,0.5103322510871539,4.965068306494546e-16
6,hab_custom,5118,aleatorio,1.3193973115588298,4.965068306494546e-16
6,hab_custom,5119,aleatorio,2.390517494718299,4.965068306494546e-16
6,hab_custom,5120,aleatorio,1.5824179785311004e-13,4.965068306494546e-16
6,hab_custom,5121,aleatorio,3.311971506599066e-13,4.965068306494546e-16
6,hab_custom,5122,aleatorio,0.8169829620613562,4.965068306494546e-16
6,hab_custom,5123,aleatorio,1.09323821745364,4.965068306494546e-16
6,hab_custom,5124,aleatorio,3.3325016977861526,4.965068306494546e-16
6,hab_custom,5125,aleatorio,3.3743384792950284,4.965068306494546e-16
6,hab_custom,5126,aleatorio,1.1796420950167048,4.965068306494546e-16
6,hab_custom,5127,aleatorio,0.1604483816074251,4.965068306494546e-16
6,hab_custom,5128,aleatorio,4.989831893063952e-15,4.965068306494546e-16
6,hab_custom,5129,aleatorio,1.831026719408895e-15,4.965068306494546e-16
6,hab_custom,5130,aleatorio,4.577566798522237e-16,4.965068306494546e-16
6,hab_custom,5131,aleatorio,1.365675410025909e-13,4.965068306494546e-16
6,hab_custom,5132,aleatorio,0.4650535874322534,4.965068306494546e-16
6,hab_custom,5133,aleatorio,1.5198368219656944,4.965068306494546e-16
6,hab_custom,5134,aleatorio,0.2377716542934903,4.965068306494546e-16
6,hab_custom,5135,aleatorio,0.8510173530081159,4.965068306494546e-16
6,hab_custom,5136,aleatorio,1.1102230246251565e-15,4.965068306494546e-16
6,hab_custom,5137,aleatorio,0.01655668133485913,4.965068306494546e-16
6,hab_custom,5138,aleatorio,0.8515654910771553,4.965068306494546e-16
6,hab_custom,5139,aleatorio,0.06503635646097826,4.965068306494546e-16
6,hab_custom,5140,aleatorio,0.04945297165527451,4.965068306494546e-16
6,hab_custom,5141,aleatorio,0.326554094772416,4.965068306494546e-16
6,hab_custom,5142,aleatorio,0.7217779475664261,4.965068306494546e-16
6,hab_custom,5143,aleatorio,6.760131684016064,4.965068306494546e-16
6,hab_custom,5144,aleatorio,0.4685215143509119,4.965068306494546e-16
6,hab_custom,5145,aleatorio,3.9248339150732455e-11,4.965068306494546e-16
6,hab_custom,5146,aleatorio,9.155133597044475e-16,4.965068306494546e-16
6,hab_custom,5147,aleatorio,4.173204300457008e-13,4.965068306494546e-16
6,hab_custom,5148,aleatorio,1.9011181062051998e-13,4.965068306494546e-16
6,hab_custom,5149,aleatorio,3.0292620787830273,4.965068306494546e-16
6,hab_custom,5150,aleatorio,0.026824646017056905,4.965068306494546e-16
6,hab_custom,5151,aleatorio,0.23112707259787166,4.965068306494546e-16
6,hab_custom,5152,aleatorio,6.881806771840041e-13,4.965068306494546e-16
6,hab_custom,5153,aleatorio,1.6584553572412196e-11,4.965068306494546e-16
6,hab_custom,5154,aleatorio,1.5017359673857291,4.965068306494546e-16
6,hab_custom,5155,aleatorio,6.433536671882803,4.965068306494546e-16
6,hab_custom,5156,aleatorio,2.5510982866352577e-15,4.965068306494546e-16
6,hab_custom,5157,aleatorio,1.676657546246137,4.965068306494546e-16
6,hab_custom,5158,aleatorio,0.1567355812994457,4.965068306494546e-16
6,hab_custom,5159,aleatorio,0.8949624786149001,4.965068306494546e-16
6,hab_custom,5160,aleatorio,0.008755453709424425,4.965068306494546e-16
6,hab_custom,5161,aleatorio,0.38799778181475525,4.965068306494546e-16
6,hab_custom,5162,aleatorio,1.929267745171322,4.965068306494546e-16
6,hab_custom,5163,aleatorio,2.1775858713054905,4.965068306494546e-16
6,hab_custom,5164,aleatorio,2.9992066068442296,4.965068306494546e-16
6,hab_custom,5165,aleatorio,0.018194673151639973,4.965068306494546e-16
6,hab_custom,5166,aleatorio,0.00194602615911649,4.965068306494546e-16
6,hab_custom,5167,aleatorio,1.6154616432785796,4.965068306494546e-16
6,hab_custom,5168,aleatorio,1.126108911731622e-12,4.965068306494546e-16
6,hab_custom,5169,aleatorio,5.200171348371798e-14,4.965068306494546e-16
6,hab_custom,5170,aleatorio,0.2289368006929854,4.965068306494546e-16
6,hab_custom,5171,aleatorio,0.001154098142793167,4.965068306494546e-16
6,hab_custom,5172,aleatorio,0.5813921481613894,4.965068306494546e-16
6,hab_custom,5173,aleatorio,1.5700924586837751e-15,4.965068306494546e-16
6,hab_custom,5174,aleatorio,0.24636190585364853,4.965068306494546e-16
6,hab_custom,5175,aleatorio,4.3762146979028604e-13,4.965068306494546e-16
6,hab_custom,5176,aleatorio,0.4933738839736558,4.965068306494546e-16
6,hab_custom,5177,aleatorio,3.5213502174510814e-15,4.965068306494546e-16
6,hab_custom,5178,aleatorio,0.04178227735527177,4.965068306494546e-16
6,hab_custom,5179,aleatorio,3.991477326425697e-11,4.965068306494546e-16
6,hab_custom,5180,aleatorio,0.8451228108763192,4.965068306494546e-16
6,hab_custom,5181,aleatorio,0.3656765747616615,4.965068306494546e-16
6,hab_custom,5182,aleatorio,0.4550326653498215,4.965068306494546e-16
6,hab_custom,5183,aleatorio,1.9876093080491292e-14,4.965068306494546e-16
6,hab_custom,5184,aleatorio,0.018958356973086683,4.965068306494546e-16
6,hab_custom,5185,aleatorio,0.27338229931492525,4.965068306494546e-16
6,hab_custom,5186,aleatorio,0.8796071669291715,4.965068306494546e-16
6,hab_custom,5187,aleatorio,1.3180966861867192,4.965068306494546e-16
6,hab_custom,5188,aleatorio,6.386407770547212e-14,4.965068306494546e-16
6,hab_custom,5189,aleatorio,0.6813116442350248,4.965068306494546e-16
6,hab_custom,5190,aleatorio,4.3667279133058285e-12,4.965068306494546e-16
6,hab_custom,5191,aleatorio,5.906136059450511e-15,4.965068306494546e-16
6,hab_custom,5192,aleatorio,9.52558072990029e-12,4.965068306494546e-16
6,hab_custom,5193,aleatorio,0.2785522391037704,4.965068306494546e-16
6,hab_custom,5194,aleatorio,0.883774957337959,4.965068306494546e-16
6,hab_custom,5195,aleatorio,3.893962046798976,4.965068306494546e-16
6,hab_custom,5196,aleatorio,0.6853961008274025,4.965068306494546e-16
6,hab_custom,5197,aleatorio,2.359972618607653,4.965068306494546e-16
6,hab_custom,5198,aleatorio,0.2642054200434818,4.965068306494546e-16
6,hab_custom,5199,aleatorio,0.04356579696294363,4.965068306494546e-16
6,hab_custom,5200,aleatorio,2.316098012547206,4.965068306494546e-16
6,hab_custom,5201,aleatorio,0.08150789971395936,4.965068306494546e-16
6,hab_custom,5202,aleatorio,3.960680767038109e-14,4.965068306494546e-16
6,hab_custom,5203,aleatorio,1.199440297996513,4.965068306494546e-16
6,hab_custom,5204,aleatorio,4.449051751822025,4.965068306494546e-16
6,hab_custom,5205,aleatorio,0.31295968800508617,4.965068306494546e-16
6,hab_custom,5206,aleatorio,0.6738711430383293,4.965068306494546e-16
6,hab_custom,5207,aleatorio,5.152028946189625e-11,4.965068306494546e-16
6,hab_custom,5208,aleatorio,7.266605360803741e-13,4.965068306494546e-16
6,hab_custom,5209,aleatorio,0.6773471732689709,4.965068306494546e-16
6,hab_custom,5210,aleatorio,1.299777730244138e-12,4.965068306494546e-16
6,hab_custom,5211,aleatorio,2.0438615631034645,4.965068306494546e-16
6,hab_custom,5212,aleatorio,0.15368876352993535,4.965068306494546e-16
6,hab_custom,5213,aleatorio,0.004995651811526526,4.965068306494546e-16
6,hab_custom,5214,aleatorio,0.6642955094376477,4.965068306494546e-16
6,hab_custom,5215,aleatorio,1.7671539198735244,4.965068306494546e-16
6,hab_custom,5216,aleatorio,4.424978355295026,4.965068306494546e-16
6,hab_custom,5217,aleatorio,0.803000493623744,4.965068306494546e-16
6,hab_custom,5218,aleatorio,3.0325812597645134,4.965068306494546e-16
6,hab_custom,5219,aleatorio,0.8881591545416881,4.965068306494546e-16
6,hab_custom,5220,aleatorio,1.1641332017685157e-11,4.965068306494546e-16
6,hab_custom,5221,aleatorio,0.31382968943667494,4.965068306494546e-16
6,hab_custom,5222,aleatorio,0.9045292111559161,4.965068306494546e-16
6,hab_custom,5223,aleatorio,6.579382477698082e-13,4.965068306494546e-16
6,hab_custom,5224,aleatorio,6.285372511986492e-14,4.965068306494546e-16
6,hab_custom,5225,aleatorio,6.474495661851767e-11,4.965068306494546e-16
6,hab_custom,5226,aleatorio,4.272311122303633e-12,4.965068306494546e-16
6,hab_custom,5227,aleatorio,3.3572420719095786,4.965068306494546e-16
6,hab_custom,5228,aleatorio,5.438959822042073e-16,4.965068306494546e-16
6,hab_custom,5229,aleatorio,0.002364044348493641,4.965068306494546e-16
6,hab_custom,5230,aleatorio,0.4636264097578498,4.965068306494546e-16
6,hab_custom,5231,aleatorio,0.19864165987977697,4.965068306494546e-16
6,hab_custom,5232,aleatorio,1.2012941468877287e-13,4.965068306494546e-16
6,hab_custom,5233,aleatorio,0.047654369459653526,4.965068306494546e-16
6,hab_custom,5234,aleatorio,1.7596222392395251e-13,4.965068306494546e-16
6,hab_custom,5235,aleatorio,5.66685619291007e-13,4.965068306494546e-16
6,hab_custom,5236,aleatorio,5.318612793859574e-11,4.965068306494546e-16
6,hab_custom,5237,aleatorio,0.046960029229321715,4.965068306494546e-16
6,hab_custom,5238,aleatorio,8.005932084973442e-16,4.965068306494546e-16
6,hab_custom,5239,aleatorio,0.8856047211564239,4.965068306494546e-16
6,hab_custom,5240,aleatorio,2.6286320946107895,4.965068306494546e-16
6,hab_custom,5241,aleatorio,1.7883010680368603e-11,4.965068306494546e-16
6,hab_custom,5242,aleatorio,1.8905790818403418,4.965068306494546e-16
6,hab_custom,5243,aleatorio,0.006670017918031574,4.965068306494546e-16
6,hab_custom,5244,aleatorio,1.6343971777501085,4.965068306494546e-16
6,hab_custom,5245,aleatorio,0.09430525370886458,4.965068306494546e-16
6,hab_custom,5246,aleatorio,1.542564844501241,4.965068306494546e-16
6,hab_custom,5247,aleatorio,8.624082108860543e-15,4.965068306494546e-16
6,hab_custom,5248,aleatorio,0.213548837842979,4.965068306494546e-16
6,hab_custom,5249,aleatorio,3.669415983524595e-11,4.965068306494546e-16
6,hab_custom,5250,aleatorio,0.7537246965349391,4.965068306494546e-16
6,hab_custom,5251,aleatorio,0.3135865750325877,4.965068306494546e-16
6,hab_custom,5252,aleatorio,0.028066216094021986,4.965068306494546e-16
6,hab_custom,5253,aleatorio,0.05137883223235814,4.965068306494546e-16
6,hab_custom,5254,aleatorio,0.30641851938371417,4.965068306494546e-16
6,hab_custom,5255,aleatorio,0.5880833939958894,4.965068306494546e-16
6,hab_custom,5256,aleatorio,2.779332909399139,4.965068306494546e-16
6,hab_custom,5257,aleatorio,1.2262814116578437e-15,4.965068306494546e-16
6,hab_custom,5258,aleatorio,0.6635891141941115,4.965068306494546e-16
6,hab_custom,5259,aleatorio,2.5115405213165145,4.965068306494546e-16
6,hab_custom,5260,aleatorio,1.5265477448162306,4.965068306494546e-16
6,hab_custom,5261,aleatorio,1.1343225789671212,4.965068306494546e-16
6,hab_custom,5262,aleatorio,1.1322097734007351e-15,4.965068306494546e-16
6,hab_custom,5263,aleatorio,0.8806557284246089,4.965068306494546e-16
6,hab_custom,5264,aleatorio,3.6356642749668346e-13,4.965068306494546e-16
6,hab_custom,5265,aleatorio,4.518584236135598,4.965068306494546e-16
6,hab_custom,5266,aleatorio,3.583007619829744e-11,4.965068306494546e-16
6,hab_custom,5267,aleatorio,1.3717616838108247e-12,4.965068306494546e-16
6,hab_custom,5268,aleatorio,5.855629464690316e-12,4.965068306494546e-16
6,hab_custom,5269,aleatorio,2.60133570547882e-15,4.965068306494546e-16
6,hab_custom,5270,aleatorio,0.7940763257892828,4.965068306494546e-16
6,hab_custom,5271,aleatorio,1.2318593625842304e-13,4.965068306494546e-16
6,hab_custom,5272,aleatorio,1.2851760658783268e-15,4.965068306494546e-16
6,hab_custom,5273,aleatorio,0.13496301839599337,4.965068306494546e-16
6,hab_custom,5274,aleatorio,3.208679736919023,4.965068306494546e-16
6,hab_custom,5275,aleatorio,0.07288422098486604,4.965068306494546e-16
6,hab_custom,5276,aleatorio,0.6472412550585938,4.965068306494546e-16
6,hab_custom,5277,aleatorio,1.479490208435837,4.965068306494546e-16
6,hab_custom,5278,aleatorio,0.16221145489555291,4.965068306494546e-16
6,hab_custom,5279,aleatorio,2.685215726063523,4.965068306494546e-16
6,hab_custom,5280,aleatorio,0.1405443841079219,4.965068306494546e-16
6,hab_custom,5281,aleatorio,1.3484585128834195e-12,4.965068306494546e-16
6,hab_custom,5282,aleatorio,0.09849691507787546,4.965068306494546e-16
6,hab_custom,5283,aleatorio,3.728845632645918e-14,4.965068306494546e-16
6,hab_custom,5284,aleatorio,1.0322939181937947,4.965068306494546e-16
6,hab_custom,5285,aleatorio,0.8512783011083189,4.965068306494546e-16
6,hab_custom,5286,aleatorio,9.885406609273194e-13,4.965068306494546e-16
6,hab_custom,5287,aleatorio,0.384641967689406,4.965068306494546e-16
6,hab_custom,5288,aleatorio,0.34474372210422705,4.965068306494546e-16
6,hab_custom,5289,aleatorio,9.283722904067637e-13,4.965068306494546e-16
6,hab_custom,5290,aleatorio,5.491560072264054,4.965068306494546e-16
6,hab_custom,5291,aleatorio,1.3322676295501878e-15,4.965068306494546e-16
6,hab_custom,5292,aleatorio,0.570624110531944,4.965068306494546e-16
6,hab_custom,5293,aleatorio,3.4517750772818614,4.965068306494546e-16
6,hab_custom,5294,aleatorio,2.305611573181258e-11,4.965068306494546e-16
6,hab_custom,5295,aleatorio,2.934351168569867e-14,4.965068306494546e-16
6,hab_custom,5296,aleatorio,0.6314241844038618,4.965068306494546e-16
6,hab_custom,5297,aleatorio,4.55519679042424,4.965068306494546e-16
6,hab_custom,5298,aleatorio,3.041362712959789e-14,4.965068306494546e-16
6,hab_custom,5299,aleatorio,0.19560787968891907,4.965068306494546e-16
6,hab_custom,5300,aleatorio,1.0275562430888435e-14,4.965068306494546e-16
6,hab_custom,5301,aleatorio,0.9134046844872552,4.965068306494546e-16
6,hab_custom,5302,aleatorio,0.1943301260814861,4.965068306494546e-16
6,hab_custom,5303,aleatorio,1.162814244919053,4.965068306494546e-16
6,hab_custom,5304,aleatorio,1.7184298235847102,4.965068306494546e-16
6,hab_custom,5305,aleatorio,4.8113676704865425,4.965068306494546e-16
6,hab_custom,5306,aleatorio,3.8512751800081113e-13,4.965068306494546e-16
6,hab_custom,5307,aleatorio,0.06393650063110709,4.965068306494546e-16
6,hab_custom,5308,aleatorio,1.456043846448818e-15,4.965068306494546e-16
6,hab_custom,5309,aleatorio,0.8348022119487595,4.965068306494546e-16
6,hab_custom,5310,aleatorio,0.8078679941006417,4.965068306494546e-16
6,hab_custom,5311,aleatorio,0.8362436972003996,4.965068306494546e-16
6,hab_custom,5312,aleatorio,0.4375654240718148,4.965068306494546e-16
6,hab_custom,5313,aleatorio,1.1522066111721663,4.965068306494546e-16
6,hab_custom,5314,aleatorio,1.1592264934500624e-14,4.965068306494546e-16
6,hab_custom,5315,aleatorio,0.8457756946428865,4.965068306494546e-16
6,hab_custom,5316,aleatorio,0.32217506732621504,4.965068306494546e-16
6,hab_custom,5317,aleatorio,0.65313478049494,4.965068306494546e-16
6,hab_custom,5318,aleatorio,0.05888395612140467,4.965068306494546e-16
6,hab_custom,5319,aleatorio,1.6590218889850594,4.965068306494546e-16
6,hab_custom,5320,aleatorio,0.6227769774479365,4.965068306494546e-16
6,hab_custom,5321,aleatorio,1.2947314098277875e-15,4.965068306494546e-16
6,hab_custom,5322,aleatorio,5.514243093127913,4.965068306494546e-16
6,hab_custom,5323,aleatorio,0.46233680507157193,4.965068306494546e-16
6,hab_custom,5324,aleatorio,1.6442385453015493e-12,4.965068306494546e-16
6,hab_custom,5325,aleatorio,0.44204304271976075,4.965068306494546e-16
6,hab_custom,5326,aleatorio,0.05342724268862916,4.965068306494546e-16
6,hab_custom,5327,aleatorio,2.7019817038916427,4.965068306494546e-16
6,hab_custom,5328,aleatorio,3.8985221856089903e-13,4.965068306494546e-16
6,hab_custom,5329,aleatorio,2.1463803243046673,4.965068306494546e-16
6,hab_custom,5330,aleatorio,0.3802799447055204,4.965068306494546e-16
6,hab_custom,5331,aleatorio,0.35521290242935927,4.965068306494546e-16
6,hab_custom,5332,aleatorio,1.413344640603318e-11,4.965068306494546e-16
6,hab_custom,5333,aleatorio,1.2917617802016346,4.965068306494546e-16
6,hab_custom,5334,aleatorio,1.564008452204689,4.965068306494546e-16
6,hab_custom,5335,aleatorio,2.100909426917463,4.965068306494546e-16
6,hab_custom,5336,aleatorio,0.09563111035085235,4.965068306494546e-16
6,hab_custom,5337,aleatorio,2.2307135919445213e-13,4.965068306494546e-16
6,hab_custom,5338,aleatorio,2.1304678846646117e-11,4.965068306494546e-16
6,hab_custom,5339,aleatorio,1.900975081035826,4.965068306494546e-16
6,hab_custom,5340,aleatorio,9.62488448192664e-14,4.965068306494546e-16
6,hab_custom,5341,aleatorio,0.6034071490047573,4.965068306494546e-16
6,hab_custom,5342,aleatorio,0.0007648924128836754,4.965068306494546e-16
6,hab_custom,5343,aleatorio,0.06435732175433977,4.965068306494546e-16
6,hab_custom,5344,aleatorio,0.8507702637858963,4.965068306494546e-16
6,hab_custom,5345,aleatorio,0.6978907340824048,4.965068306494546e-16
6,hab_custom,5346,aleatorio,9.69937968082276e-12,4.965068306494546e-16
6,hab_custom,5347,aleatorio,0.5871761048960746,4.965068306494546e-16
6,hab_custom,5348,aleatorio,4.51132206333335,4.965068306494546e-16
6,hab_custom,5349,aleatorio,0.0702655062550227,4.965068306494546e-16
6,hab_custom,5350,aleatorio,2.22831026537551e-13,4.965068306494546e-16
6,hab_custom,5351,aleatorio,2.592182041489752e-12,4.965068306494546e-16
6,hab_custom,5352,aleatorio,0.20631877706698637,4.965068306494546e-16
6,hab_custom,5353,aleatorio,0.06266942428462235,4.965068306494546e-16
6,hab_custom,5354,aleatorio,0.4855747845483359,4.965068306494546e-16
6,hab_custom,5355,aleatorio,0.7089266605005855,4.965068306494546e-16
6,hab_custom,5356,aleatorio,9.969778034532539e-15,4.965068306494546e-16
6,hab_custom,5357,aleatorio,4.3616810013649046,4.965068306494546e-16
6,hab_custom,5358,aleatorio,0.4484082752541992,4.965068306494546e-16
6,hab_custom,5359,aleatorio,0.19471575626379106,4.965068306494546e-16
6,hab_custom,5360,aleatorio,0.10579140024530778,4.965068306494546e-16
6,hab_custom,5361,aleatorio,1.4126563326142578,4.965068306494546e-16
6,hab_custom,5362,aleatorio,2.0444642765065426,4.965068306494546e-16
6,hab_custom,5363,aleatorio,2.5737546372101138e-14,4.965068306494546e-16
6,hab_custom,5364,aleatorio,0.4233428905957384,4.965068306494546e-16
6,hab_custom,5365,aleatorio,3.1632979726379954e-14,4.965068306494546e-16
6,hab_custom,5366,aleatorio,1.9693241036692764e-13,4.965068306494546e-16
6,hab_custom,5367,aleatorio,3.800252383794172e-13,4.965068306494546e-16
6,hab_custom,5368,aleatorio,1.6651649602406628e-12,4.965068306494546e-16
6,hab_custom,5369,aleatorio,3.1611629751700995e-05,4.965068306494546e-16
6,hab_custom,5370,aleatorio,0.17959509308921237,4.965068306494546e-16
6,hab_custom,5371,aleatorio,2.232480923305283,4.965068306494546e-16
6,hab_custom,5372,aleatorio,0.13394594617659455,4.965068306494546e-16
6,hab_custom,5373,aleatorio,1.5586097266819487,4.965068306494546e-16
6,hab_custom,5374,aleatorio,0.009699010702946214,4.965068306494546e-16
6,hab_custom,5375,aleatorio,0.816634958063495,4.965068306494546e-16
6,hab_custom,5376,aleatorio,1.6616296724220897e-15,4.965068306494546e-16
6,hab_custom,5377,aleatorio,4.713654005104699e-12,4.965068306494546e-16
6,hab_custom,5378,aleatorio,0.0636480192773043,4.965068306494546e-16
6,hab_custom,5379,aleatorio,0.07989076286088471,4.965068306494546e-16
6,hab_custom,5380,aleatorio,5.6456232657555086e-14,4.965068306494546e-16
6,hab_custom,5381,aleatorio,0.7776408752861126,4.965068306494546e-16
6,hab_custom,5382,aleatorio,3.103996159542577,4.965068306494546e-16
6,hab_custom,5383,aleatorio,2.3791045445487957,4.965068306494546e-16
6,hab_custom,5384,aleatorio,0.06783582434954583,4.965068306494546e-16
6,hab_custom,5385,aleatorio,0.3076198299791214,4.965068306494546e-16
6,hab_custom,5386,aleatorio,0.018071864945889273,4.965068306494546e-16
6,hab_custom,5387,aleatorio,0.07548497858268281,4.965068306494546e-16
6,hab_custom,5388,aleatorio,9.930136612989092e-16,4.965068306494546e-16
6,hab_custom,5389,aleatorio,0.27796029886211926,4.965068306494546e-16
6,hab_custom,5390,aleatorio,0.9432210420588467,4.965068306494546e-16
6,hab_custom,5391,aleatorio,7.20940091308202e-13,4.965068306494546e-16
6,hab_custom,5392,aleatorio,1.4540531233447945e-14,4.965068306494546e-16
6,hab_custom,5393,aleatorio,0.07860151433037321,4.965068306494546e-16
6,hab_custom,5394,aleatorio,0.02043815118430866,4.965068306494546e-16
6,hab_custom,5395,aleatorio,1.0454565380086793,4.965068306494546e-16
6,hab_custom,5396,aleatorio,0.3811847727802866,4.965068306494546e-16
6,hab_custom,5397,aleatorio,4.629630012686903e-14,4.965068306494546e-16
6,hab_custom,5398,aleatorio,0.5268995268427513,4.965068306494546e-16
6,hab_custom,5399,aleatorio,0.9462397303796087,4.965068306494546e-16
6,hab_custom,5400,aleatorio,2.67487727014803e-14,4.965068306494546e-16
6,hab_custom,5401,aleatorio,0.04655904840226112,4.965068306494546e-16
6,hab_custom,5402,aleatorio,0.7796204557743956,4.965068306494546e-16
6,hab_custom,5403,aleatorio,3.8980466637791784e-11,4.965068306494546e-16
6,hab_custom,5404,aleatorio,2.5989654674417885e-15,4.965068306494546e-16
6,hab_custom,5405,aleatorio,0.23094939955434957,4.965068306494546e-16
6,hab_custom,5406,aleatorio,1.8289368369033954,4.965068306494546e-16
6,hab_custom,5407,aleatorio,3.2941158720347437,4.965068306494546e-16
6,hab_custom,5408,aleatorio,0.11362712702255967,4.965068306494546e-16
6,hab_custom,5409,aleatorio,1.286590075030949e-12,4.965068306494546e-16
6,hab_custom,5410,aleatorio,9.237315235991707e-13,4.965068306494546e-16
6,hab_custom,5411,aleatorio,0.9795138665224992,4.965068306494546e-16
6,hab_custom,5412,aleatorio,1.6126920961239077e-15,4.965068306494546e-16
6,hab_custom,5413,aleatorio,0.5731510060085802,4.965068306494546e-16
6,hab_custom,5414,aleatorio,8.284495814863515e-14,4.965068306494546e-16
6,hab_custom,5415,aleatorio,1.6745135022299087,4.965068306494546e-16
6,hab_custom,5416,aleatorio,0.6010910741327987,4.965068306494546e-16
6,hab_custom,5417,aleatorio,9.029914288364192e-11,4.965068306494546e-16
6,hab_custom,5418,aleatorio,0.25680040064631793,4.965068306494546e-16
6,hab_custom,5419,aleatorio,2.551548679999911e-12,4.965068306494546e-16
6,hab_custom,5420,aleatorio,1.5123822167834367,4.965068306494546e-16
6,hab_custom,5421,aleatorio,9.896841213106774e-14,4.965068306494546e-16
6,hab_custom,5422,aleatorio,0.0008250404631224903,4.965068306494546e-16
6,hab_custom,5423,aleatorio,1.4043333874306805e-15,4.965068306494546e-16
6,hab_custom,5424,aleatorio,2.710829656248273,4.965068306494546e-16
6,hab_custom,5425,aleatorio,0.02116067467893133,4.965068306494546e-16
6,hab_custom,5426,aleatorio,0.5223820393271735,4.965068306494546e-16
6,hab_custom,5427,aleatorio,1.4477706283593155,4.965068306494546e-16
6,hab_custom,5428,aleatorio,1.8254732037004853,4.965068306494546e-16
6,hab_custom,5429,aleatorio,0.23627296049033697,4.965068306494546e-16
6,hab_custom,5430,aleatorio,3.3676001196090772,4.965068306494546e-16
6,hab_custom,5431,aleatorio,0.1264139151658092,4.965068306494546e-16
6,hab_custom,5432,aleatorio,0.65804460336948,4.965068306494546e-16
6,hab_custom,5433,aleatorio,0.22998223265842216,4.965068306494546e-16
6,hab_custom,5434,aleatorio,0.14292816664625965,4.965068306494546e-16
6,hab_custom,5435,aleatorio,0.25415935863075295,4.965068306494546e-16
6,hab_custom,5436,aleatorio,8.455206652451151e-16,4.965068306494546e-16
6,hab_custom,5437,aleatorio,0.19897883280803075,4.965068306494546e-16
6,hab_custom,5438,aleatorio,1.2024222207206439,4.965068306494546e-16
6,hab_custom,5439,aleatorio,3.9451521719713886e-14,4.965068306494546e-16
6,hab_custom,5440,aleatorio,0.1916164801752872,4.965068306494546e-16
6,hab_custom,5441,aleatorio,0.7963525476167901,4.965068306494546e-16
6,hab_custom,5442,aleatorio,1.347675968571606,4.965068306494546e-16
6,hab_custom,5443,aleatorio,1.2083844970097815,4.965068306494546e-16
6,hab_custom,5444,aleatorio,0.13138914442658162,4.965068306494546e-16
6,hab_custom,5445,aleatorio,9.073513583332004e-12,4.965068306494546e-16
6,hab_custom,5446,aleatorio,1.4036366329739662,4.965068306494546e-16
6,hab_custom,5447,aleatorio,0.2318807838074098,4.965068306494546e-16
6,hab_custom,5448,aleatorio,0.9491713419941895,4.965068306494546e-16
6,hab_custom,5449,aleatorio,1.4786090957346637e-14,4.965068306494546e-16
6,hab_custom,5450,aleatorio,9.805224261780596e-16,4.965068306494546e-16
6,hab_custom,5451,aleatorio,8.3820000221454525e-16,4.965068306494546e-16
6,hab_custom,5452,aleatorio,1.6265451577633847,4.965068306494546e-16
6,hab_custom,5453,aleatorio,0.0015638367217300278,4.965068306494546e-16
6,hab_custom,5454,aleatorio,0.2701629367950104,4.965068306494546e-16
6,hab_custom,5455,aleatorio,2.6700500248395396,4.965068306494546e-16
6,hab_custom,5456,aleatorio,7.399930199193714,4.965068306494546e-16
6,hab_custom,5457,aleatorio,1.319639188370808,4.965068306494546e-16
6,hab_custom,5458,aleatorio,2.712528467076747,4.965068306494546e-16
6,hab_custom,5459,aleatorio,1.2688890878446606,4.965068306494546e-16
6,hab_custom,5460,aleatorio,0.2029445421166951,4.965068306494546e-16
6,hab_custom,5461,aleatorio,1.7694043397697121e-15,4.965068306494546e-16
6,hab_custom,5462,aleatorio,1.18144893205527e-13,4.965068306494546e-16
6,hab_custom,5463,aleatorio,0.7735765255119547,4.965068306494546e-16
6,hab_custom,5464,aleatorio,6.101256357512545e-11,4.965068306494546e-16
6,hab_custom,5465,aleatorio,2.3102218642636947,4.965068306494546e-16
6,hab_custom,5466,aleatorio,2.2578875958946445e-12,4.965068306494546e-16
6,hab_custom,5467,aleatorio,0.39736581832597506,4.965068306494546e-16
6,hab_custom,5468,aleatorio,11.710729533571905,4.965068306494546e-16
6,hab_custom,5469,aleatorio,6.783321274294657e-11,4.965068306494546e-16
6,hab_custom,5470,aleatorio,0.0883245199414367,4.965068306494546e-16
6,hab_custom,5471,aleatorio,1.4380203348812142,4.965068306494546e-16
6,hab_custom,5472,aleatorio,1.7440045377500495e-14,4.965068306494546e-16
6,hab_custom,5473,aleatorio,8.912284062896303e-11,4.965068306494546e-16
6,hab_custom,5474,aleatorio,0.31208890255197674,4.965068306494546e-16
6,hab_custom,5475,aleatorio,4.690695230526301,4.965068306494546e-16
6,hab_custom,5476,aleatorio,1.8315651775059366e-14,4.965068306494546e-16
6,hab_custom,5477,aleatorio,0.9432432853022614,4.965068306494546e-16
6,hab_custom,5478,aleatorio,0.2887474216417836,4.965068306494546e-16
6,hab_custom,5479,aleatorio,0.2341030740637062,4.965068306494546e-16
6,hab_custom,5480,aleatorio,1.0097837870826292,4.965068306494546e-16
6,hab_custom,5481,aleatorio,3.076930733108668,4.965068306494546e-16
6,hab_custom,5482,aleatorio,1.7425242312343348,4.965068306494546e-16
6,hab_custom,5483,aleatorio,1.1425925951803826,4.965068306494546e-16
6,hab_custom,5484,aleatorio,4.266949934792787e-11,4.965068306494546e-16
6,hab_custom,5485,aleatorio,1.4581787486989333,4.965068306494546e-16
6,hab_custom,5486,aleatorio,0.07487271872682956,4.965068306494546e-16
6,hab_custom,5487,aleatorio,0.10111298416602366,4.965068306494546e-16
6,hab_custom,5488,aleatorio,2.4756977713400195e-15,4.965068306494546e-16
6,hab_custom,5489,aleatorio,7.364386412590295e-16,4.965068306494546e-16
6,hab_custom,5490,aleatorio,0.19252566547207364,4.965068306494546e-16
6,hab_custom,5491,aleatorio,3.742268818958635e-12,4.965068306494546e-16
6,hab_custom,5492,aleatorio,0.49187094417406496,4.965068306494546e-16
6,hab_custom,5493,aleatorio,1.1624476020536013e-12,4.965068306494546e-16
6,hab_custom,5494,aleatorio,0.25076485540345106,4.965068306494546e-16
6,hab_custom,5495,aleatorio,1.1374233532693354e-14,4.965068306494546e-16
6,hab_custom,5496,aleatorio,0.4982191065480847,4.965068306494546e-16
6,hab_custom,5497,aleatorio,5.24121968238527e-11,4.965068306494546e-16
6,hab_custom,5498,aleatorio,6.663546385405196e-13,4.965068306494546e-16
6,hab_custom,5499,aleatorio,0.06751637264077316,4.965068306494546e-16
6,hab_custom,5500,aleatorio,1.1806394170404981,4.965068306494546e-16
6,hab_custom,5501,aleatorio,0.7276679550003102,4.965068306494546e-16
6,hab_custom,5502,aleatorio,1.4689129040275215e-11,4.965068306494546e-16
6,hab_custom,5503,aleatorio,1.0676258290869268e-11,4.965068306494546e-16
6,hab_custom,5504,aleatorio,0.5847813838266832,4.965068306494546e-16
6,hab_custom,5505,aleatorio,6.993523870246153e-15,4.965068306494546e-16
6,hab_custom,5506,aleatorio,0.17322211072593008,4.965068306494546e-16
6,hab_custom,5507,aleatorio,2.8186277778214576e-13,4.965068306494546e-16
6,hab_custom,5508,aleatorio,1.2556799020974678,4.965068306494546e-16
6,hab_custom,5509,aleatorio,1.5818522150116991,4.965068306494546e-16
6,hab_custom,5510,aleatorio,0.07442398711498223,4.965068306494546e-16
6,hab_custom,5511,aleatorio,3.419712744638611,4.965068306494546e-16
6,hab_custom,5512,aleatorio,4.611102534756203e-16,4.965068306494546e-16
6,hab_custom,5513,aleatorio,0.09107672652734172,4.965068306494546e-16
6,hab_custom,5514,aleatorio,0.8641948324496104,4.965068306494546e-16
6,hab_custom,5515,aleatorio,0.2893059229296452,4.965068306494546e-16
6,hab_custom,5516,aleatorio,0.8842912615137,4.965068306494546e-16
6,hab_custom,5517,aleatorio,4.284080064381688e-15,4.965068306494546e-16
6,hab_custom,5518,aleatorio,0.10125032886867244,4.965068306494546e-16
6,hab_custom,5519,aleatorio,6.280369834735101e-16,4.965068306494546e-16
6,hab_custom,5520,aleatorio,1.0590269094636072e-12,4.965068306494546e-16
6,hab_custom,5521,aleatorio,3.5009888270578955,4.965068306494546e-16
6,hab_custom,5522,aleatorio,3.982219689469184,4.965068306494546e-16
6,hab_custom,5523,aleatorio,8.579661020019128e-15,4.965068306494546e-16
6,hab_custom,5524,aleatorio,1.0622002948018703,4.965068306494546e-16
6,hab_custom,5525,aleatorio,3.7795554039397787,4.965068306494546e-16
6,hab_custom,5526,aleatorio,0.7149007644309254,4.965068306494546e-16
6,hab_custom,5527,aleatorio,4.4317165580470705,4.965068306494546e-16
6,hab_custom,5528,aleatorio,1.6060766856902935,4.965068306494546e-16
6,hab_custom,5529,aleatorio,4.842206062496848,4.965068306494546e-16
6,hab_custom,5530,aleatorio,1.5619502425945384,4.965068306494546e-16
6,hab_custom,5531,aleatorio,1.3342925504424503,4.965068306494546e-16
6,hab_custom,5532,aleatorio,2.613594387725963,4.965068306494546e-16
6,hab_custom,5533,aleatorio,0.9823966596237266,4.965068306494546e-16
6,hab_custom,5534,aleatorio,2.7180762971610955e-13,4.965068306494546e-16
6,hab_custom,5535,aleatorio,2.074530361094769,4.965068306494546e-16
6,hab_custom,5536,aleatorio,1.1428288744193233e-13,4.965068306494546e-16
6,hab_custom,5537,aleatorio,0.48005242756679867,4.965068306494546e-16
6,hab_custom,5538,aleatorio,0.6071472452485015,4.965068306494546e-16
6,hab_custom,5539,aleatorio,1.4895204919483639e-15,4.965068306494546e-16
6,hab_custom,5540,aleatorio,0.5494316250353224,4.965068306494546e-16
6,hab_custom,5541,aleatorio,1.6052391875947662,4.965068306494546e-16
6,hab_custom,5542,aleatorio,0.27904505249243655,4.965068306494546e-16
6,hab_custom,5543,aleatorio,0.6821967929794599,4.965068306494546e-16
6,hab_custom,5544,aleatorio,8.005932084973442e-16,4.965068306494546e-16
6,hab_custom,5545,aleatorio,0.07773504409601731,4.965068306494546e-16
6,hab_custom,5546,aleatorio,4.100147907723266,4.965068306494546e-16
6,hab_custom,5547,aleatorio,3.2519319178083936,4.965068306494546e-16
6,hab_custom,5548,aleatorio,0.11400277488843012,4.965068306494546e-16
6,hab_custom,5549,aleatorio,0.5235342119818087,4.965068306494546e-16
6,hab_custom,5550,aleatorio,0.9324868694783531,4.965068306494546e-16
6,hab_custom,5551,aleatorio,4.642751341609901,4.965068306494546e-16
6,hab_custom,5552,aleatorio,1.0703311481097954e-13,4.965068306494546e-16
6,hab_custom,5553,aleatorio,0.2447315078792761,4.965068306494546e-16
6,hab_custom,5554,aleatorio,0.5589488298864415,4.965068306494546e-16
6,hab_custom,5555,aleatorio,3.6179645669831266e-13,4.965068306494546e-16
6,hab_custom,5556,aleatorio,2.23284345106058e-12,4.965068306494546e-16
6,hab_custom,5557,aleatorio,7.364386412590296e-15,4.965068306494546e-16
6,hab_custom,5558,aleatorio,3.5596458096434965e-15,4.965068306494546e-16
6,hab_custom,5559,aleatorio,2.583685888111235,4.965068306494546e-16
6,hab_custom,5560,aleatorio,0.809684584505216,4.965068306494546e-16
6,hab_custom,5561,aleatorio,0.4214250563668061,4.965068306494546e-16
6,hab_custom,5562,aleatorio,0.36760083028767065,4.965068306494546e-16
6,hab_custom,5563,aleatorio,2.6137206123099618e-14,4.965068306494546e-16
6,hab_custom,5564,aleatorio,0.6445290316948978,4.965068306494546e-16
6,hab_custom,5565,aleatorio,6.188000043334724e-11,4.965068306494546e-16
6,hab_custom,5566,aleatorio,0.0004238965813897891,4.965068306494546e-16
6,hab_custom,5567,aleatorio,0.003553905348869326,4.965068306494546e-16
6,hab_custom,5568,aleatorio,0.9890367040305806,4.965068306494546e-16
6,hab_custom,5569,aleatorio,1.2412670766236366e-15,4.965068306494546e-16
6,hab_custom,5570,aleatorio,2.0569364872677585,4.965068306494546e-16
6,hab_custom,5571,aleatorio,0.19873128568499776,4.965068306494546e-16
6,hab_custom,5572,aleatorio,0.25405993645600244,4.965068306494546e-16
6,hab_custom,5573,aleatorio,0.09462034627558183,4.965068306494546e-16
6,hab_custom,5574,aleatorio,1.0532500405730103e-15,4.965068306494546e-16
6,hab_custom,5575,aleatorio,3.092036901390301,4.965068306494546e-16
6,hab_custom,5576,aleatorio,1.7138581919418758,4.965068306494546e-16
6,hab_custom,5577,aleatorio,0.0016410196356480202,4.965068306494546e-16
6,hab_custom,5578,aleatorio,1.047382306668854e-15,4.965068306494546e-16
6,hab_custom,5579,aleatorio,9.113447022295438e-11,4.965068306494546e-16
6,hab_custom,5580,aleatorio,5.7890811772116107e-11,4.965068306494546e-16
6,hab_custom,5581,aleatorio,1.0766066070945437,4.965068306494546e-16
6,hab_custom,5582,aleatorio,0.0023629709906126573,4.965068306494546e-16
6,hab_custom,5583,aleatorio,3.0020271360409078e-12,4.965068306494546e-16
6,hab_custom,5584,aleatorio,0.21017721888576454,4.965068306494546e-16
6,hab_custom,5585,aleatorio,0.7906020614205675,4.965068306494546e-16
6,hab_custom,5586,aleatorio,0.6518110544995986,4.965068306494546e-16
6,hab_custom,5587,aleatorio,0.49671624606364173,4.965068306494546e-16
6,hab_custom,5588,aleatorio,0.023220676862377557,4.965068306494546e-16
6,hab_custom,5589,aleatorio,2.086068341042325,4.965068306494546e-16
6,hab_custom,5590,aleatorio,0.854062736084631,4.965068306494546e-16
6,hab_custom,5591,aleatorio,1.9280367596147874,4.965068306494546e-16
6,hab_custom,5592,aleatorio,1.022625206103181,4.965068306494546e-16
6,hab_custom,5593,aleatorio,0.013489194969970067,4.965068306494546e-16
6,hab_custom,5594,aleatorio,0.2671938554813743,4.965068306494546e-16
6,hab_custom,5595,aleatorio,1.0706603116298291e-15,4.965068306494546e-16
6,hab_custom,5596,aleatorio,4.602536052032571,4.965068306494546e-16
6,hab_custom,5597,aleatorio,0.7761665813575386,4.965068306494546e-16
6,hab_custom,5598,aleatorio,2.2121272525879664e-12,4.965068306494546e-16
6,hab_custom,5599,aleatorio,4.455028613552856,4.965068306494546e-16
6,hab_custom,5600,aleatorio,2.4707894939744697,4.965068306494546e-16
6,hab_custom,5601,aleatorio,0.01901528014871927,4.965068306494546e-16
6,hab_custom,5602,aleatorio,0.7029683606812702,4.965068306494546e-16
6,hab_custom,5603,aleatorio,1.2184828942641796e-11,4.965068306494546e-16
6,hab_custom,5604,aleatorio,0.4967619936737579,4.965068306494546e-16
6,hab_custom,5605,aleatorio,0.445791701181899,4.965068306494546e-16
6,hab_custom,5606,aleatorio,2.882660286063968,4.965068306494546e-16
6,hab_custom,5607,aleatorio,0.0625271445896789,4.965068306494546e-16
6,hab_custom,5608,aleatorio,1.6536826786517878,4.965068306494546e-16
6,hab_custom,5609,aleatorio,2.115276999330179,4.965068306494546e-16
6,hab_custom,5610,aleatorio,6.921401385618513e-14,4.965068306494546e-16
6,hab_custom,5611,aleatorio,0.4890255426389277,4.965068306494546e-16
6,hab_custom,5612,aleatorio,0.06847432484819684,4.965068306494546e-16
6,hab_custom,5613,aleatorio,1.0180904706421086e-12,4.965068306494546e-16
6,hab_custom,5614,aleatorio,2.3474680390662245e-12,4.965068306494546e-16
6,hab_custom,5615,aleatorio,0.023669739445910356,4.965068306494546e-16
6,hab_custom,5616,aleatorio,3.3369307668993224e-13,4.965068306494546e-16
6,hab_custom,5617,aleatorio,1.2021765319639313,4.965068306494546e-16
6,hab_custom,5618,aleatorio,1.3506446028928519e-15,4.965068306494546e-16
6,hab_custom,5619,aleatorio,8.3820000221454525e-16,4.965068306494546e-16
6,hab_custom,5620,aleatorio,9.930136612989092e-16,4.965068306494546e-16
6,hab_custom,5621,aleatorio,0.8561166061401806,4.965068306494546e-16
6,hab_custom,5622,aleatorio,1.2828174256957197e-13,4.965068306494546e-16
6,hab_custom,5623,aleatorio,0.8544306425801255,4.965068306494546e-16
6,hab_custom,5624,aleatorio,0.11854046215979935,4.965068306494546e-16
6,hab_custom,5625,aleatorio,0.623739260484251,4.965068306494546e-16
6,hab_custom,5626,aleatorio,0.42952458740690524,4.965068306494546e-16
6,hab_custom,5627,aleatorio,0.038384662194613055,4.965068306494546e-16
6,hab_custom,5628,aleatorio,9.383120090005722e-12,4.965068306494546e-16
6,hab_custom,5629,aleatorio,3.152801954670344e-13,4.965068306494546e-16
6,hab_custom,5630,aleatorio,0.9238431346838593,4.965068306494546e-16
6,hab_custom,5631,aleatorio,0.08255736846486397,4.965068306494546e-16
6,hab_custom,5632,aleatorio,0.028451864819513548,4.965068306494546e-16
6,hab_custom,5633,aleatorio,2.7016085961005768e-14,4.965068306494546e-16
6,hab_custom,5634,aleatorio,2.09866924391594,4.965068306494546e-16
6,hab_custom,5635,aleatorio,0.9423999356285429,4.965068306494546e-16
6,hab_custom,5636,aleatorio,0.31685262953129184,4.965068306494546e-16
6,hab_custom,5637,aleatorio,26.796527736490045,4.965068306494546e-16
6,hab_custom,5638,aleatorio,2.1703725309113415,4.965068306494546e-16
6,hab_custom,5639,aleatorio,5.175199908687193,4.965068306494546e-16
6,hab_custom,5640,aleatorio,0.24488369302047094,4.965068306494546e-16
6,hab_custom,5641,aleatorio,2.2209975970261975,4.965068306494546e-16
6,hab_custom,5642,aleatorio,0.31268327532880713,4.965068306494546e-16
6,hab_custom,5643,aleatorio,0.23607734664094196,4.965068306494546e-16
6,hab_custom,5644,aleatorio,1.7557304483781954e-12,4.965068306494546e-16
6,hab_custom,5645,aleatorio,0.0003845989843388186,4.965068306494546e-16
6,hab_custom,5646,aleatorio,0.002029414493370187,4.965068306494546e-16
6,hab_custom,5647,aleatorio,0.3882981315749774,4.965068306494546e-16
6,hab_custom,5648,aleatorio,1.056611646415896,4.965068306494546e-16
6,hab_custom,5649,aleatorio,1.6131878793667023,4.965068306494546e-16
6,hab_custom,5650,aleatorio,1.384762357300605e-13,4.965068306494546e-16
6,hab_custom,5651,aleatorio,1.5263043145882805e-14,4.965068306494546e-16
6,hab_custom,5652,aleatorio,1.4307340564436444,4.965068306494546e-16
6,hab_custom,5653,aleatorio,0.16139666074900622,4.965068306494546e-16
6,hab_custom,5654,aleatorio,1.7472239461129054e-12,4.965068306494546e-16
6,hab_custom,5655,aleatorio,0.6734679998119352,4.965068306494546e-16
6,hab_custom,5656,aleatorio,1.3559555548536711e-12,4.965068306494546e-16
6,hab_custom,5657,aleatorio,1.7618531303763927e-07,4.965068306494546e-16
6,hab_custom,5658,aleatorio,1.2560739669470201e-15,4.965068306494546e-16
6,hab_custom,5659,aleatorio,3.20181471030283e-12,4.965068306494546e-16
6,hab_custom,5660,aleatorio,3.455248898302077,4.965068306494546e-16
6,hab_custom,5661,aleatorio,0.05387794575149523,4.965068306494546e-16
6,hab_custom,5662,aleatorio,6.164896127847999e-12,4.965068306494546e-16
6,hab_custom,5663,aleatorio,3.399370184221341,4.965068306494546e-16
6,hab_custom,5664,aleatorio,0.02344047006549077,4.965068306494546e-16
6,hab_custom,5665,aleatorio,0.3625612213767352,4.965068306494546e-16
6,hab_custom,5666,aleatorio,1.733304959598874,4.965068306494546e-16
6,hab_custom,5667,aleatorio,2.8115617205354574e-14,4.965068306494546e-16
6,hab_custom,5668,aleatorio,2.0338480339741416,4.965068306494546e-16
6,hab_custom,5669,aleatorio,0.4007964195597619,4.965068306494546e-16
6,hab_custom,5670,aleatorio,2.134300053920704e-12,4.965068306494546e-16
6,hab_custom,5671,aleatorio,2.352332196336789,4.965068306494546e-16
6,hab_custom,5672,aleatorio,0.005258740577644594,4.965068306494546e-16
6,hab_custom,5673,aleatorio,1.1192477499802085,4.965068306494546e-16
6,hab_custom,5674,aleatorio,0.35496569423786195,4.965068306494546e-16
6,hab_custom,5675,aleatorio,3.5080939496418204e-14,4.965068306494546e-16
6,hab_custom,5676,aleatorio,2.0798002594459586,4.965068306494546e-16
6,hab_custom,5677,aleatorio,0.9141739036558452,4.965068306494546e-16
6,hab_custom,5678,aleatorio,1.1957467920563633e-15,4.965068306494546e-16
6,hab_custom,5679,aleatorio,1.443119118362539e-14,4.965068306494546e-16
6,hab_custom,5680,aleatorio,5.625282158101942e-15,4.965068306494546e-16
6,hab_custom,5681,aleatorio,3.404372705090916e-12,4.965068306494546e-16
6,hab_custom,5682,aleatorio,0.5387356870045478,4.965068306494546e-16
6,hab_custom,5683,aleatorio,0.4072151012638385,4.965068306494546e-16
6,hab_custom,5684,aleatorio,1.3322676295501878e-15,4.965068306494546e-16
6,hab_custom,5685,aleatorio,8.881784197001252e-16,4.965068306494546e-16
6,hab_custom,5686,aleatorio,2.0361222658900035e-11,4.965068306494546e-16
6,hab_custom,5687,aleatorio,6.843874359417885e-16,4.965068306494546e-16
6,hab_custom,5688,aleatorio,2.2228317471291503e-14,4.965068306494546e-16
6,hab_custom,5689,aleatorio,0.05417813559270135,4.965068306494546e-16
6,hab_custom,5690,aleatorio,1.3319425754153158,4.965068306494546e-16
6,hab_custom,5691,aleatorio,2.142610783206865e-13,4.965068306494546e-16
6,hab_custom,5692,aleatorio,0.2841868739625878,4.965068306494546e-16
6,hab_custom,5693,aleatorio,0.009392496150001503,4.965068306494546e-16
6,hab_custom,5694,aleatorio,1.160664163116185,4.965068306494546e-16
6,hab_custom,5695,aleatorio,0.29294145003159205,4.965068306494546e-16
6,hab_custom,5696,aleatorio,0.09665781305105228,4.965068306494546e-16
6,hab_custom,5697,aleatorio,1.005843507754159,4.965068306494546e-16
6,hab_custom,5698,aleatorio,0.2303609117082588,4.965068306494546e-16
6,hab_custom,5699,aleatorio,3.1070739701573795,4.965068306494546e-16
6,hab_custom,5700,aleatorio,0.5991304610842592,4.965068306494546e-16
6,hab_custom,5701,aleatorio,0.8373122494550866,4.965068306494546e-16
6,hab_custom,5702,aleatorio,0.8982184713698753,4.965068306494546e-16
6,hab_custom,5703,aleatorio,3.010786419025275e-11,4.965068306494546e-16
6,hab_custom,5704,aleatorio,0.11914768333156701,4.965068306494546e-16
6,hab_custom,5705,aleatorio,0.8420491616865812,4.965068306494546e-16
6,hab_custom,5706,aleatorio,3.584776397117335,4.965068306494546e-16
6,hab_custom,5707,aleatorio,0.07811047051425495,4.965068306494546e-16
6,hab_custom,5708,aleatorio,1.6438309427922297e-13,4.965068306494546e-16
6,hab_custom,5709,aleatorio,0.25365420514846987,4.965068306494546e-16
6,hab_custom,5710,aleatorio,7.853380414433858e-11,4.965068306494546e-16
6,hab_custom,5711,aleatorio,1.3454894538413797,4.965068306494546e-16
6,hab_custom,5712,aleatorio,1.8852286810455168,4.965068306494546e-16
6,hab_custom,5713,aleatorio,0.25476356847647413,4.965068306494546e-16
6,hab_custom,5714,aleatorio,6.17808937941867e-14,4.965068306494546e-16
6,hab_custom,5715,aleatorio,0.40360124624403687,4.965068306494546e-16
6,hab_custom,5716,aleatorio,0.7256446500924387,4.965068306494546e-16
6,hab_custom,5717,aleatorio,4.585602063332487,4.965068306494546e-16
6,hab_custom,5718,aleatorio,0.47456791870752474,4.965068306494546e-16
6,hab_custom,5719,aleatorio,1.3471295943801715,4.965068306494546e-16
6,hab_custom,5720,aleatorio,2.8729599621607846,4.965068306494546e-16
6,hab_custom,5721,aleatorio,3.6686465820815726,4.965068306494546e-16
6,hab_custom,5722,aleatorio,0.03764073582357008,4.965068306494546e-16
6,hab_custom,5723,aleatorio,8.089862350460494e-14,4.965068306494546e-16
6,hab_custom,5724,aleatorio,0.04020585900987909,4.965068306494546e-16
6,hab_custom,5725,aleatorio,0.8641496069817999,4.965068306494546e-16
6,hab_custom,5726,aleatorio,4.309310326195126e-14,4.965068306494546e-16
6,hab_custom,5727,aleatorio,1.8358283950602028,4.965068306494546e-16
6,hab_custom,5728,aleatorio,0.3780084522051812,4.965068306494546e-16
6,hab_custom,5729,aleatorio,1.1102230246251565e-15,4.965068306494546e-16
6,hab_custom,5730,aleatorio,2.0400329196134557e-14,4.965068306494546e-16
6,hab_custom,5731,aleatorio,5.420799638382024e-15,4.965068306494546e-16
6,hab_custom,5732,aleatorio,0.19921083878625864,4.965068306494546e-16
6,hab_custom,5733,aleatorio,0.37339206283502435,4.965068306494546e-16
6,hab_custom,5734,aleatorio,0.5719558023919263,4.965068306494546e-16
6,hab_custom,5735,aleatorio,0.031405106549309496,4.965068306494546e-16
6,hab_custom,5736,aleatorio,1.942182889839094,4.965068306494546e-16
6,hab_custom,5737,aleatorio,1.3639034504407922e-14,4.965068306494546e-16
6,hab_custom,5738,aleatorio,1.192476416837038,4.965068306494546e-16
6,hab_custom,5739,aleatorio,1.4895204919483639e-15,4.965068306494546e-16
6,hab_custom,5740,aleatorio,0.008167903165989306,4.965068306494546e-16
6,hab_custom,5741,aleatorio,1.7358265093427154e-13,4.965068306494546e-16
6,hab_custom,5742,aleatorio,1.9091933693376228,4.965068306494546e-16
6,hab_custom,5743,aleatorio,2.8202505804285003e-14,4.965068306494546e-16
6,hab_custom,5744,aleatorio,1.6616296724220897e-15,4.965068306494546e-16
6,hab_custom,5745,aleatorio,0.3542613466607889,4.965068306494546e-16
6,hab_custom,5746,aleatorio,3.3502210536551003,4.965068306494546e-16
6,hab_custom,5747,aleatorio,1.0495055880476918,4.965068306494546e-16
6,hab_custom,5748,aleatorio,0.5403592287789943,4.965068306494546e-16
6,hab_custom,5749,aleatorio,2.1093442272182696,4.965068306494546e-16
6,hab_custom,5750,aleatorio,2.20488107251544,4.965068306494546e-16
6,hab_custom,5751,aleatorio,0.32597154868349243,4.965068306494546e-16
6,hab_custom,5752,aleatorio,1.630223392059456,4.965068306494546e-16
6,hab_custom,5753,aleatorio,0.22184974329023643,4.965068306494546e-16
6,hab_custom,5754,aleatorio,2.527157599631231,4.965068306494546e-16
6,hab_custom,5755,aleatorio,0.06985572894318938,4.965068306494546e-16
6,hab_custom,5756,aleatorio,1.2234294498089267,4.965068306494546e-16
6,hab_custom,5757,aleatorio,1.472877282518059e-15,4.965068306494546e-16
6,hab_custom,5758,aleatorio,1.7573212549412829,4.965068306494546e-16
6,hab_custom,5759,aleatorio,0.18145799372267613,4.965068306494546e-16
6,hab_custom,5760,aleatorio,1.6322952301471287,4.965068306494546e-16
6,hab_custom,5761,aleatorio,8.43495550536759e-15,4.965068306494546e-16
6,hab_custom,5762,aleatorio,0.5011557339151377,4.965068306494546e-16
6,hab_custom,5763,aleatorio,0.4112020491711294,4.965068306494546e-16
6,hab_custom,5764,aleatorio,0.029496134848935755,4.965068306494546e-16
6,hab_custom,5765,aleatorio,1.500838163477031,4.965068306494546e-16
6,hab_custom,5766,aleatorio,1.1017944654634106,4.965068306494546e-16
6,hab_custom,5767,aleatorio,0.12540753940485547,4.965068306494546e-16
6,hab_custom,5768,aleatorio,0.1736179331932679,4.965068306494546e-16
6,hab_custom,5769,aleatorio,3.554507172478053,4.965068306494546e-16
6,hab_custom,5770,aleatorio,4.2608560380002213e-14,4.965068306494546e-16
6,hab_custom,5771,aleatorio,9.918039302936838e-14,4.965068306494546e-16
6,hab_custom,5772,aleatorio,4.233745482522214,4.965068306494546e-16
6,hab_custom,5773,aleatorio,0.5654809431874279,4.965068306494546e-16
6,hab_custom,5774,aleatorio,0.10782470828080758,4.965068306494546e-16
6,hab_custom,5775,aleatorio,1.039289729849469e-14,4.965068306494546e-16
6,hab_custom,5776,aleatorio,0.23479473427436032,4.965068306494546e-16
6,hab_custom,5777,aleatorio,0.6509930367317732,4.965068306494546e-16
6,hab_custom,5778,aleatorio,0.35297454055365707,4.965068306494546e-16
6,hab_custom,5779,aleatorio,0.0035844418836779722,4.965068306494546e-16
6,hab_custom,5780,aleatorio,0.09086764389531543,4.965068306494546e-16
6,hab_custom,5781,aleatorio,2.1140901652862563,4.965068306494546e-16
6,hab_custom,5782,aleatorio,1.538370149106851e-15,4.965068306494546e-16
6,hab_custom,5783,aleatorio,1.3031701009020278e-12,4.965068306494546e-16
6,hab_custom,5784,aleatorio,0.9709001643154247,4.965068306494546e-16
6,hab_custom,5785,aleatorio,2.2783204215507897,4.965068306494546e-16
6,hab_custom,5786,aleatorio,0.5335732100614377,4.965068306494546e-16
6,hab_custom,5787,aleatorio,5.671490548119813e-12,4.965068306494546e-16
6,hab_custom,5788,aleatorio,0.04477846446508233,4.965068306494546e-16
6,hab_custom,5789,aleatorio,0.0010721981545276163,4.965068306494546e-16
6,hab_custom,5790,aleatorio,0.012841194607242916,4.965068306494546e-16
6,hab_custom,5791,aleatorio,1.0284549829952676,4.965068306494546e-16
6,hab_custom,5792,aleatorio,0.34122260477951805,4.965068306494546e-16
6,hab_custom,5793,aleatorio,5.009554625647218e-15,4.965068306494546e-16
6,hab_custom,5794,aleatorio,0.6152671286903196,4.965068306494546e-16
6,hab_custom,5795,aleatorio,1.220459946070275,4.965068306494546e-16
6,hab_custom,5796,aleatorio,0.47512515584248166,4.965068306494546e-16
6,hab_custom,5797,aleatorio,0.69749105513089,4.965068306494546e-16
6,hab_custom,5798,aleatorio,0.20322614779281228,4.965068306494546e-16
6,hab_custom,5799,aleatorio,1.5043762437589836,4.965068306494546e-16
6,hab_custom,5800,aleatorio,1.7034335636344258,4.965068306494546e-16
6,hab_custom,5801,aleatorio,0.05230778902389365,4.965068306494546e-16
6,hab_custom,5802,aleatorio,2.8722969452983373,4.965068306494546e-16
6,hab_custom,5803,aleatorio,0.05325044622625452,4.965068306494546e-16
6,hab_custom,5804,aleatorio,1.6061504290469077,4.965068306494546e-16
6,hab_custom,5805,aleatorio,3.2305249619911565,4.965068306494546e-16
6,hab_custom,5806,aleatorio,1.744656462949889,4.965068306494546e-16
6,hab_custom,5807,aleatorio,1.9522042525230103e-05,4.965068306494546e-16
6,hab_custom,5808,aleatorio,0.6642114893984613,4.965068306494546e-16
6,hab_custom,5809,aleatorio,1.1272445717942754,4.965068306494546e-16
6,hab_custom,5810,aleatorio,1.1743701256606662,4.965068306494546e-16
6,hab_custom,5811,aleatorio,3.0314734097016878,4.965068306494546e-16
6,hab_custom,5812,aleatorio,0.328344443839877,4.965068306494546e-16
6,hab_custom,5813,aleatorio,0.851520029022047,4.965068306494546e-16
6,hab_custom,5814,aleatorio,1.1976012009560277,4.965068306494546e-16
6,hab_custom,5815,aleatorio,1.0051805811686617e-11,4.965068306494546e-16
6,hab_custom,5816,aleatorio,0.5006663258097914,4.965068306494546e-16
6,hab_custom,5817,aleatorio,5.978733960281817e-16,4.965068306494546e-16
6,hab_custom,5818,aleatorio,0.11540954840222631,4.965068306494546e-16
6,hab_custom,5819,aleatorio,0.022005541627174826,4.965068306494546e-16
6,hab_custom,5820,aleatorio,1.9590431220774738,4.965068306494546e-16
6,hab_custom,5821,aleatorio,1.2574556423752188,4.965068306494546e-16
6,hab_custom,5822,aleatorio,0.6413485526198104,4.965068306494546e-16
6,hab_custom,5823,aleatorio,0.33504091571258476,4.965068306494546e-16
6,hab_custom,5824,aleatorio,0.14346643078102972,4.965068306494546e-16
6,hab_custom,5825,aleatorio,3.2401656880890547e-13,4.965068306494546e-16
6,hab_custom,5826,aleatorio,1.2594373123147174e-13,4.965068306494546e-16
6,hab_custom,5827,aleatorio,0.3789478921565374,4.965068306494546e-16
6,hab_custom,5828,aleatorio,0.9095801221304711,4.965068306494546e-16
6,hab_custom,5829,aleatorio,2.3484110196508325e-12,4.965068306494546e-16
6,hab_custom,5830,aleatorio,3.733535723141411e-12,4.965068306494546e-16
6,hab_custom,5831,aleatorio,0.5922310613427371,4.965068306494546e-16
6,hab_custom,5832,aleatorio,1.0645180554363478e-13,4.965068306494546e-16
6,hab_custom,5833,aleatorio,2.0241356634591785,4.965068306494546e-16
6,hab_custom,5834,aleatorio,0.15069187403504616,4.965068306494546e-16
6,hab_custom,5835,aleatorio,1.9237741890055924,4.965068306494546e-16
6,hab_custom,5836,aleatorio,3.4515698527237113,4.965068306494546e-16
6,hab_custom,5837,aleatorio,0.6883033057321891,4.965068306494546e-16
6,hab_custom,5838,aleatorio,3.62334343047146e-14,4.965068306494546e-16
6,hab_custom,5839,aleatorio,2.7321035122340867,4.965068306494546e-16
6,hab_custom,5840,aleatorio,2.353606307474732,4.965068306494546e-16
6,hab_custom,5841,aleatorio,1.5450342688903818e-11,4.965068306494546e-16
6,hab_custom,5842,aleatorio,0.059643850813477235,4.965068306494546e-16
6,hab_custom,5843,aleatorio,8.452290561089217e-15,4.965068306494546e-16
6,hab_custom,5844,aleatorio,2.0363802600498153e-13,4.965068306494546e-16
6,hab_custom,5845,aleatorio,2.4690215875269317,4.965068306494546e-16
6,hab_custom,5846,aleatorio,2.9992464903452587e-14,4.965068306494546e-16
6,hab_custom,5847,aleatorio,1.6011864169946884e-15,4.965068306494546e-16
6,hab_custom,5848,aleatorio,2.5889397239282084,4.965068306494546e-16
6,hab_custom,5849,aleatorio,0.41295424395164754,4.965068306494546e-16
6,hab_custom,5850,aleatorio,0.007575952740402009,4.965068306494546e-16
6,hab_custom,5851,aleatorio,1.7055569729570692e-15,4.965068306494546e-16
6,hab_custom,5852,aleatorio,2.3266862785913207,4.965068306494546e-16
6,hab_custom,5853,aleatorio,2.834788781174586e-14,4.965068306494546e-16
6,hab_custom,5854,aleatorio,5.51515554556237e-13,4.965068306494546e-16
6,hab_custom,5855,aleatorio,1.1818501656273828,4.965068306494546e-16
6,hab_custom,5856,aleatorio,7.646040117818866e-13,4.965068306494546e-16
6,hab_custom,5857,aleatorio,0.48310667271080987,4.965068306494546e-16
6,hab_custom,5858,aleatorio,0.918549606800362,4.965068306494546e-16
6,hab_custom,5859,aleatorio,0.06777764829821585,4.965068306494546e-16
6,hab_custom,5860,aleatorio,0.7083855310521275,4.965068306494546e-16
6,hab_custom,5861,aleatorio,1.6156588257933284,4.965068306494546e-16
6,hab_custom,5862,aleatorio,1.210619195928462,4.965068306494546e-16
6,hab_custom,5863,aleatorio,1.8674203410610448e-11,4.965068306494546e-16
6,hab_custom,5864,aleatorio,1.371114198290873e-14,4.965068306494546e-16
6,hab_custom,5865,aleatorio,4.553420399534802e-14,4.965068306494546e-16
6,hab_custom,5866,aleatorio,0.11866451082580018,4.965068306494546e-16
6,hab_custom,5867,aleatorio,1.0624619723579119e-13,4.965068306494546e-16
6,hab_custom,5868,aleatorio,1.6842910111068565,4.965068306494546e-16
6,hab_custom,5869,aleatorio,1.9768500528120823e-11,4.965068306494546e-16
6,hab_custom,5870,aleatorio,0.27309056029510453,4.965068306494546e-16
6,hab_custom,5871,aleatorio,1.047382306668854e-15,4.965068306494546e-16
6,hab_custom,5872,aleatorio,1.616509124176106e-15,4.965068306494546e-16
6,hab_custom,5873,aleatorio,0.014658170376646061,4.965068306494546e-16
6,hab_custom,5874,aleatorio,1.8038305671552947e-14,4.965068306494546e-16
6,hab_custom,5875,aleatorio,4.794556965513382e-11,4.965068306494546e-16
6,hab_custom,5876,aleatorio,0.42559586872753513,4.965068306494546e-16
6,hab_custom,5877,aleatorio,2.364580524706414,4.965068306494546e-16
6,hab_custom,5878,aleatorio,1.6541950504657498e-15,4.965068306494546e-16
6,hab_custom,5879,aleatorio,1.4262033600296675,4.965068306494546e-16
6,hab_custom,5880,aleatorio,0.2824225442517926,4.965068306494546e-16
6,hab_custom,5881,aleatorio,0.025117909496524458,4.965068306494546e-16
6,hab_custom,5882,aleatorio,1.7774401379908475,4.965068306494546e-16
6,hab_custom,5883,aleatorio,4.441265193813968,4.965068306494546e-16
6,hab_custom,5884,aleatorio,0.00016500906045945776,4.965068306494546e-16
6,hab_custom,5885,aleatorio,3.607797795906347e-15,4.965068306494546e-16
6,hab_custom,5886,aleatorio,5.681092088322676,4.965068306494546e-16
6,hab_custom,5887,aleatorio,0.12635922001266306,4.965068306494546e-16
6,hab_custom,5888,aleatorio,1.937187547510669e-11,4.965068306494546e-16
6,hab_custom,5889,aleatorio,0.2505545164089602,4.965068306494546e-16
6,hab_custom,5890,aleatorio,1.482972853683511,4.965068306494546e-16
6,hab_custom,5891,aleatorio,3.235804953710571e-14,4.965068306494546e-16
6,hab_custom,5892,aleatorio,0.593754168016386,4.965068306494546e-16
6,hab_custom,5893,aleatorio,5.024299793017693e-13,4.965068306494546e-16
6,hab_custom,5894,aleatorio,0.7735839098955601,4.965068306494546e-16
6,hab_custom,5895,aleatorio,1.3917781760797596,4.965068306494546e-16
6,hab_custom,5896,aleatorio,0.9934479786288034,4.965068306494546e-16
6,hab_custom,5897,aleatorio,2.3639377965026514e-13,4.965068306494546e-16
6,hab_custom,5898,aleatorio,6.661338147750939e-16,4.965068306494546e-16
6,hab_custom,5899,aleatorio,2.0119295537593223,4.965068306494546e-16
6,hab_custom,5900,aleatorio,0.5692759666347226,4.965068306494546e-16
6,hab_custom,5901,aleatorio,10.074637251219725,4.965068306494546e-16
6,hab_custom,5902,aleatorio,1.120457750369672,4.965068306494546e-16
6,hab_custom,5903,aleatorio,6.038374330241847e-13,4.965068306494546e-16
6,hab_custom,5904,aleatorio,0.34102472809351164,4.965068306494546e-16
6,hab_custom,5905,aleatorio,0.7105762854929363,4.965068306494546e-16
6,hab_custom,5906,aleatorio,2.5219419200973697e-15,4.965068306494546e-16
6,hab_custom,5907,aleatorio,3.240337760634086,4.965068306494546e-16
6,hab_custom,5908,aleatorio,0.07836484749978342,4.965068306494546e-16
6,hab_custom,5909,aleatorio,0.5408541516644558,4.965068306494546e-16
6,hab_custom,5910,aleatorio,1.4895204919483639e-15,4.965068306494546e-16
6,hab_custom,5911,aleatorio,8.35622709216867,4.965068306494546e-16
6,hab_custom,5912,aleatorio,1.2560739669470201e-15,4.965068306494546e-16
6,hab_custom,5913,aleatorio,0.9027883395692351,4.965068306494546e-16
6,hab_custom,5914,aleatorio,0.3736608994182678,4.965068306494546e-16
6,hab_custom,5915,aleatorio,0.88236396853286,4.965068306494546e-16
6,hab_custom,5916,aleatorio,0.8221579907605103,4.965068306494546e-16
6,hab_custom,5917,aleatorio,1.1322097734007351e-15,4.965068306494546e-16
6,hab_custom,5918,aleatorio,2.1654060357537923,4.965068306494546e-16
6,hab_custom,5919,aleatorio,0.3348639038705991,4.965068306494546e-16
6,hab_custom,5920,aleatorio,0.9294354788578643,4.965068306494546e-16
6,hab_custom,5921,aleatorio,8.660365849086239e-14,4.965068306494546e-16
6,hab_custom,5922,aleatorio,1.4415633467612143,4.965068306494546e-16
6,hab_custom,5923,aleatorio,0.9049465904747497,4.965068306494546e-16
6,hab_custom,5924,aleatorio,3.895753451586361e-13,4.965068306494546e-16
6,hab_custom,5925,aleatorio,0.3687787881397023,4.965068306494546e-16
6,hab_custom,5926,aleatorio,1.4217791915866692e-15,4.965068306494546e-16
6,hab_custom,5927,aleatorio,2.2277354350889476,4.965068306494546e-16
6,hab_custom,5928,aleatorio,2.8112587682145325e-13,4.965068306494546e-16
6,hab_custom,5929,aleatorio,0.211454251265214,4.965068306494546e-16
6,hab_custom,5930,aleatorio,1.0450587804582379,4.965068306494546e-16
6,hab_custom,5931,aleatorio,1.1023910871335187e-13,4.965068306494546e-16
6,hab_custom,5932,aleatorio,1.7791994984596566,4.965068306494546e-16
6,hab_custom,5933,aleatorio,1.0626969598708746,4.965068306494546e-16
6,hab_custom,5934,aleatorio,0.35750423557224326,4.965068306494546e-16
6,hab_custom,5935,aleatorio,0.3811976482160078,4.965068306494546e-16
6,hab_custom,5936,aleatorio,1.971792661241407e-13,4.965068306494546e-16
6,hab_custom,5937,aleatorio,0.3122373521022123,4.965068306494546e-16
6,hab_custom,5938,aleatorio,2.0506409500434137,4.965068306494546e-16
6,hab_custom,5939,aleatorio,8.65010791034256e-12,4.965068306494546e-16
6,hab_custom,5940,aleatorio,4.547327833429162,4.965068306494546e-16
6,hab_custom,5941,aleatorio,0.9350224261848805,4.965068306494546e-16
6,hab_custom,5942,aleatorio,5.672025761359912,4.965068306494546e-16
6,hab_custom,5943,aleatorio,0.028873642088107655,4.965068306494546e-16
6,hab_custom,5944,aleatorio,0.07374451950027343,4.965068306494546e-16
6,hab_custom,5945,aleatorio,0.20305066775469,4.965068306494546e-16
6,hab_custom,5946,aleatorio,0.12618145796415609,4.965068306494546e-16
6,hab_custom,5947,aleatorio,0.5926833043351418,4.965068306494546e-16
6,hab_custom,5948,aleatorio,7.34411197731881e-11,4.965068306494546e-16
6,hab_custom,5949,aleatorio,5.526693838523767e-12,4.965068306494546e-16
6,hab_custom,5950,aleatorio,0.2333183820195772,4.965068306494546e-16
6,hab_custom,5951,aleatorio,0.00031258553253229267,4.965068306494546e-16
6,hab_custom,5952,aleatorio,1.0426007551589676,4.965068306494546e-16
6,hab_custom,5953,aleatorio,1.2892719183863588,4.965068306494546e-16
6,hab_custom,5954,aleatorio,0.9964354511169625,4.965068306494546e-16
6,hab_custom,5955,aleatorio,0.7077693892687447,4.965068306494546e-16
6,hab_custom,5956,aleatorio,0.19985803759814086,4.965068306494546e-16
6,hab_custom,5957,aleatorio,4.6986216098688285,4.965068306494546e-16
6,hab_custom,5958,aleatorio,2.033254152389313,4.965068306494546e-16
6,hab_custom,5959,aleatorio,0.7672548947574087,4.965068306494546e-16
6,hab_custom,5960,aleatorio,3.536412728598214,4.965068306494546e-16
6,hab_custom,5961,aleatorio,2.1635167641462883e-13,4.965068306494546e-16
6,hab_custom,5962,aleatorio,6.340919039302067e-15,4.965068306494546e-16
6,hab_custom,5963,aleatorio,0.00506413622420987,4.965068306494546e-16
6,hab_custom,5964,aleatorio,9.514281663294312e-12,4.965068306494546e-16
6,hab_custom,5965,aleatorio,2.464226976177272e-13,4.965068306494546e-16
6,hab_custom,5966,aleatorio,0.8336838027415068,4.965068306494546e-16
6,hab_custom,5967,aleatorio,1.2139566625567828e-14,4.965068306494546e-16
6,hab_custom,5968,aleatorio,4.176134042210516,4.965068306494546e-16
6,hab_custom,5969,aleatorio,1.5000881649734625,4.965068306494546e-16
6,hab_custom,5970,aleatorio,2.81353093910481e-12,4.965068306494546e-16
6,hab_custom,5971,aleatorio,3.2411521566665566,4.965068306494546e-16
6,hab_custom,5972,aleatorio,2.6143625086767672,4.965068306494546e-16
6,hab_custom,5973,aleatorio,2.7504717130670704,4.965068306494546e-16
6,hab_custom,5974,aleatorio,0.2509959821555519,4.965068306494546e-16
6,hab_custom,5975,aleatorio,1.2789405483812049,4.965068306494546e-16
6,hab_custom,5976,aleatorio,3.7623233800419746,4.965068306494546e-16
6,hab_custom,5977,aleatorio,1.3281535017578296,4.965068306494546e-16
6,hab_custom,5978,aleatorio,6.423961869778975e-15,4.965068306494546e-16
6,hab_custom,5979,aleatorio,0.48805943296519244,4.965068306494546e-16
6,hab_custom,5980,aleatorio,0.9841213842610255,4.965068306494546e-16
6,hab_custom,5981,aleatorio,8.005932084973442e-16,4.965068306494546e-16
6,hab_custom,5982,aleatorio,2.865472472995995,4.965068306494546e-16
6,hab_custom,5983,aleatorio,1.7342238036525468e-15,4.965068306494546e-16
6,hab_custom,5984,aleatorio,6.041286520114393e-15,4.965068306494546e-16
6,hab_custom,5985,aleatorio,0.21133880076399064,4.965068306494546e-16
6,hab_custom,5986,aleatorio,0.6636138395251414,4.965068306494546e-16
6,hab_custom,5987,aleatorio,0.7593664487666418,4.965068306494546e-16
6,hab_custom,5988,aleatorio,7.869280847691828e-15,4.965068306494546e-16
6,hab_custom,5989,aleatorio,0.555641437078649,4.965068306494546e-16
6,hab_custom,5990,aleatorio,0.6051538128997312,4.965068306494546e-16
6,hab_custom,5991,aleatorio,1.4043333874306805e-15,4.965068306494546e-16
6,hab_custom,5992,aleatorio,0.7021668774198807,4.965068306494546e-16
6,hab_custom,5993,aleatorio,6.016896676185172e-14,4.965068306494546e-16
6,hab_custom,5994,aleatorio,0.27123750120077994,4.965068306494546e-16
6,hab_custom,5995,aleatorio,1.525261102207406,4.965068306494546e-16
6,hab_custom,5996,aleatorio,1.4087150935148696e-15,4.965068306494546e-16
6,hab_custom,5997,aleatorio,1.4094215706760538,4.965068306494546e-16
6,hab_custom,5998,aleatorio,1.0577363198857365e-10,4.965068306494546e-16
6,hab_custom,5999,aleatorio,0.18138597760157296,4.965068306494546e-16
6,hab_custom,6000,aleatorio,6.098462768088502e-11,4.965068306494546e-16
6,hab_custom,6001,aleatorio,4.218847493575595e-15,4.965068306494546e-16
6,hab_custom,6002,aleatorio,2.5007777918776157,4.965068306494546e-16
6,hab_custom,6003,aleatorio,2.4032154502329393,4.965068306494546e-16
6,hab_custom,6004,aleatorio,9.765249655586742e-12,4.965068306494546e-16
6,hab_custom,6005,aleatorio,1.7248643871322187,4.965068306494546e-16
6,hab_custom,6006,aleatorio,4.75531092648159,4.965068306494546e-16
6,hab_custom,6007,aleatorio,1.5645026715029857,4.965068306494546e-16
6,hab_custom,6008,aleatorio,0.16262197747659987,4.965068306494546e-16
6,hab_custom,6009,aleatorio,5.410910787382626,4.965068306494546e-16
6,hab_custom,6010,aleatorio,1.0877919644084146e-15,4.965068306494546e-16
6,hab_custom,6011,aleatorio,0.21514923050738208,4.965068306494546e-16
6,hab_custom,6012,aleatorio,6.367791849606844,4.965068306494546e-16
6,hab_custom,6013,aleatorio,0.7957884639800651,4.965068306494546e-16
6,hab_custom,6014,aleatorio,0.023986769752511097,4.965068306494546e-16
6,hab_custom,6015,aleatorio,2.266731775670435e-14,4.965068306494546e-16
6,hab_custom,6016,aleatorio,4.409698245252361,4.965068306494546e-16
6,hab_custom,6017,aleatorio,0.4425674636998455,4.965068306494546e-16
6,hab_custom,6018,aleatorio,1.2424222481194054e-12,4.965068306494546e-16
6,hab_custom,6019,aleatorio,3.651266807319769e-14,4.965068306494546e-16
6,hab_custom,6020,aleatorio,2.5341311739065124e-15,4.965068306494546e-16
6,hab_custom,6021,aleatorio,2.5942184945888343e-15,4.965068306494546e-16
6,hab_custom,6022,aleatorio,2.6084334968580714e-15,4.965068306494546e-16
6,hab_custom,6023,aleatorio,2.5553904281369486,4.965068306494546e-16
6,hab_custom,6024,aleatorio,0.01794750739636336,4.965068306494546e-16
6,hab_custom,6025,aleatorio,0.5634245655682324,4.965068306494546e-16
6,hab_custom,6026,aleatorio,0.6808862573172287,4.965068306494546e-16
6,hab_custom,6027,aleatorio,1.1344775575903383,4.965068306494546e-16
6,hab_custom,6028,aleatorio,0.3133716611981603,4.965068306494546e-16
6,hab_custom,6029,aleatorio,4.851854993743461e-13,4.965068306494546e-16
6,hab_custom,6030,aleatorio,1.2358357412078003,4.965068306494546e-16
6,hab_custom,6031,aleatorio,2.9912188348114794,4.965068306494546e-16
6,hab_custom,6032,aleatorio,0.9920269401727175,4.965068306494546e-16
6,hab_custom,6033,aleatorio,4.212546780304305,4.965068306494546e-16
6,hab_custom,6034,aleatorio,0.30333596958804177,4.965068306494546e-16
6,hab_custom,6035,aleatorio,1.4073828340345719e-12,4.965068306494546e-16
6,hab_custom,6036,aleatorio,1.7323172405580838,4.965068306494546e-16
6,hab_custom,6037,aleatorio,9.930136612989092e-16,4.965068306494546e-16
6,hab_custom,6038,aleatorio,0.9023677631159946,4.965068306494546e-16
6,hab_custom,6039,aleatorio,0.7139933153094093,4.965068306494546e-16
6,hab_custom,6040,aleatorio,2.276511702873635e-13,4.965068306494546e-16
6,hab_custom,6041,aleatorio,2.833267637227541e-11,4.965068306494546e-16
6,hab_custom,6042,aleatorio,3.663635050506892e-14,4.965068306494546e-16
6,hab_custom,6043,aleatorio,0.5855957383356195,4.965068306494546e-16
6,hab_custom,6044,aleatorio,7.204534817065736e-14,4.965068306494546e-16
6,hab_custom,6045,aleatorio,2.8940378029256237,4.965068306494546e-16
6,hab_custom,6046,aleatorio,1.5939338608855202e-14,4.965068306494546e-16
6,hab_custom,6047,aleatorio,0.018122416892872945,4.965068306494546e-16
6,hab_custom,6048,aleatorio,1.2644743447188296,4.965068306494546e-16
6,hab_custom,6049,aleatorio,8.881784197001252e-16,4.965068306494546e-16
6,hab_custom,6050,aleatorio,0.5753842092021609,4.965068306494546e-16
6,hab_custom,6051,aleatorio,3.902426982786931e-13,4.965068306494546e-16
6,hab_custom,6052,aleatorio,1.312204331581835,4.965068306494546e-16
6,hab_custom,6053,aleatorio,1.5609464652580365e-11,4.965068306494546e-16
6,hab_custom,6054,aleatorio,1.6549809758612748,4.965068306494546e-16
6,hab_custom,6055,aleatorio,0.5543150076420096,4.965068306494546e-16
6,hab_custom,6056,aleatorio,0.37794542648294105,4.965068306494546e-16
6,hab_custom,6057,aleatorio,1.1472918178518521e-13,4.965068306494546e-16
6,hab_custom,6058,aleatorio,3.774758283725532e-15,4.965068306494546e-16
6,hab_custom,6059,aleatorio,0.01725848823923667,4.965068306494546e-16
6,hab_custom,6060,aleatorio,0.006719267675915167,4.965068306494546e-16
6,hab_custom,6061,aleatorio,3.749313539998891,4.965068306494546e-16
6,hab_custom,6062,aleatorio,0.37742784000362256,4.965068306494546e-16
6,hab_custom,6063,aleatorio,2.7634598244429127,4.965068306494546e-16
6,hab_custom,6064,aleatorio,2.2460323473089585,4.965068306494546e-16
6,hab_custom,6065,aleatorio,6.476430627310811,4.965068306494546e-16
6,hab_custom,6066,aleatorio,0.010627603780903409,4.965068306494546e-16
6,hab_custom,6067,aleatorio,2.259250115819001,4.965068306494546e-16
6,hab_custom,6068,aleatorio,0.0824763008093579,4.965068306494546e-16
6,hab_custom,6069,aleatorio,0.2385744071879238,4.965068306494546e-16
6,hab_custom,6070,aleatorio,1.512963122552047e-13,4.965068306494546e-16
6,hab_custom,6071,aleatorio,1.8216921688208803,4.965068306494546e-16
6,hab_custom,6072,aleatorio,1.041481514324134e-15,4.965068306494546e-16
6,hab_custom,6073,aleatorio,0.05755112902786379,4.965068306494546e-16
6,hab_custom,6074,aleatorio,1.0118173036215638e-11,4.965068306494546e-16
6,hab_custom,6075,aleatorio,3.6894469515327395e-12,4.965068306494546e-16
6,hab_custom,6076,aleatorio,0.6914636468476212,4.965068306494546e-16
6,hab_custom,6077,aleatorio,1.134581395240898,4.965068306494546e-16
6,hab_custom,6078,aleatorio,1.5658869734353054,4.965068306494546e-16
6,hab_custom,6079,aleatorio,8.881784197001252e-16,4.965068306494546e-16
6,hab_custom,6080,aleatorio,1.4302499553753658e-14,4.965068306494546e-16
6,hab_custom,6081,aleatorio,0.1873600637868797,4.965068306494546e-16
6,hab_custom,6082,aleatorio,0.08661856319318073,4.965068306494546e-16
6,hab_custom,6083,aleatorio,3.38497045741761e-13,4.965068306494546e-16
6,hab_custom,6084,aleatorio,3.099256165083144,4.965068306494546e-16
6,hab_custom,6085,aleatorio,0.21240842873227736,4.965068306494546e-16
6,hab_custom,6086,aleatorio,2.153984500239714,4.965068306494546e-16
6,hab_custom,6087,aleatorio,0.1404996487864704,4.965068306494546e-16
6,hab_custom,6088,aleatorio,0.5988282405785927,4.965068306494546e-16
6,hab_custom,6089,aleatorio,0.01944903024337343,4.965068306494546e-16
6,hab_custom,6090,aleatorio,0.644370013441135,4.965068306494546e-16
6,hab_custom,6091,aleatorio,0.08568300522550383,4.965068306494546e-16
6,hab_custom,6092,aleatorio,1.5572600858938894,4.965068306494546e-16
6,hab_custom,6093,aleatorio,1.9357399876532506e-15,4.965068306494546e-16
6,hab_custom,6094,aleatorio,1.5114897127472815,4.965068306494546e-16
6,hab_custom,6095,aleatorio,1.7405475233650352,4.965068306494546e-16
6,hab_custom,6096,aleatorio,7.904825670349468e-13,4.965068306494546e-16
6,hab_custom,6097,aleatorio,4.003988917901376,4.965068306494546e-16
6,hab_custom,6098,aleatorio,4.71887521455949,4.965068306494546e-16
6,hab_custom,6099,aleatorio,0.4133257007557417,4.965068306494546e-16
6,hab_custom,6100,aleatorio,9.19359189388761e-15,4.965068306494546e-16
6,hab_custom,6101,aleatorio,5.672170634125439e-12,4.965068306494546e-16
6,hab_custom,6102,aleatorio,4.884981308350689e-15,4.965068306494546e-16
6,hab_custom,6103,aleatorio,0.3271048664081212,4.965068306494546e-16
6,hab_custom,6104,aleatorio,5.301916521452607e-14,4.965068306494546e-16
6,hab_custom,6105,aleatorio,8.671119018262734e-16,4.965068306494546e-16
6,hab_custom,6106,aleatorio,0.0837753953944144,4.965068306494546e-16
6,hab_custom,6107,aleatorio,0.4931603799447133,4.965068306494546e-16
6,hab_custom,6108,aleatorio,6.661338147750939e-16,4.965068306494546e-16
6,hab_custom,6109,aleatorio,8.688869536365456e-16,4.965068306494546e-16
6,hab_custom,6110,aleatorio,2.616289024805111e-13,4.965068306494546e-16
6,hab_custom,6111,aleatorio,1.1615614894619813e-12,4.965068306494546e-16
6,hab_custom,6112,aleatorio,1.4217791915866692e-15,4.965068306494546e-16
6,hab_custom,6113,aleatorio,0.24127885430210017,4.965068306494546e-16
6,hab_custom,6114,aleatorio,0.03300394751731542,4.965068306494546e-16
6,hab_custom,6115,aleatorio,0.37892974646972627,4.965068306494546e-16
6,hab_custom,6116,aleatorio,2.701524609922524,4.965068306494546e-16
6,hab_custom,6117,aleatorio,7.293130377929932,4.965068306494546e-16
6,hab_custom,6118,aleatorio,6.626174580295789e-05,4.965068306494546e-16
6,hab_custom,6119,aleatorio,0.027450041160716965,4.965068306494546e-16
6,hab_custom,6120,aleatorio,5.758251161888155e-12,4.965068306494546e-16
6,hab_custom,6121,aleatorio,0.3184065463889977,4.965068306494546e-16
6,hab_custom,6122,aleatorio,0.006347989069560079,4.965068306494546e-16
6,hab_custom,6123,aleatorio,4.232183221460858,4.965068306494546e-16
6,hab_custom,6124,aleatorio,2.018935178549582,4.965068306494546e-16
6,hab_custom,6125,aleatorio,2.706494415096123,4.965068306494546e-16
6,hab_custom,6126,aleatorio,0.046151978576699004,4.965068306494546e-16
6,hab_custom,6127,aleatorio,0.7813670371490035,4.965068306494546e-16
6,hab_custom,6128,aleatorio,2.48031062672172,4.965068306494546e-16
6,hab_custom,6129,aleatorio,1.970958808308625,4.965068306494546e-16
6,hab_custom,6130,aleatorio,2.1867561007407197e-13,4.965068306494546e-16
6,hab_custom,6131,aleatorio,1.421033914649942,4.965068306494546e-16
6,hab_custom,6132,aleatorio,1.8538598913845665,4.965068306494546e-16
6,hab_custom,6133,aleatorio,0.0904879503728771,4.965068306494546e-16
6,hab_custom,6134,aleatorio,1.1060376500973232,4.965068306494546e-16
6,hab_custom,6135,aleatorio,1.7416585526625332,4.965068306494546e-16
6,hab_custom,6136,aleatorio,8.005932084973442e-16,4.965068306494546e-16
6,hab_custom,6137,aleatorio,0.12151716954060478,4.965068306494546e-16
6,hab_custom,6138,aleatorio,1.9656343179073876,4.965068306494546e-16
6,hab_custom,6139,aleatorio,0.791266904349863,4.965068306494546e-16
6,hab_custom,6140,aleatorio,3.361036603319787e-13,4.965068306494546e-16
6,hab_custom,6141,aleatorio,9.730046761242283,4.965068306494546e-16
6,hab_custom,6142,aleatorio,4.443702474924581,4.965068306494546e-16
6,hab_custom,6143,aleatorio,2.579860870049039,4.965068306494546e-16
6,hab_custom,6144,aleatorio,0.15562208097861369,4.965068306494546e-16
6,hab_custom,6145,aleatorio,0.13429211329489824,4.965068306494546e-16
6,hab_custom,6146,aleatorio,2.720498669257538,4.965068306494546e-16
6,hab_custom,6147,aleatorio,2.4590876105956085e-14,4.965068306494546e-16
6,hab_custom,6148,aleatorio,6.59068635513766e-14,4.965068306494546e-16
6,hab_custom,6149,aleatorio,2.779950568230345e-14,4.965068306494546e-16
6,hab_custom,6150,aleatorio,3.603490465923785e-14,4.965068306494546e-16
6,hab_custom,6151,aleatorio,0.12383024532886329,4.965068306494546e-16
6,hab_custom,6152,aleatorio,2.220446049250313e-15,4.965068306494546e-16
6,hab_custom,6153,aleatorio,4.331179091905074e-14,4.965068306494546e-16
6,hab_custom,6154,aleatorio,0.6234136810364084,4.965068306494546e-16
6,hab_custom,6155,aleatorio,1.1174412760748071e-10,4.965068306494546e-16
6,hab_custom,6156,aleatorio,5.927031444384434e-14,4.965068306494546e-16
6,hab_custom,6157,aleatorio,0.3260531971416248,4.965068306494546e-16
6,hab_custom,6158,aleatorio,0.7853099148163263,4.965068306494546e-16
6,hab_custom,6159,aleatorio,0.08287633242014548,4.965068306494546e-16
6,hab_custom,6160,aleatorio,9.032803959583293e-12,4.965068306494546e-16
6,hab_custom,6161,aleatorio,6.604531352004325,4.965068306494546e-16
6,hab_custom,6162,aleatorio,2.2636466516064795,4.965068306494546e-16
6,hab_custom,6163,aleatorio,3.0674332767055916,4.965068306494546e-16
6,hab_custom,6164,aleatorio,0.27518765683582874,4.965068306494546e-16
6,hab_custom,6165,aleatorio,6.280369834735101e-16,4.965068306494546e-16
6,hab_custom,6166,aleatorio,1.1083139666049326,4.965068306494546e-16
6,hab_custom,6167,aleatorio,2.1868857395626282e-15,4.965068306494546e-16
6,hab_custom,6168,aleatorio,1.7044793466522693e-11,4.965068306494546e-16
6,hab_custom,6169,aleatorio,3.142779952205646,4.965068306494546e-16
6,hab_custom,6170,aleatorio,4.341227568819595e-14,4.965068306494546e-16
6,hab_custom,6171,aleatorio,0.030057611237885185,4.965068306494546e-16
6,hab_custom,6172,aleatorio,0.07306104283147939,4.965068306494546e-16
6,hab_custom,6173,aleatorio,0.004641199407685426,4.965068306494546e-16
6,hab_custom,6174,aleatorio,0.8966036099196116,4.965068306494546e-16
6,hab_custom,6175,aleatorio,1.9748384063047746,4.965068306494546e-16
6,hab_custom,6176,aleatorio,2.794055613419874,4.965068306494546e-16
6,hab_custom,6177,aleatorio,0.41561637440109156,4.965068306494546e-16
6,hab_custom,6178,aleatorio,0.29243834785839595,4.965068306494546e-16
6,hab_custom,6179,aleatorio,1.7017147939532022,4.965068306494546e-16
6,hab_custom,6180,aleatorio,2.5687269030669335,4.965068306494546e-16
6,hab_custom,6181,aleatorio,0.20960340541857464,4.965068306494546e-16
6,hab_custom,6182,aleatorio,7.989163650935689e-14,4.965068306494546e-16
6,hab_custom,6183,aleatorio,0.007905395424549723,4.965068306494546e-16
6,hab_custom,6184,aleatorio,0.30848028176304665,4.965068306494546e-16
6,hab_custom,6185,aleatorio,2.0372616702904106e-13,4.965068306494546e-16
6,hab_custom,6186,aleatorio,1.4865007381735126e-12,4.965068306494546e-16
6,hab_custom,6187,aleatorio,0.08198487948937133,4.965068306494546e-16
6,hab_custom,6188,aleatorio,1.762250127757694,4.965068306494546e-16
6,hab_custom,6189,aleatorio,0.14616277455740856,4.965068306494546e-16
6,hab_custom,6190,aleatorio,1.940647257702197,4.965068306494546e-16
6,hab_custom,6191,aleatorio,4.4872580803829077e-11,4.965068306494546e-16
6,hab_custom,6192,aleatorio,7.757781719214611e-11,4.965068306494546e-16
6,hab_custom,6193,aleatorio,1.4606504446350383,4.965068306494546e-16
6,hab_custom,6194,aleatorio,0.08831355002907648,4.965068306494546e-16
6,hab_custom,6195,aleatorio,0.5490383276419103,4.965068306494546e-16
6,hab_custom,6196,aleatorio,0.019115987338586517,4.965068306494546e-16
6,hab_custom,6197,aleatorio,1.2576212658955215,4.965068306494546e-16
6,hab_custom,6198,aleatorio,9.104505742017336e-16,4.965068306494546e-16
6,hab_custom,6199,aleatorio,2.5578228956456877,4.965068306494546e-16
6,hab_custom,6200,aleatorio,0.14438406710438678,4.965068306494546e-16
6,hab_custom,6201,aleatorio,1.2274033014619812,4.965068306494546e-16
6,hab_custom,6202,aleatorio,0.36368838701321576,4.965068306494546e-16
6,hab_custom,6203,aleatorio,2.7296066527165075,4.965068306494546e-16
6,hab_custom,6204,aleatorio,0.4022118370938529,4.965068306494546e-16
6,hab_custom,6205,aleatorio,1.4979834070998347e-13,4.965068306494546e-16
6,hab_custom,6206,aleatorio,1.173396769621398e-10,4.965068306494546e-16
6,hab_custom,6207,aleatorio,1.3563985775149417e-11,4.965068306494546e-16
6,hab_custom,6208,aleatorio,5.665260798937982e-11,4.965068306494546e-16
6,hab_custom,6209,aleatorio,1.9860273225978185e-15,4.965068306494546e-16
6,hab_custom,6210,aleatorio,0.4742765792856018,4.965068306494546e-16
6,hab_custom,6211,aleatorio,0.11385717300924987,4.965068306494546e-16
6,hab_custom,6212,aleatorio,0.49409757270539356,4.965068306494546e-16
6,hab_custom,6213,aleatorio,4.21212236247789e-14,4.965068306494546e-16
6,hab_custom,6214,aleatorio,0.43166343454486983,4.965068306494546e-16
6,hab_custom,6215,aleatorio,5.1920467335786784e-14,4.965068306494546e-16
6,hab_custom,6216,aleatorio,8.308148362110449e-16,4.965068306494546e-16
6,hab_custom,6217,aleatorio,2.5341453171617316,4.965068306494546e-16
6,hab_custom,6218,aleatorio,0.8125132615900419,4.965068306494546e-16
6,hab_custom,6219,aleatorio,9.325873406851315e-15,4.965068306494546e-16
6,hab_custom,6220,aleatorio,0.9590812689181925,4.965068306494546e-16
6,hab_custom,6221,aleatorio,1.8719914072971047,4.965068306494546e-16
6,hab_custom,6222,aleatorio,2.302353355008365e-13,4.965068306494546e-16
6,hab_custom,6223,aleatorio,0.9656867191033084,4.965068306494546e-16
6,hab_custom,6224,aleatorio,0.31156301022686084,4.965068306494546e-16
6,hab_custom,6225,aleatorio,0.2302290381079395,4.965068306494546e-16
6,hab_custom,6226,aleatorio,6.515691301122032,4.965068306494546e-16
6,hab_custom,6227,aleatorio,3.8710342200423493e-14,4.965068306494546e-16
6,hab_custom,6228,aleatorio,0.21649684075302308,4.965068306494546e-16
6,hab_custom,6229,aleatorio,2.589462819655575e-15,4.965068306494546e-16
6,hab_custom,6230,aleatorio,0.03018851568994441,4.965068306494546e-16
6,hab_custom,6231,aleatorio,3.8232222654741532,4.965068306494546e-16
6,hab_custom,6232,aleatorio,0.5305319954039203,4.965068306494546e-16
6,hab_custom,6233,aleatorio,0.5740315420368708,4.965068306494546e-16
6,hab_custom,6234,aleatorio,0.3369512941316175,4.965068306494546e-16
6,hab_custom,6235,aleatorio,1.3308391844303313,4.965068306494546e-16
6,hab_custom,6236,aleatorio,0.09520834354765494,4.965068306494546e-16
6,hab_custom,6237,aleatorio,3.66205343881779e-15,4.965068306494546e-16
6,hab_custom,6238,aleatorio,6.227575389756399,4.965068306494546e-16
6,hab_custom,6239,aleatorio,0.13948268377188117,4.965068306494546e-16
6,hab_custom,6240,aleatorio,0.3036221047222795,4.965068306494546e-16
6,hab_custom,6241,aleatorio,0.5465848437517452,4.965068306494546e-16
6,hab_custom,6242,aleatorio,0.939078532688508,4.965068306494546e-16
6,hab_custom,6243,aleatorio,1.3322676295501878e-15,4.965068306494546e-16
6,hab_custom,6244,aleatorio,0.2129865700833259,4.965068306494546e-16
6,hab_custom,6245,aleatorio,3.6218962942097432,4.965068306494546e-16
6,hab_custom,6246,aleatorio,1.5293900394745172,4.965068306494546e-16
6,hab_custom,6247,aleatorio,0.9173841716303882,4.965068306494546e-16
6,hab_custom,6248,aleatorio,0.6042445926437703,4.965068306494546e-16
6,hab_custom,6249,aleatorio,2.5032599719068518e-12,4.965068306494546e-16
6,hab_custom,6250,aleatorio,0.4700707381737784,4.965068306494546e-16
6,hab_custom,6251,aleatorio,1.1943736331794181,4.965068306494546e-16
6,hab_custom,6252,aleatorio,2.1255553701393515,4.965068306494546e-16
6,hab_custom,6253,aleatorio,1.8444410139024814e-15,4.965068306494546e-16
6,hab_custom,6254,aleatorio,1.9283592959996592,4.965068306494546e-16
6,hab_custom,6255,aleatorio,0.04248914456619402,4.965068306494546e-16
6,hab_custom,6256,aleatorio,1.6337876454411446,4.965068306494546e-16
6,hab_custom,6257,aleatorio,1.9869026147845135,4.965068306494546e-16
6,hab_custom,6258,aleatorio,1.3353919252246587,4.965068306494546e-16
6,hab_custom,6259,aleatorio,7.364386412590295e-16,4.965068306494546e-16
6,hab_custom,6260,aleatorio,3.408983086517773,4.965068306494546e-16
6,hab_custom,6261,aleatorio,1.1102230246251565e-15,4.965068306494546e-16
6,hab_custom,6262,aleatorio,1.0941753438957241e-14,4.965068306494546e-16
6,hab_custom,6263,aleatorio,0.9164498219058048,4.965068306494546e-16
6,hab_custom,6264,aleatorio,1.9360256165719294,4.965068306494546e-16
6,hab_custom,6265,aleatorio,1.8441019437380295,4.965068306494546e-16
6,hab_custom,6266,aleatorio,1.0199789984977421e-13,4.965068306494546e-16
6,hab_custom,6267,aleatorio,8.70375199580648e-15,4.965068306494546e-16
6,hab_custom,6268,aleatorio,3.0410879118209015,4.965068306494546e-16
6,hab_custom,6269,aleatorio,0.151226791059015,4.965068306494546e-16
6,hab_custom,6270,aleatorio,3.8658484395488237,4.965068306494546e-16
6,hab_custom,6271,aleatorio,0.07067703793104672,4.965068306494546e-16
6,hab_custom,6272,aleatorio,0.041142999157787644,4.965068306494546e-16
6,hab_custom,6273,aleatorio,0.18909808038132614,4.965068306494546e-16
6,hab_custom,6274,aleatorio,1.5128246302417768e-11,4.965068306494546e-16
6,hab_custom,6275,aleatorio,4.254565789498125,4.965068306494546e-16
6,hab_custom,6276,aleatorio,0.29932742499791026,4.965068306494546e-16
6,hab_custom,6277,aleatorio,1.0692810009205491,4.965068306494546e-16
6,hab_custom,6278,aleatorio,0.31046062313910106,4.965068306494546e-16
6,hab_custom,6279,aleatorio,0.07227109158871461,4.965068306494546e-16
6,hab_custom,6280,aleatorio,0.126234070252276,4.965068306494546e-16
6,hab_custom,6281,aleatorio,0.693145108723179,4.965068306494546e-16
6,hab_custom,6282,aleatorio,0.63699129777982,4.965068306494546e-16
6,hab_custom,6283,aleatorio,1.616509124176106e-15,4.965068306494546e-16
6,hab_custom,6284,aleatorio,0.013323553632687333,4.965068306494546e-16
6,hab_custom,6285,aleatorio,1.7953067422475737,4.965068306494546e-16
6,hab_custom,6286,aleatorio,0.8177919936760227,4.965068306494546e-16
6,hab_custom,6287,aleatorio,3.3374013237185323e-13,4.965068306494546e-16
6,hab_custom,6288,aleatorio,0.26063290049985005,4.965068306494546e-16
6,hab_custom,6289,aleatorio,0.005151434396287183,4.965068306494546e-16
6,hab_custom,6290,aleatorio,0.3760941474063358,4.965068306494546e-16
6,hab_custom,6291,aleatorio,0.978343789983132,4.965068306494546e-16
6,hab_custom,6292,aleatorio,0.9845033482388815,4.965068306494546e-16
6,hab_custom,6293,aleatorio,2.395744407336152e-12,4.965068306494546e-16
6,hab_custom,6294,aleatorio,2.248154758004951,4.965068306494546e-16
6,hab_custom,6295,aleatorio,0.754564556418054,4.965068306494546e-16
6,hab_custom,6296,aleatorio,0.4768574940187287,4.965068306494546e-16
6,hab_custom,6297,aleatorio,1.5840046454062504e-13,4.965068306494546e-16
6,hab_custom,6298,aleatorio,1.3302030225018102,4.965068306494546e-16
6,hab_custom,6299,aleatorio,1.9914230201983676,4.965068306494546e-16
6,hab_custom,6300,aleatorio,0.28809775871349347,4.965068306494546e-16
6,hab_custom,6301,aleatorio,5.42843431520829e-14,4.965068306494546e-16
6,hab_custom,6302,aleatorio,0.2332332920373733,4.965068306494546e-16
6,hab_custom,6303,aleatorio,9.513568405612572e-14,4.965068306494546e-16
6,hab_custom,6304,aleatorio,0.39631826642245727,4.965068306494546e-16
6,hab_custom,6305,aleatorio,1.2161883888976235e-15,4.965068306494546e-16
6,hab_custom,6306,aleatorio,1.4663063444588997,4.965068306494546e-16
6,hab_custom,6307,aleatorio,1.664274739405861,4.965068306494546e-16
6,hab_custom,6308,aleatorio,2.3082502290917618e-11,4.965068306494546e-16
6,hab_custom,6309,aleatorio,1.6342543260578777e-14,4.965068306494546e-16
6,hab_custom,6310,aleatorio,2.3668027522177586,4.965068306494546e-16
6,hab_custom,6311,aleatorio,0.4840173987587539,4.965068306494546e-16
6,hab_custom,6312,aleatorio,1.1029270908605374e-14,4.965068306494546e-16
6,hab_custom,6313,aleatorio,1.137640067256873e-15,4.965068306494546e-16
6,hab_custom,6314,aleatorio,0.18659957454856274,4.965068306494546e-16
6,hab_custom,6315,aleatorio,2.3264037112855083,4.965068306494546e-16
6,hab_custom,6316,aleatorio,1.1102230246251565e-15,4.965068306494546e-16
6,hab_custom,6317,aleatorio,6.252832847199451e-15,4.965068306494546e-16
6,hab_custom,6318,aleatorio,0.24131665839336697,4.965068306494546e-16
6,hab_custom,6319,aleatorio,0.5514712487016843,4.965068306494546e-16
6,hab_custom,6320,aleatorio,0.824979029642063,4.965068306494546e-16
6,hab_custom,6321,aleatorio,0.05726769381431401,4.965068306494546e-16
6,hab_custom,6322,aleatorio,0.5984939038412035,4.965068306494546e-16
6,hab_custom,6323,aleatorio,4.4110559538886226e-11,4.965068306494546e-16
6,hab_custom,6324,aleatorio,2.4802107247979486e-12,4.965068306494546e-16
6,hab_custom,6325,aleatorio,1.4517522748780414,4.965068306494546e-16
6,hab_custom,6326,aleatorio,0.8462851827237468,4.965068306494546e-16
6,hab_custom,6327,aleatorio,4.900983509138503,4.965068306494546e-16
6,hab_custom,6328,aleatorio,1.532610607681338,4.965068306494546e-16
6,hab_custom,6329,aleatorio,2.559356315597094,4.965068306494546e-16
6,hab_custom,6330,aleatorio,1.3864685483434167e-11,4.965068306494546e-16
6,hab_custom,6331,aleatorio,0.3806610803266581,4.965068306494546e-16
6,hab_custom,6332,aleatorio,0.5838960422334005,4.965068306494546e-16
6,hab_custom,6333,aleatorio,0.20572746173240292,4.965068306494546e-16
6,hab_custom,6334,aleatorio,0.437644414001012,4.965068306494546e-16
6,hab_custom,6335,aleatorio,9.334125112935562e-12,4.965068306494546e-16
6,hab_custom,6336,aleatorio,0.34961570491541866,4.965068306494546e-16
6,hab_custom,6337,aleatorio,1.545394909971585e-12,4.965068306494546e-16
6,hab_custom,6338,aleatorio,0.6117337258525358,4.965068306494546e-16
6,hab_custom,6339,aleatorio,1.7820751483422923e-11,4.965068306494546e-16
6,hab_custom,6340,aleatorio,3.170496064283438e-13,4.965068306494546e-16
6,hab_custom,6341,aleatorio,1.070437950256147,4.965068306494546e-16
6,hab_custom,6342,aleatorio,2.115516808668278,4.965068306494546e-16
6,hab_custom,6343,aleatorio,6.569711341158997,4.965068306494546e-16
6,hab_custom,6344,aleatorio,0.9111946961937623,4.965068306494546e-16
6,hab_custom,6345,aleatorio,0.17797165061380496,4.965068306494546e-16
6,hab_custom,6346,aleatorio,0.25761109904655427,4.965068306494546e-16
6,hab_custom,6347,aleatorio,0.009087665832881127,4.965068306494546e-16
6,hab_custom,6348,aleatorio,3.4325356417542032,4.965068306494546e-16
6,hab_custom,6349,aleatorio,0.9262811817927626,4.965068306494546e-16
6,hab_custom,6350,aleatorio,0.0382859281701378,4.965068306494546e-16
6,hab_custom,6351,aleatorio,7.175128419283564e-13,4.965068306494546e-16
6,hab_custom,6352,aleatorio,0.5608764090230479,4.965068306494546e-16
6,hab_custom,6353,aleatorio,3.468891796025274e-14,4.965068306494546e-16
6,hab_custom,6354,aleatorio,1.0152984626382782,4.965068306494546e-16
6,hab_custom,6355,aleatorio,0.9499053034709725,4.965068306494546e-16
6,hab_custom,6356,aleatorio,4.43379953797699,4.965068306494546e-16
6,hab_custom,6357,aleatorio,0.7086798719836459,4.965068306494546e-16
6,hab_custom,6358,aleatorio,5.326533695470896,4.965068306494546e-16
6,hab_custom,6359,aleatorio,0.24001770278002296,4.965068306494546e-16
6,hab_custom,6360,aleatorio,7.962384546180553e-13,4.965068306494546e-16
6,hab_custom,6361,aleatorio,9.283482853724433e-15,4.965068306494546e-16
6,hab_custom,6362,aleatorio,8.299242000755827e-15,4.965068306494546e-16
6,hab_custom,6363,aleatorio,1.624571563837693e-14,4.965068306494546e-16
6,hab_custom,6364,aleatorio,8.326672684688674e-16,4.965068306494546e-16
6,hab_custom,6365,aleatorio,1.2311632504719815e-13,4.965068306494546e-16
6,hab_custom,6366,aleatorio,3.0201331455116262e-15,4.965068306494546e-16
6,hab_custom,6367,aleatorio,3.0151451401746385,4.965068306494546e-16
6,hab_custom,6368,aleatorio,0.2618854478725643,4.965068306494546e-16
6,hab_custom,6369,aleatorio,2.5512110357838527,4.965068306494546e-16
6,hab_custom,6370,aleatorio,3.780060772447684e-15,4.965068306494546e-16
6,hab_custom,6371,aleatorio,4.096108705741635e-12,4.965068306494546e-16
6,hab_custom,6372,aleatorio,4.5934395918363496e-14,4.965068306494546e-16
6,hab_custom,6373,aleatorio,1.8407131586292,4.965068306494546e-16
6,hab_custom,6374,aleatorio,0.14286001628223866,4.965068306494546e-16
6,hab_custom,6375,aleatorio,1.790180836524724e-15,4.965068306494546e-16
6,hab_custom,6376,aleatorio,1.6820010730239986e-13,4.965068306494546e-16
6,hab_custom,6377,aleatorio,2.5903442073015994,4.965068306494546e-16
6,hab_custom,6378,aleatorio,3.6741694297186855,4.965068306494546e-16
6,hab_custom,6379,aleatorio,2.5219419200973697e-15,4.965068306494546e-16
6,hab_custom,6380,aleatorio,0.63152505984657,4.965068306494546e-16
6,hab_custom,6381,aleatorio,5.492555093086635e-11,4.965068306494546e-16
6,hab_custom,6382,aleatorio,2.9541113323650215e-15,4.965068306494546e-16
6,hab_custom,6383,aleatorio,0.43112960649708654,4.965068306494546e-16
6,hab_custom,6384,aleatorio,4.6629367034256575e-15,4.965068306494546e-16
6,hab_custom,6385,aleatorio,8.456735258113088,4.965068306494546e-16
6,hab_custom,6386,aleatorio,0.3145114131356588,4.965068306494546e-16
6,hab_custom,6387,aleatorio,1.557200898633796,4.965068306494546e-16
6,hab_custom,6388,aleatorio,2.5743133171455673e-11,4.965068306494546e-16
6,hab_custom,6389,aleatorio,0.32204631676326084,4.965068306494546e-16
6,hab_custom,6390,aleatorio,0.656264699868296,4.965068306494546e-16
6,hab_custom,6391,aleatorio,5.880015316859521e-12,4.965068306494546e-16
6,hab_custom,6392,aleatorio,9.0707013241453e-12,4.965068306494546e-16
6,hab_custom,6393,aleatorio,2.120149591859436e-11,4.965068306494546e-16
6,hab_custom,6394,aleatorio,0.6015515160200412,4.965068306494546e-16
6,hab_custom,6395,aleatorio,9.568824925130683e-12,4.965068306494546e-16
6,hab_custom,6396,aleatorio,0.7147370456477075,4.965068306494546e-16
6,hab_custom,6397,aleatorio,8.527784864785346e-16,4.965068306494546e-16
6,hab_custom,6398,aleatorio,2.2644195468014703e-15,4.965068306494546e-16
6,hab_custom,6399,aleatorio,0.5611411399606822,4.965068306494546e-16
6,hab_custom,6400,aleatorio,0.429115307289736,4.965068306494546e-16
6,hab_custom,6401,aleatorio,0.386008122649342,4.965068306494546e-16
6,hab_custom,6402,aleatorio,6.526763661758453,4.965068306494546e-16
6,hab_custom,6403,aleatorio,1.8209011484034673e-15,4.965068306494546e-16
6,hab_custom,6404,aleatorio,1.2851583226534427e-13,4.965068306494546e-16
6,hab_custom,6405,aleatorio,0.8106080892471351,4.965068306494546e-16
6,hab_custom,6406,aleatorio,0.24924051866083352,4.965068306494546e-16
6,hab_custom,6407,aleatorio,7.971988878370802e-15,4.965068306494546e-16
6,hab_custom,6408,aleatorio,1.1166437517467072e-14,4.965068306494546e-16
6,hab_custom,6409,aleatorio,3.607797795906347e-15,4.965068306494546e-16
6,hab_custom,6410,aleatorio,3.8296708051207093,4.965068306494546e-16
6,hab_custom,6411,aleatorio,2.61550318720062,4.965068306494546e-16
6,hab_custom,6412,aleatorio,0.9244797130103158,4.965068306494546e-16
6,hab_custom,6413,aleatorio,1.815419379464176,4.965068306494546e-16
6,hab_custom,6414,aleatorio,0.6982316420594717,4.965068306494546e-16
6,hab_custom,6415,aleatorio,1.6767764757156615e-12,4.965068306494546e-16
6,hab_custom,6416,aleatorio,4.825205017328761e-13,4.965068306494546e-16
6,hab_custom,6417,aleatorio,2.373648518136198e-13,4.965068306494546e-16
6,hab_custom,6418,aleatorio,0.8153056305981905,4.965068306494546e-16
6,hab_custom,6419,aleatorio,0.00156007809650701,4.965068306494546e-16
6,hab_custom,6420,aleatorio,3.167455851493476,4.965068306494546e-16
6,hab_custom,6421,aleatorio,2.2043650795592796e-13,4.965068306494546e-16
6,hab_custom,6422,aleatorio,0.8559688834237015,4.965068306494546e-16
6,hab_custom,6423,aleatorio,4.664588528445916e-15,4.965068306494546e-16
6,hab_custom,6424,aleatorio,1.1749110544358523,4.965068306494546e-16
6,hab_custom,6425,aleatorio,4.2519038694840104e-13,4.965068306494546e-16
6,hab_custom,6426,aleatorio,0.08613692019299848,4.965068306494546e-16
6,hab_custom,6427,aleatorio,8.466709862419885e-13,4.965068306494546e-16
6,hab_custom,6428,aleatorio,2.451668879858458,4.965068306494546e-16
6,hab_custom,6429,aleatorio,8.493053753463004e-14,4.965068306494546e-16
6,hab_custom,6430,aleatorio,1.582113742915532,4.965068306494546e-16
6,hab_custom,6431,aleatorio,1.493664589380024,4.965068306494546e-16
6,hab_custom,6432,aleatorio,3.817512646279795e-13,4.965068306494546e-16
6,hab_custom,6433,aleatorio,5.299875240392523,4.965068306494546e-16
6,hab_custom,6434,aleatorio,0.18454472357345722,4.965068306494546e-16
6,hab_custom,6435,aleatorio,4.703614885952032e-12,4.965068306494546e-16
6,hab_custom,6436,aleatorio,0.0016900001662944581,4.965068306494546e-16
6,hab_custom,6437,aleatorio,2.708320752440497,4.965068306494546e-16
6,hab_custom,6438,aleatorio,0.25504644665624066,4.965068306494546e-16
6,hab_custom,6439,aleatorio,1.8887005815910635e-06,4.965068306494546e-16
6,hab_custom,6440,aleatorio,0.01153431877846042,4.965068306494546e-16
6,hab_custom,6441,aleatorio,0.22329940377922258,4.965068306494546e-16
6,hab_custom,6442,aleatorio,2.4339543174597744,4.965068306494546e-16
6,hab_custom,6443,aleatorio,2.0723055547194917,4.965068306494546e-16
6,hab_custom,6444,aleatorio,0.9799611833086983,4.965068306494546e-16
6,hab_custom,6445,aleatorio,0.6213945369715657,4.965068306494546e-16
6,hab_custom,6446,aleatorio,1.8333588143644615,4.965068306494546e-16
6,hab_custom,6447,aleatorio,0.4148056321064729,4.965068306494546e-16
6,hab_custom,6448,aleatorio,0.9918169014720845,4.965068306494546e-16
6,hab_custom,6449,aleatorio,1.6011864169946884e-15,4.965068306494546e-16
6,hab_custom,6450,aleatorio,2.849315459221654,4.965068306494546e-16
6,hab_custom,6451,aleatorio,0.7555118521057547,4.965068306494546e-16
6,hab_custom,6452,aleatorio,0.53931291206449,4.965068306494546e-16
6,hab_custom,6453,aleatorio,0.1774526441734099,4.965068306494546e-16
6,hab_custom,6454,aleatorio,0.6431275744479175,4.965068306494546e-16
6,hab_custom,6455,aleatorio,2.927592644904844,4.965068306494546e-16
6,hab_custom,6456,aleatorio,0.07608616107810158,4.965068306494546e-16
6,hab_custom,6457,aleatorio,1.5317812822596604,4.965068306494546e-16
6,hab_custom,6458,aleatorio,0.6210101637751219,4.965068306494546e-16
6,hab_custom,6459,aleatorio,1.1543330007114246e-13,4.965068306494546e-16
6,hab_custom,6460,aleatorio,7.691850745534255e-16,4.965068306494546e-16
6,hab_custom,6461,aleatorio,1.454706152252638e-10,4.965068306494546e-16
6,hab_custom,6462,aleatorio,2.843151976694546e-14,4.965068306494546e-16
6,hab_custom,6463,aleatorio,9.387104732847614e-14,4.965068306494546e-16
6,hab_custom,6464,aleatorio,1.2994827337208943e-15,4.965068306494546e-16
6,hab_custom,6465,aleatorio,0.16293404594014935,4.965068306494546e-16
6,hab_custom,6466,aleatorio,1.2683922518452492e-12,4.965068306494546e-16
6,hab_custom,6467,aleatorio,0.055993899567336046,4.965068306494546e-16
6,hab_custom,6468,aleatorio,4.265735192033377e-13,4.965068306494546e-16
6,hab_custom,6469,aleatorio,2.4920889768384664,4.965068306494546e-16
6,hab_custom,6470,aleatorio,1.0977018208353887e-13,4.965068306494546e-16
6,hab_custom,6471,aleatorio,6.543414601140574e-12,4.965068306494546e-16
6,hab_custom,6472,aleatorio,4.9515218293255785,4.965068306494546e-16
6,hab_custom,6473,aleatorio,0.3873033318365821,4.965068306494546e-16
6,hab_custom,6474,aleatorio,0.7483971820851413,4.965068306494546e-16
6,hab_custom,6475,aleatorio,4.0933622942819754e-12,4.965068306494546e-16
6,hab_custom,6476,aleatorio,1.422269559985211e-11,4.965068306494546e-16
6,hab_custom,6477,aleatorio,3.109999515384457,4.965068306494546e-16
6,hab_custom,6478,aleatorio,0.9616578133817638,4.965068306494546e-16
6,hab_custom,6479,aleatorio,0.8500530144621818,4.965068306494546e-16
6,hab_custom,6480,aleatorio,3.5312306011865617,4.965068306494546e-16
6,hab_custom,6481,aleatorio,0.6448547874968631,4.965068306494546e-16
6,hab_custom,6482,aleatorio,0.8789911105428831,4.965068306494546e-16
6,hab_custom,6483,aleatorio,1.9110397649705027,4.965068306494546e-16
6,hab_custom,6484,aleatorio,0.11344618295449717,4.965068306494546e-16
6,hab_custom,6485,aleatorio,1.7825544460838907,4.965068306494546e-16
6,hab_custom,6486,aleatorio,0.5505858219370142,4.965068306494546e-16
6,hab_custom,6487,aleatorio,0.780972381039545,4.965068306494546e-16
6,hab_custom,6488,aleatorio,2.38374992562561e-15,4.965068306494546e-16
6,hab_custom,6489,aleatorio,0.3292407891035299,4.965068306494546e-16
6,hab_custom,6490,aleatorio,1.1808619349841789e-14,4.965068306494546e-16
6,hab_custom,6491,aleatorio,1.9765575112764442,4.965068306494546e-16
6,hab_custom,6492,aleatorio,1.0760776593206909,4.965068306494546e-16
6,hab_custom,6493,aleatorio,0.2895417272564321,4.965068306494546e-16
6,hab_custom,6494,aleatorio,2.0000505049559787,4.965068306494546e-16
6,hab_custom,6495,aleatorio,0.8208808305826446,4.965068306494546e-16
6,hab_custom,6496,aleatorio,0.28330889448607827,4.965068306494546e-16
6,hab_custom,6497,aleatorio,1.790053602111902,4.965068306494546e-16
6,hab_custom,6498,aleatorio,0.15259807379468862,4.965068306494546e-16
6,hab_custom,6499,aleatorio,1.8586539396256174e-14,4.965068306494546e-16
6,hab_custom,6500,aleatorio,4.286798111252723e-14,4.965068306494546e-16
6,hab_custom,6501,aleatorio,0.011523290515975343,4.965068306494546e-16
6,hab_custom,6502,aleatorio,5.639233568644062e-15,4.965068306494546e-16
6,hab_custom,6503,aleatorio,1.6444728486462468,4.965068306494546e-16
6,hab_custom,6504,aleatorio,0.3049017773552022,4.965068306494546e-16
6,hab_custom,6505,aleatorio,0.14713963223226242,4.965068306494546e-16
6,hab_custom,6506,aleatorio,1.890434514900886,4.965068306494546e-16
6,hab_custom,6507,aleatorio,3.0247693204813153,4.965068306494546e-16
6,hab_custom,6508,aleatorio,0.9595337456081704,4.965068306494546e-16
6,hab_custom,6509,aleatorio,1.585967363600297e-11,4.965068306494546e-16
6,hab_custom,6510,aleatorio,2.0531623078253657e-15,4.965068306494546e-16
6,hab_custom,6511,aleatorio,0.8705019884352702,4.965068306494546e-16
6,hab_custom,6512,aleatorio,1.5604779996834261e-13,4.965068306494546e-16
6,hab_custom,6513,aleatorio,2.2609414901403633,4.965068306494546e-16
6,hab_custom,6514,aleatorio,2.2123379764456823,4.965068306494546e-16
6,hab_custom,6515,aleatorio,0.9646543936765477,4.965068306494546e-16
6,hab_custom,6516,aleatorio,4.558477943258286e-12,4.965068306494546e-16
6,hab_custom,6517,aleatorio,0.07398063167753251,4.965068306494546e-16
6,hab_custom,6518,aleatorio,3.3528732679841156,4.965068306494546e-16
6,hab_custom,6519,aleatorio,2.1592649486599095e-12,4.965068306494546e-16
6,hab_custom,6520,aleatorio,2.2180909165677387,4.965068306494546e-16
6,hab_custom,6521,aleatorio,2.0373924221281263,4.965068306494546e-16
6,hab_custom,6522,aleatorio,0.2911534900288718,4.965068306494546e-16
6,hab_custom,6523,aleatorio,1.1793991181382757,4.965068306494546e-16
6,hab_custom,6524,aleatorio,1.514315759629895,4.965068306494546e-16
6,hab_custom,6525,aleatorio,0.49323590077292473,4.965068306494546e-16
6,hab_custom,6526,aleatorio,0.14426227073589679,4.965068306494546e-16
6,hab_custom,6527,aleatorio,5.432468966075413,4.965068306494546e-16
6,hab_custom,6528,aleatorio,0.007740162589265758,4.965068306494546e-16
6,hab_custom,6529,aleatorio,1.765082439939879e-11,4.965068306494546e-16
6,hab_custom,6530,aleatorio,1.9017989890228522,4.965068306494546e-16
6,hab_custom,6531,aleatorio,0.8943360981691556,4.965068306494546e-16
6,hab_custom,6532,aleatorio,0.08751112709068685,4.965068306494546e-16
6,hab_custom,6533,aleatorio,1.5204787043439074e-14,4.965068306494546e-16
6,hab_custom,6534,aleatorio,2.9990017231719244,4.965068306494546e-16
6,hab_custom,6535,aleatorio,3.1981831752525616,4.965068306494546e-16
6,hab_custom,6536,aleatorio,5.965136454134888,4.965068306494546e-16
6,hab_custom,6537,aleatorio,2.3482470153030857,4.965068306494546e-16
6,hab_custom,6538,aleatorio,3.2952423090599052,4.965068306494546e-16
6,hab_custom,6539,aleatorio,0.28327067328674915,4.965068306494546e-16
6,hab_custom,6540,aleatorio,3.7079545038957313,4.965068306494546e-16
6,hab_custom,6541,aleatorio,0.3956555345559507,4.965068306494546e-16
6,hab_custom,6542,aleatorio,8.005932084973442e-16,4.965068306494546e-16
6,hab_custom,6543,aleatorio,1.9119140983412262,4.965068306494546e-16
6,hab_custom,6544,aleatorio,2.2057494073057575e-14,4.965068306494546e-16
6,hab_custom,6545,aleatorio,2.28673996681907,4.965068306494546e-16
6,hab_custom,6546,aleatorio,0.14791538097238394,4.965068306494546e-16
6,hab_custom,6547,aleatorio,1.0662971407966244,4.965068306494546e-16
6,hab_custom,6548,aleatorio,1.7072905566398587e-14,4.965068306494546e-16
6,hab_custom,6549,aleatorio,1.7528631138634616,4.965068306494546e-16
6,hab_custom,6550,aleatorio,3.2448793577492113e-13,4.965068306494546e-16
6,hab_custom,6551,aleatorio,1.4444746800256554,4.965068306494546e-16
6,hab_custom,6552,aleatorio,1.09506897701258,4.965068306494546e-16
6,hab_custom,6553,aleatorio,0.7239917234304685,4.965068306494546e-16
6,hab_custom,6554,aleatorio,1.1764194749228568e-13,4.965068306494546e-16
6,hab_custom,6555,aleatorio,1.7192983996060882,4.965068306494546e-16
6,hab_custom,6556,aleatorio,2.483605216023782,4.965068306494546e-16
6,hab_custom,6557,aleatorio,0.14432857417025519,4.965068306494546e-16
6,hab_custom,6558,aleatorio,0.1388316812060565,4.965068306494546e-16
6,hab_custom,6559,aleatorio,1.3652002963084804e-11,4.965068306494546e-16
6,hab_custom,6560,aleatorio,2.078705709263747,4.965068306494546e-16
6,hab_custom,6561,aleatorio,9.114653810271008e-15,4.965068306494546e-16
6,hab_custom,6562,aleatorio,2.409274838849273e-13,4.965068306494546e-16
6,hab_custom,6563,aleatorio,1.1521155715313849,4.965068306494546e-16
6,hab_custom,6564,aleatorio,8.005932084973442e-16,4.965068306494546e-16
6,hab_custom,6565,aleatorio,2.1903325719357944,4.965068306494546e-16
6,hab_custom,6566,aleatorio,1.2738414700808137e-13,4.965068306494546e-16
6,hab_custom,6567,aleatorio,3.927311431997897,4.965068306494546e-16
6,hab_custom,6568,aleatorio,0.1655121936873637,4.965068306494546e-16
6,hab_custom,6569,aleatorio,1.90853092722473,4.965068306494546e-16
6,hab_custom,6570,aleatorio,1.929476473639941e-11,4.965068306494546e-16
6,hab_custom,6571,aleatorio,2.032769546495818e-14,4.965068306494546e-16
6,hab_custom,6572,aleatorio,4.790761430354664e-11,4.965068306494546e-16
6,hab_custom,6573,aleatorio,0.15807829751148036,4.965068306494546e-16
6,hab_custom,6574,aleatorio,3.17585889348321e-14,4.965068306494546e-16
6,hab_custom,6575,aleatorio,2.6595314919169133,4.965068306494546e-16
6,hab_custom,6576,aleatorio,1.0244098797481644,4.965068306494546e-16
6,hab_custom,6577,aleatorio,1.1826173342159243,4.965068306494546e-16
6,hab_custom,6578,aleatorio,0.2319607380527339,4.965068306494546e-16
6,hab_custom,6579,aleatorio,1.689746313327001e-13,4.965068306494546e-16
6,hab_custom,6580,aleatorio,0.06080238092657502,4.965068306494546e-16
6,hab_custom,6581,aleatorio,0.41588623362186183,4.965068306494546e-16
6,hab_custom,6582,aleatorio,4.015902383264303e-12,4.965068306494546e-16
6,hab_custom,6583,aleatorio,2.811110897837355,4.965068306494546e-16
6,hab_custom,6584,aleatorio,1.1218945118872606e-13,4.965068306494546e-16
6,hab_custom,6585,aleatorio,3.598517543843504e-12,4.965068306494546e-16
6,hab_custom,6586,aleatorio,1.4089460688555168e-13,4.965068306494546e-16
6,hab_custom,6587,aleatorio,0.36277046304526,4.965068306494546e-16
6,hab_custom,6588,aleatorio,0.2421109821536729,4.965068306494546e-16
6,hab_custom,6589,aleatorio,1.13939176782187e-13,4.965068306494546e-16
6,hab_custom,6590,aleatorio,0.32658745611716056,4.965068306494546e-16
6,hab_custom,6591,aleatorio,2.086410139593208,4.965068306494546e-16
6,hab_custom,6592,aleatorio,2.879976872721643,4.965068306494546e-16
6,hab_custom,6593,aleatorio,1.2590600501937892e-12,4.965068306494546e-16
6,hab_custom,6594,aleatorio,5.204535515666828e-13,4.965068306494546e-16
6,hab_custom,6595,aleatorio,0.6636974663800891,4.965068306494546e-16
6,hab_custom,6596,aleatorio,4.036493884435459,4.965068306494546e-16
6,hab_custom,6597,aleatorio,4.930572061542554,4.965068306494546e-16
6,hab_custom,6598,aleatorio,0.7111095200655487,4.965068306494546e-16
6,hab_custom,6599,aleatorio,0.003914045086340545,4.965068306494546e-16
6,hab_custom,6600,aleatorio,6.280369834735101e-16,4.965068306494546e-16
6,hab_custom,6601,aleatorio,0.7637107004924353,4.965068306494546e-16
6,hab_custom,6602,aleatorio,3.5067990978508132,4.965068306494546e-16
6,hab_custom,6603,aleatorio,0.20304946333307877,4.965068306494546e-16
6,hab_custom,6604,aleatorio,0.3242730509631504,4.965068306494546e-16
6,hab_custom,6605,aleatorio,1.5767730770007248e-11,4.965068306494546e-16
6,hab_custom,6606,aleatorio,1.4695784437851798e-14,4.965068306494546e-16
6,hab_custom,6607,aleatorio,0.9677194916182833,4.965068306494546e-16
6,hab_custom,6608,aleatorio,0.3066320081553489,4.965068306494546e-16
6,hab_custom,6609,aleatorio,0.03762444661838935,4.965068306494546e-16
6,hab_custom,6610,aleatorio,1.4343839986219746,4.965068306494546e-16
6,hab_custom,6611,aleatorio,0.3840615439033502,4.965068306494546e-16
6,hab_custom,6612,aleatorio,0.4601211139953797,4.965068306494546e-16
6,hab_custom,6613,aleatorio,4.63053721559378e-06,4.965068306494546e-16
6,hab_custom,6614,aleatorio,0.5892843364545081,4.965068306494546e-16
6,hab_custom,6615,aleatorio,2.850782993284285,4.965068306494546e-16
6,hab_custom,6616,aleatorio,2.896779667829089,4.965068306494546e-16
6,hab_custom,6617,aleatorio,3.150830898019827,4.965068306494546e-16
6,hab_custom,6618,aleatorio,1.9962037051098786e-11,4.965068306494546e-16
6,hab_custom,6619,aleatorio,0.5316754992142276,4.965068306494546e-16
6,hab_custom,6620,aleatorio,1.923845326378219,4.965068306494546e-16
6,hab_custom,6621,aleatorio,1.4112470072259287,4.965068306494546e-16
6,hab_custom,6622,aleatorio,0.11707695790706638,4.965068306494546e-16
6,hab_custom,6623,aleatorio,0.4908672354363365,4.965068306494546e-16
6,hab_custom,6624,aleatorio,7.053357232811041e-13,4.965068306494546e-16
6,hab_custom,6625,aleatorio,0.25080636392839223,4.965068306494546e-16
6,hab_custom,6626,aleatorio,1.5864960825453494,4.965068306494546e-16
6,hab_custom,6627,aleatorio,3.076148848693935e-11,4.965068306494546e-16
6,hab_custom,6628,aleatorio,1.3232312762523986,4.965068306494546e-16
6,hab_custom,6629,aleatorio,1.642505571309666,4.965068306494546e-16
6,hab_custom,6630,aleatorio,2.1580329824918585,4.965068306494546e-16
6,hab_custom,6631,aleatorio,0.9488565496295303,4.965068306494546e-16
6,hab_custom,6632,aleatorio,3.8790936609902107,4.965068306494546e-16
6,hab_custom,6633,aleatorio,1.1152762879518303,4.965068306494546e-16
6,hab_custom,6634,aleatorio,1.3322676295501878e-15,4.965068306494546e-16
6,hab_custom,6635,aleatorio,8.303696375529036e-15,4.965068306494546e-16
6,hab_custom,6636,aleatorio,1.8558110662399826e-12,4.965068306494546e-16
6,hab_custom,6637,aleatorio,0.1893203903905388,4.965068306494546e-16
6,hab_custom,6638,aleatorio,6.1233605888667225e-15,4.965068306494546e-16
6,hab_custom,6639,aleatorio,0.10799176146013068,4.965068306494546e-16
6,hab_custom,6640,aleatorio,0.004360598068601102,4.965068306494546e-16
6,hab_custom,6641,aleatorio,0.4668915268330208,4.965068306494546e-16
6,hab_custom,6642,aleatorio,5.2389826195418294e-11,4.965068306494546e-16
6,hab_custom,6643,aleatorio,7.2666493102885125e-06,4.965068306494546e-16
6,hab_custom,6644,aleatorio,6.876521019399518e-14,4.965068306494546e-16
6,hab_custom,6645,aleatorio,4.763713229128646e-11,4.965068306494546e-16
6,hab_custom,6646,aleatorio,0.21967852534665722,4.965068306494546e-16
6,hab_custom,6647,aleatorio,7.637965280392684e-12,4.965068306494546e-16
6,hab_custom,6648,aleatorio,3.532910367749644,4.965068306494546e-16
6,hab_custom,6649,aleatorio,0.36579249523728924,4.965068306494546e-16
6,hab_custom,6650,aleatorio,1.6625809577002304,4.965068306494546e-16
6,hab_custom,6651,aleatorio,6.160523115226693,4.965068306494546e-16
6,hab_custom,6652,aleatorio,0.14890976500654435,4.965068306494546e-16
6,hab_custom,6653,aleatorio,1.1998989663970356,4.965068306494546e-16
6,hab_custom,6654,aleatorio,0.6563741467179873,4.965068306494546e-16
6,hab_custom,6655,aleatorio,0.5262092816173289,4.965068306494546e-16
6,hab_custom,6656,aleatorio,0.5137029502497734,4.965068306494546e-16
6,hab_custom,6657,aleatorio,0.013144556571840195,4.965068306494546e-16
6,hab_custom,6658,aleatorio,2.5628305577059304e-12,4.965068306494546e-16
6,hab_custom,6659,aleatorio,1.4895204919483639e-15,4.965068306494546e-16
6,hab_custom,6660,aleatorio,1.9068580592214925,4.965068306494546e-16
6,hab_custom,6661,aleatorio,0.7331759357744618,4.965068306494546e-16
6,hab_custom,6662,aleatorio,7.195067539997724e-16,4.965068306494546e-16
6,hab_custom,6663,aleatorio,2.4614737612240138e-11,4.965068306494546e-16
6,hab_custom,6664,aleatorio,0.0033699715871270846,4.965068306494546e-16
6,hab_custom,6665,aleatorio,2.204560610848192,4.965068306494546e-16
6,hab_custom,6666,aleatorio,1.966654484057892e-13,4.965068306494546e-16
6,hab_custom,6667,aleatorio,4.671365488250729,4.965068306494546e-16
6,hab_custom,6668,aleatorio,3.832172632581041e-13,4.965068306494546e-16
6,hab_custom,6669,aleatorio,0.42403179016794407,4.965068306494546e-16
6,hab_custom,6670,aleatorio,1.0084069092610302e-11,4.965068306494546e-16
6,hab_custom,6671,aleatorio,0.27236278328496216,4.965068306494546e-16
6,hab_custom,6672,aleatorio,0.8304214405132998,4.965068306494546e-16
6,hab_custom,6673,aleatorio,0.415166375762156,4.965068306494546e-16
6,hab_custom,6674,aleatorio,0.38343019076406915,4.965068306494546e-16
6,hab_custom,6675,aleatorio,1.7875625035815842e-13,4.965068306494546e-16
6,hab_custom,6676,aleatorio,3.0881772479305125,4.965068306494546e-16
6,hab_custom,6677,aleatorio,1.2572404859802122,4.965068306494546e-16
6,hab_custom,6678,aleatorio,1.752352084444177e-11,4.965068306494546e-16
6,hab_custom,6679,aleatorio,0.9857678314953037,4.965068306494546e-16
6,hab_custom,6680,aleatorio,1.554625815629389e-11,4.965068306494546e-16
6,hab_custom,6681,aleatorio,0.8024259219649398,4.965068306494546e-16
6,hab_custom,6682,aleatorio,1.3911054626160788e-15,4.965068306494546e-16
6,hab_custom,6683,aleatorio,1.8070550265298044,4.965068306494546e-16
6,hab_custom,6684,aleatorio,3.5189962149569327,4.965068306494546e-16
6,hab_custom,6685,aleatorio,2.0088794465106474,4.965068306494546e-16
6,hab_custom,6686,aleatorio,1.2703317882977998,4.965068306494546e-16
6,hab_custom,6687,aleatorio,0.5988544729903736,4.965068306494546e-16
6,hab_custom,6688,aleatorio,1.006201153249721e-11,4.965068306494546e-16
6,hab_custom,6689,aleatorio,7.340916876515519e-14,4.965068306494546e-16
6,hab_custom,6690,aleatorio,1.9374028663295448,4.965068306494546e-16
6,hab_custom,6691,aleatorio,4.306806830132367e-14,4.965068306494546e-16
6,hab_custom,6692,aleatorio,0.3853771935915149,4.965068306494546e-16
6,hab_custom,6693,aleatorio,2.666257629781635e-13,4.965068306494546e-16
6,hab_custom,6694,aleatorio,1.0537813063399619e-12,4.965068306494546e-16
6,hab_custom,6695,aleatorio,0.2725835111852345,4.965068306494546e-16
6,hab_custom,6696,aleatorio,0.022601891860679214,4.965068306494546e-16
6,hab_custom,6697,aleatorio,4.345617626886767e-12,4.965068306494546e-16
6,hab_custom,6698,aleatorio,0.55007729697924,4.965068306494546e-16
6,hab_custom,6699,aleatorio,0.6884278948167672,4.965068306494546e-16
6,hab_custom,6700,aleatorio,1.1735642876841748,4.965068306494546e-16
6,hab_custom,6701,aleatorio,0.6874619505437694,4.965068306494546e-16
6,hab_custom,6702,aleatorio,2.5823128856601336e-15,4.965068306494546e-16
6,hab_custom,6703,aleatorio,1.4013667005413726,4.965068306494546e-16
6,hab_custom,6704,aleatorio,2.1144103503534196e-13,4.965068306494546e-16
6,hab_custom,6705,aleatorio,0.10029999708831079,4.965068306494546e-16
6,hab_custom,6706,aleatorio,0.012418449816829378,4.965068306494546e-16
6,hab_custom,6707,aleatorio,0.9232261825196709,4.965068306494546e-16
6,hab_custom,6708,aleatorio,7.993605777301127e-15,4.965068306494546e-16
6,hab_custom,6709,aleatorio,0.9662317525736767,4.965068306494546e-16
6,hab_custom,6710,aleatorio,1.2388318042430903e-14,4.965068306494546e-16
6,hab_custom,6711,aleatorio,2.991232273720877,4.965068306494546e-16
6,hab_custom,6712,aleatorio,2.148166228910994,4.965068306494546e-16
6,hab_custom,6713,aleatorio,0.5711271138754175,4.965068306494546e-16
6,hab_custom,6714,aleatorio,0.2942969155626314,4.965068306494546e-16
6,hab_custom,6715,aleatorio,1.1102230246251565e-15,4.965068306494546e-16
6,hab_custom,6716,aleatorio,0.008613876796612926,4.965068306494546e-16
6,hab_custom,6717,aleatorio,0.06505045601409329,4.965068306494546e-16
6,hab_custom,6718,aleatorio,1.5333346862519306e-11,4.965068306494546e-16
6,hab_custom,6719,aleatorio,0.6805303893667763,4.965068306494546e-16
6,hab_custom,6720,aleatorio,3.0095611917560112,4.965068306494546e-16
6,hab_custom,6721,aleatorio,6.598523125673888e-13,4.965068306494546e-16
6,hab_custom,6722,aleatorio,3.1871692161618475,4.965068306494546e-16
6,hab_custom,6723,aleatorio,7.936648067760619e-12,4.965068306494546e-16
6,hab_custom,6724,aleatorio,0.7867312954947759,4.965068306494546e-16
6,hab_custom,6725,aleatorio,4.235854956920834,4.965068306494546e-16
6,hab_custom,6726,aleatorio,0.0024560310676377687,4.965068306494546e-16
6,hab_custom,6727,aleatorio,1.4582403312574526,4.965068306494546e-16
6,hab_custom,6728,aleatorio,0.5279861868570997,4.965068306494546e-16
6,hab_custom,6729,aleatorio,0.5456731716055643,4.965068306494546e-16
6,hab_custom,6730,aleatorio,0.20330711576835148,4.965068306494546e-16
6,hab_custom,6731,aleatorio,2.7903231246107048,4.965068306494546e-16
6,hab_custom,6732,aleatorio,1.9860273225978185e-15,4.965068306494546e-16
6,hab_custom,6733,aleatorio,2.0509328030467637,4.965068306494546e-16
6,hab_custom,6734,aleatorio,2.8957330829857614e-11,4.965068306494546e-16
6,hab_custom,6735,aleatorio,1.5376369808625512,4.965068306494546e-16
6,hab_custom,6736,aleatorio,2.490509838033861e-11,4.965068306494546e-16
6,hab_custom,6737,aleatorio,1.0175362097255202e-15,4.965068306494546e-16
6,hab_custom,6738,aleatorio,1.4602703977091186e-15,4.965068306494546e-16
6,hab_custom,6739,aleatorio,4.137568630946645,4.965068306494546e-16
6,hab_custom,6740,aleatorio,2.004443937388477,4.965068306494546e-16
6,hab_custom,6741,aleatorio,1.670469242382142,4.965068306494546e-16
6,hab_custom,6742,aleatorio,7.140486313905965,4.965068306494546e-16
6,hab_custom,6743,aleatorio,0.21999597658165196,4.965068306494546e-16
6,hab_custom,6744,aleatorio,0.31406870630667094,4.965068306494546e-16
6,hab_custom,6745,aleatorio,0.5233327842887837,4.965068306494546e-16
6,hab_custom,6746,aleatorio,7.373653014494305e-14,4.965068306494546e-16
6,hab_custom,6747,aleatorio,1.3018629704341447e-12,4.965068306494546e-16
6,hab_custom,6748,aleatorio,3.2996264671622304e-11,4.965068306494546e-16
6,hab_custom,6749,aleatorio,0.04023127128192399,4.965068306494546e-16
6,hab_custom,6750,aleatorio,1.1856252782485198e-13,4.965068306494546e-16
6,hab_custom,6751,aleatorio,0.23113932033410045,4.965068306494546e-16
6,hab_custom,6752,aleatorio,0.27692028974193394,4.965068306494546e-16
6,hab_custom,6753,aleatorio,3.135906434441273,4.965068306494546e-16
6,hab_custom,6754,aleatorio,2.519417820945281,4.965068306494546e-16
6,hab_custom,6755,aleatorio,0.21629647002609453,4.965068306494546e-16
6,hab_custom,6756,aleatorio,6.093853886427114e-13,4.965068306494546e-16
6,hab_custom,6757,aleatorio,3.44476997298616e-14,4.965068306494546e-16
6,hab_custom,6758,aleatorio,0.5610131134726464,4.965068306494546e-16
6,hab_custom,6759,aleatorio,1.2413265729541905,4.965068306494546e-16
6,hab_custom,6760,aleatorio,0.03060091287025617,4.965068306494546e-16
6,hab_custom,6761,aleatorio,7.301351988545593e-16,4.965068306494546e-16
6,hab_custom,6762,aleatorio,1.047382306668854e-15,4.965068306494546e-16
6,hab_custom,6763,aleatorio,0.2897836219780941,4.965068306494546e-16
6,hab_custom,6764,aleatorio,0.9118694301971068,4.965068306494546e-16
6,hab_custom,6765,aleatorio,2.6429240948937545e-13,4.965068306494546e-16
6,hab_custom,6766,aleatorio,1.9826968424844027,4.965068306494546e-16
6,hab_custom,6767,aleatorio,2.5510982866352577e-15,4.965068306494546e-16
6,hab_custom,6768,aleatorio,0.6323237412644221,4.965068306494546e-16
6,hab_custom,6769,aleatorio,0.5663534306520606,4.965068306494546e-16
6,hab_custom,6770,aleatorio,0.17530888724785654,4.965068306494546e-16
6,hab_custom,6771,aleatorio,4.2114318443856455e-13,4.965068306494546e-16
6,hab_custom,6772,aleatorio,2.0623115136557601e-13,4.965068306494546e-16
6,hab_custom,6773,aleatorio,1.9907340768073874e-11,4.965068306494546e-16
6,hab_custom,6774,aleatorio,0.0959904092516057,4.965068306494546e-16
6,hab_custom,6775,aleatorio,0.6931628195413225,4.965068306494546e-16
6,hab_custom,6776,aleatorio,1.0548470174433895e-11,4.965068306494546e-16
6,hab_custom,6777,aleatorio,2.50873656973918,4.965068306494546e-16
6,hab_custom,6778,aleatorio,0.6358077121945943,4.965068306494546e-16
6,hab_custom,6779,aleatorio,0.7753752501124858,4.965068306494546e-16
6,hab_custom,6780,aleatorio,0.42184791521699083,4.965068306494546e-16
6,hab_custom,6781,aleatorio,1.6042559056202153,4.965068306494546e-16
6,hab_custom,6782,aleatorio,6.614864866915297e-11,4.965068306494546e-16
6,hab_custom,6783,aleatorio,1.0821801334943697,4.965068306494546e-16
6,hab_custom,6784,aleatorio,0.11226066354904125,4.965068306494546e-16
6,hab_custom,6785,aleatorio,1.1531523015254392,4.965068306494546e-16
6,hab_custom,6786,aleatorio,0.02685125821837762,4.965068306494546e-16
6,hab_custom,6787,aleatorio,1.0158239340265387,4.965068306494546e-16
6,hab_custom,6788,aleatorio,4.573257683968092,4.965068306494546e-16
6,hab_custom,6789,aleatorio,1.3197431191036861e-12,4.965068306494546e-16
6,hab_custom,6790,aleatorio,3.5511173745771393e-14,4.965068306494546e-16
6,hab_custom,6791,aleatorio,0.6597029426677485,4.965068306494546e-16
6,hab_custom,6792,aleatorio,1.6516582161514812,4.965068306494546e-16
6,hab_custom,6793,aleatorio,7.906783589979253e-15,4.965068306494546e-16
6,hab_custom,6794,aleatorio,0.166195567381937,4.965068306494546e-16
6,hab_custom,6795,aleatorio,0.5646643834695898,4.965068306494546e-16
6,hab_custom,6796,aleatorio,2.1823316058309303,4.965068306494546e-16
6,hab_custom,6797,aleatorio,8.881784197001252e-15,4.965068306494546e-16
6,hab_custom,6798,aleatorio,5.863817830424639e-11,4.965068306494546e-16
6,hab_custom,6799,aleatorio,0.05770987952708322,4.965068306494546e-16
6,hab_custom,6800,aleatorio,4.2960678552456955,4.965068306494546e-16
6,hab_custom,6801,aleatorio,1.0042061378204807,4.965068306494546e-16
6,hab_custom,6802,aleatorio,0.17217572542265117,4.965068306494546e-16
6,hab_custom,6803,aleatorio,9.550499576785472e-16,4.965068306494546e-16
6,hab_custom,6804,aleatorio,1.9384110947574664,4.965068306494546e-16
6,hab_custom,6805,aleatorio,0.8643242891194282,4.965068306494546e-16
6,hab_custom,6806,aleatorio,0.4732181000777647,4.965068306494546e-16
6,hab_custom,6807,aleatorio,0.5345764242982051,4.965068306494546e-16
6,hab_custom,6808,aleatorio,0.46737914510144635,4.965068306494546e-16
6,hab_custom,6809,aleatorio,0.23719182242183517,4.965068306494546e-16
6,hab_custom,6810,aleatorio,0.8790686169543395,4.965068306494546e-16
6,hab_custom,6811,aleatorio,1.1957467920563633e-15,4.965068306494546e-16
6,hab_custom,6812,aleatorio,8.390062454993691e-12,4.965068306494546e-16
6,hab_custom,6813,aleatorio,0.7328700746952376,4.965068306494546e-16
6,hab_custom,6814,aleatorio,0.1291680875997753,4.965068306494546e-16
6,hab_custom,6815,aleatorio,5.38230089817895e-12,4.965068306494546e-16
6,hab_custom,6816,aleatorio,0.77762095136414,4.965068306494546e-16
6,hab_custom,6817,aleatorio,0.292739799451003,4.965068306494546e-16
6,hab_custom,6818,aleatorio,0.1978125114805582,4.965068306494546e-16
6,hab_custom,6819,aleatorio,1.297154157268084,4.965068306494546e-16
6,hab_custom,6820,aleatorio,2.994488583221756e-11,4.965068306494546e-16
6,hab_custom,6821,aleatorio,1.8701983453285898,4.965068306494546e-16
6,hab_custom,6822,aleatorio,1.2187194808943674e-14,4.965068306494546e-16
6,hab_custom,6823,aleatorio,0.3654988787953542,4.965068306494546e-16
6,hab_custom,6824,aleatorio,1.9371439735124145,4.965068306494546e-16
6,hab_custom,6825,aleatorio,3.469815526420154e-14,4.965068306494546e-16
6,hab_custom,6826,aleatorio,9.019494489765868e-16,4.965068306494546e-16
6,hab_custom,6827,aleatorio,0.2933982057831174,4.965068306494546e-16
6,hab_custom,6828,aleatorio,3.3134917833935646,4.965068306494546e-16
6,hab_custom,6829,aleatorio,1.3495163870010418,4.965068306494546e-16
6,hab_custom,6830,aleatorio,3.2348252843255514,4.965068306494546e-16
6,hab_custom,6831,aleatorio,0.11522141239864628,4.965068306494546e-16
6,hab_custom,6832,aleatorio,1.8316838523553418,4.965068306494546e-16
6,hab_custom,6833,aleatorio,1.8204816459560942,4.965068306494546e-16
6,hab_custom,6834,aleatorio,0.2573022132088299,4.965068306494546e-16
6,hab_custom,6835,aleatorio,0.9887630975503849,4.965068306494546e-16
6,hab_custom,6836,aleatorio,1.3359443996894174,4.965068306494546e-16
6,hab_custom,6837,aleatorio,1.4475537224895361e-15,4.965068306494546e-16
6,hab_custom,6838,aleatorio,1.413582092544904,4.965068306494546e-16
6,hab_custom,6839,aleatorio,0.11192609551798109,4.965068306494546e-16
6,hab_custom,6840,aleatorio,0.9948691998597058,4.965068306494546e-16
6,hab_custom,6841,aleatorio,2.4868529850077234e-13,4.965068306494546e-16
6,hab_custom,6842,aleatorio,1.8415753885476298,4.965068306494546e-16
6,hab_custom,6843,aleatorio,2.1742431782892755,4.965068306494546e-16
6,hab_custom,6844,aleatorio,0.8896752376657245,4.965068306494546e-16
6,hab_custom,6845,aleatorio,0.5897155994549902,4.965068306494546e-16
6,hab_custom,6846,aleatorio,4.146649556387571e-15,4.965068306494546e-16
6,hab_custom,6847,aleatorio,1.2921005462240807,4.965068306494546e-16
6,hab_custom,6848,aleatorio,0.3428930955888352,4.965068306494546e-16
6,hab_custom,6849,aleatorio,0.24255765082101438,4.965068306494546e-16
6,hab_custom,6850,aleatorio,0.34234271741693906,4.965068306494546e-16
6,hab_custom,6851,aleatorio,7.108895957933346e-16,4.965068306494546e-16
6,hab_custom,6852,aleatorio,0.17241407888825683,4.965068306494546e-16
6,hab_custom,6853,aleatorio,0.3508483532939412,4.965068306494546e-16
6,hab_custom,6854,aleatorio,0.5682361859831089,4.965068306494546e-16
6,hab_custom,6855,aleatorio,3.666495135994895e-11,4.965068306494546e-16
6,hab_custom,6856,aleatorio,2.442684130630058e-11,4.965068306494546e-16
6,hab_custom,6857,aleatorio,4.140036396274756e-13,4.965068306494546e-16
6,hab_custom,6858,aleatorio,1.1473104757460517,4.965068306494546e-16
6,hab_custom,6859,aleatorio,2.9542841190874745,4.965068306494546e-16
6,hab_custom,6860,aleatorio,0.6171168915038119,4.965068306494546e-16
6,hab_custom,6861,aleatorio,1.1957467920563633e-15,4.965068306494546e-16
6,hab_custom,6862,aleatorio,1.6304788408914756e-14,4.965068306494546e-16
6,hab_custom,6863,aleatorio,2.304170808517647,4.965068306494546e-16
6,hab_custom,6864,aleatorio,0.5299179467168627,4.965068306494546e-16
6,hab_custom,6865,aleatorio,0.8795475078728072,4.965068306494546e-16
6,hab_custom,6866,aleatorio,3.427178933327409,4.965068306494546e-16
6,hab_custom,6867,aleatorio,4.2365435042435296e-11,4.965068306494546e-16
6,hab_custom,6868,aleatorio,0.20099933211894006,4.965068306494546e-16
6,hab_custom,6869,aleatorio,1.5023096001421874,4.965068306494546e-16
6,hab_custom,6870,aleatorio,8.117909080074733e-12,4.965068306494546e-16
6,hab_custom,6871,aleatorio,2.3939474631724034,4.965068306494546e-16
6,hab_custom,6872,aleatorio,0.01649493220689539,4.965068306494546e-16
6,hab_custom,6873,aleatorio,1.2429820539019256,4.965068306494546e-16
6,hab_custom,6874,aleatorio,0.41184696950713345,4.965068306494546e-16
6,hab_custom,6875,aleatorio,2.245743810139884e-13,4.965068306494546e-16
6,hab_custom,6876,aleatorio,0.35692480393111636,4.965068306494546e-16
6,hab_custom,6877,aleatorio,3.6491407837907373e-13,4.965068306494546e-16
6,hab_custom,6878,aleatorio,0.8383987089477212,4.965068306494546e-16
6,hab_custom,6879,aleatorio,0.6335841984979679,4.965068306494546e-16
6,hab_custom,6880,aleatorio,0.9451760110251296,4.965068306494546e-16
6,hab_custom,6881,aleatorio,2.6251081968504273e-14,4.965068306494546e-16
6,hab_custom,6882,aleatorio,2.0749541190369112e-12,4.965068306494546e-16
6,hab_custom,6883,aleatorio,1.1843972454754873e-13,4.965068306494546e-16
6,hab_custom,6884,aleatorio,0.26378068018583284,4.965068306494546e-16
6,hab_custom,6885,aleatorio,0.7495059036249558,4.965068306494546e-16
6,hab_custom,6886,aleatorio,1.1449415864037053e-12,4.965068306494546e-16
6,hab_custom,6887,aleatorio,0.17482507096104183,4.965068306494546e-16
6,hab_custom,6888,aleatorio,0.06416647256171995,4.965068306494546e-16
6,hab_custom,6889,aleatorio,2.1267318116061364,4.965068306494546e-16
6,hab_custom,6890,aleatorio,0.5599412977196516,4.965068306494546e-16
6,hab_custom,6891,aleatorio,2.0785056895698397,4.965068306494546e-16
6,hab_custom,6892,aleatorio,0.29180458693887523,4.965068306494546e-16
6,hab_custom,6893,aleatorio,0.07040696069450494,4.965068306494546e-16
6,hab_custom,6894,aleatorio,1.1172611530789298,4.965068306494546e-16
6,hab_custom,6895,aleatorio,0.1289718747868475,4.965068306494546e-16
6,hab_custom,6896,aleatorio,3.4276454780982237,4.965068306494546e-16
6,hab_custom,6897,aleatorio,3.208141147581476e-15,4.965068306494546e-16
6,hab_custom,6898,aleatorio,1.5227644494569672,4.965068306494546e-16
6,hab_custom,6899,aleatorio,0.0002454651191680838,4.965068306494546e-16
6,hab_custom,6900,aleatorio,1.6455491377962062e-11,4.965068306494546e-16
6,hab_custom,6901,aleatorio,1.2370012886744608,4.965068306494546e-16
6,hab_custom,6902,aleatorio,1.2607754455176936e-14,4.965068306494546e-16
6,hab_custom,6903,aleatorio,1.4604802327739925e-11,4.965068306494546e-16
6,hab_custom,6904,aleatorio,4.353794558297089e-12,4.965068306494546e-16
6,hab_custom,6905,aleatorio,9.339803865021791e-11,4.965068306494546e-16
6,hab_custom,6906,aleatorio,1.8522241852527174e-12,4.965068306494546e-16
6,hab_custom,6907,aleatorio,0.11817494702285455,4.965068306494546e-16
6,hab_custom,6908,aleatorio,1.0942798923326995,4.965068306494546e-16
6,hab_custom,6909,aleatorio,0.10815756833957892,4.965068306494546e-16
6,hab_custom,6910,aleatorio,2.101908910099491,4.965068306494546e-16
6,hab_custom,6911,aleatorio,2.739195575189028,4.965068306494546e-16
6,hab_custom,6912,aleatorio,3.874482369691245,4.965068306494546e-16
6,hab_custom,6913,aleatorio,8.3820000221454525e-16,4.965068306494546e-16
6,hab_custom,6914,aleatorio,7.431348633347609,4.965068306494546e-16
6,hab_custom,6915,aleatorio,2.0433654052053667,4.965068306494546e-16
6,hab_custom,6916,aleatorio,2.966890146922645,4.965068306494546e-16
6,hab_custom,6917,aleatorio,0.39366019515769074,4.965068306494546e-16
6,hab_custom,6918,aleatorio,0.015205856766713996,4.965068306494546e-16
6,hab_custom,6919,aleatorio,1.0355852530291896,4.965068306494546e-16
6,hab_custom,6920,aleatorio,0.32241156363625995,4.965068306494546e-16
6,hab_custom,6921,aleatorio,0.18233773615515061,4.965068306494546e-16
6,hab_custom,6922,aleatorio,0.8735912631909284,4.965068306494546e-16
6,hab_custom,6923,aleatorio,0.00021923288494959698,4.965068306494546e-16
6,hab_custom,6924,aleatorio,1.53853038765206e-14,4.965068306494546e-16
6,hab_custom,6925,aleatorio,0.8456694604765013,4.965068306494546e-16
6,hab_custom,6926,aleatorio,9.280827015348321e-15,4.965068306494546e-16
6,hab_custom,6927,aleatorio,2.558897929559782,4.965068306494546e-16
6,hab_custom,6928,aleatorio,0.14724922149261763,4.965068306494546e-16
6,hab_custom,6929,aleatorio,8.753071833753232e-14,4.965068306494546e-16
6,hab_custom,6930,aleatorio,1.787066243088575,4.965068306494546e-16
6,hab_custom,6931,aleatorio,7.187800277914455e-14,4.965068306494546e-16
6,hab_custom,6932,aleatorio,5.888659579324128e-13,4.965068306494546e-16
6,hab_custom,6933,aleatorio,1.1249094002342106,4.965068306494546e-16
6,hab_custom,6934,aleatorio,1.6089208428762374,4.965068306494546e-16
6,hab_custom,6935,aleatorio,0.8116263349752663,4.965068306494546e-16
6,hab_custom,6936,aleatorio,3.76822190084106e-15,4.965068306494546e-16
6,hab_custom,6937,aleatorio,0.7572186872592187,4.965068306494546e-16
6,hab_custom,6938,aleatorio,0.47643645221733905,4.965068306494546e-16
6,hab_custom,6939,aleatorio,1.0532363313812623e-11,4.965068306494546e-16
6,hab_custom,6940,aleatorio,2.4366395619992754e-11,4.965068306494546e-16
6,hab_custom,6941,aleatorio,2.3242418176630855,4.965068306494546e-16
6,hab_custom,6942,aleatorio,1.538370149106851e-15,4.965068306494546e-16
6,hab_custom,6943,aleatorio,0.9272552199499785,4.965068306494546e-16
6,hab_custom,6944,aleatorio,0.673329925713269,4.965068306494546e-16
6,hab_custom,6945,aleatorio,5.503448435064276e-15,4.965068306494546e-16
6,hab_custom,6946,aleatorio,3.6157153305777843e-14,4.965068306494546e-16
6,hab_custom,6947,aleatorio,2.0133748109350043,4.965068306494546e-16
6,hab_custom,6948,aleatorio,1.8444410139024814e-15,4.965068306494546e-16
6,hab_custom,6949,aleatorio,1.7000125741021899,4.965068306494546e-16
6,hab_custom,6950,aleatorio,0.18591427576265857,4.965068306494546e-16
6,hab_custom,6951,aleatorio,1.964306626228903e-11,4.965068306494546e-16
6,hab_custom,6952,aleatorio,2.6099206299163566,4.965068306494546e-16
6,hab_custom,6953,aleatorio,0.3706139096301246,4.965068306494546e-16
6,hab_custom,6954,aleatorio,0.015581476305272988,4.965068306494546e-16
6,hab_custom,6955,aleatorio,0.11067705019616503,4.965068306494546e-16
6,hab_custom,6956,aleatorio,4.094007783739436,4.965068306494546e-16
6,hab_custom,6957,aleatorio,0.23616906808776195,4.965068306494546e-16
6,hab_custom,6958,aleatorio,0.3278090403671909,4.965068306494546e-16
6,hab_custom,6959,aleatorio,1.079015601171152,4.965068306494546e-16
6,hab_custom,6960,aleatorio,1.0293390128256926e-14,4.965068306494546e-16
6,hab_custom,6961,aleatorio,2.560743305106871e-15,4.965068306494546e-16
6,hab_custom,6962,aleatorio,0.009781434057603794,4.965068306494546e-16
6,hab_custom,6963,aleatorio,0.013169202960492935,4.965068306494546e-16
6,hab_custom,6964,aleatorio,0.21749986584088637,4.965068306494546e-16
6,hab_custom,6965,aleatorio,0.47390788377540727,4.965068306494546e-16
6,hab_custom,6966,aleatorio,3.399531182602658e-14,4.965068306494546e-16
6,hab_custom,6967,aleatorio,0.18028798643848604,4.965068306494546e-16
6,hab_custom,6968,aleatorio,1.4019021468565094,4.965068306494546e-16
6,hab_custom,6969,aleatorio,0.5746493264759054,4.965068306494546e-16
6,hab_custom,6970,aleatorio,1.6050308076832566e-15,4.965068306494546e-16
6,hab_custom,6971,aleatorio,3.9395221459873917,4.965068306494546e-16
6,hab_custom,6972,aleatorio,0.099567203675011,4.965068306494546e-16
6,hab_custom,6973,aleatorio,0.02539915813106962,4.965068306494546e-16
6,hab_custom,6974,aleatorio,2.0694894067220244,4.965068306494546e-16
6,hab_custom,6975,aleatorio,0.11584449924134269,4.965068306494546e-16
6,hab_custom,6976,aleatorio,1.148203485991032,4.965068306494546e-16
6,hab_custom,6977,aleatorio,0.9535092291896302,4.965068306494546e-16
6,hab_custom,6978,aleatorio,1.4985226105109193,4.965068306494546e-16
6,hab_custom,6979,aleatorio,0.7369142304919226,4.965068306494546e-16
6,hab_custom,6980,aleatorio,9.155133597044475e-16,4.965068306494546e-16
6,hab_custom,6981,aleatorio,6.694127555088651,4.965068306494546e-16
6,hab_custom,6982,aleatorio,2.9964045311498874e-13,4.965068306494546e-16
6,hab_custom,6983,aleatorio,1.2287041270339967,4.965068306494546e-16
6,hab_custom,6984,aleatorio,4.1253354327781455,4.965068306494546e-16
6,hab_custom,6985,aleatorio,0.8892758403462584,4.965068306494546e-16
6,hab_custom,6986,aleatorio,1.1027998345066683,4.965068306494546e-16
6,hab_custom,6987,aleatorio,1.9096394202873628,4.965068306494546e-16
6,hab_custom,6988,aleatorio,2.1300105999354856e-12,4.965068306494546e-16
6,hab_custom,6989,aleatorio,0.13260411197680916,4.965068306494546e-16
6,hab_custom,6990,aleatorio,0.053951131996542306,4.965068306494546e-16
6,hab_custom,6991,aleatorio,0.8497048899146744,4.965068306494546e-16
6,hab_custom,6992,aleatorio,6.943394088123887e-13,4.965068306494546e-16
6,hab_custom,6993,aleatorio,4.771079314660779,4.965068306494546e-16
6,hab_custom,6994,aleatorio,4.8511156630672614e-15,4.965068306494546e-16
6,hab_custom,6995,aleatorio,9.155133597044475e-16,4.965068306494546e-16
6,hab_custom,6996,aleatorio,0.20734261222296785,4.965068306494546e-16
6,hab_custom,6997,aleatorio,0.9184558504520931,4.965068306494546e-16
6,hab_custom,6998,aleatorio,0.6471147790241819,4.965068306494546e-16
6,hab_custom,6999,aleatorio,2.575146885898379,4.965068306494546e-16
6,hab_custom,7000,aleatorio,2.3521339694676532e-14,4.965068306494546e-16
6,hab_custom,7001,aleatorio,0.1470559312360737,4.965068306494546e-16
6,hab_custom,7002,aleatorio,0.020201832836149524,4.965068306494546e-16
6,hab_custom,7003,aleatorio,0.312637734907392,4.965068306494546e-16
6,hab_custom,7004,aleatorio,3.688882027804963e-15,4.965068306494546e-16
6,hab_custom,7005,aleatorio,1.296343009521825,4.965068306494546e-16
6,hab_custom,7006,aleatorio,0.2751065526176603,4.965068306494546e-16
6,hab_custom,7007,aleatorio,0.012388028779663477,4.965068306494546e-16
6,hab_custom,7008,aleatorio,1.9508972174585503e-13,4.965068306494546e-16
6,hab_custom,7009,aleatorio,7.538046433999677e-14,4.965068306494546e-16
6,hab_custom,7010,aleatorio,1.265097508512092,4.965068306494546e-16
6,hab_custom,7011,aleatorio,3.1480255910393996e-15,4.965068306494546e-16
6,hab_custom,7012,aleatorio,0.4029756881794056,4.965068306494546e-16
6,hab_custom,7013,aleatorio,9.742167503148516e-16,4.965068306494546e-16
6,hab_custom,7014,aleatorio,0.022208655602887956,4.965068306494546e-16
6,hab_custom,7015,aleatorio,2.4116129506498155e-14,4.965068306494546e-16
6,hab_custom,7016,aleatorio,1.1957467920563633e-15,4.965068306494546e-16
6,hab_custom,7017,aleatorio,1.1838728304079553,4.965068306494546e-16
6,hab_custom,7018,aleatorio,4.9786230546287405e-12,4.965068306494546e-16
6,hab_custom,7019,aleatorio,0.47996669296599037,4.965068306494546e-16
6,hab_custom,7020,aleatorio,5.80675298936289e-14,4.965068306494546e-16
6,hab_custom,7021,aleatorio,0.5379081454144112,4.965068306494546e-16
6,hab_custom,7022,aleatorio,2.868546460936932e-14,4.965068306494546e-16
6,hab_custom,7023,aleatorio,0.14824389112324488,4.965068306494546e-16
6,hab_custom,7024,aleatorio,0.30773744606073605,4.965068306494546e-16
6,hab_custom,7025,aleatorio,1.7426611822486724,4.965068306494546e-16
6,hab_custom,7026,aleatorio,2.570560133225612,4.965068306494546e-16
6,hab_custom,7027,aleatorio,0.44167438399947245,4.965068306494546e-16
6,hab_custom,7028,aleatorio,1.1274126509516105,4.965068306494546e-16
6,hab_custom,7029,aleatorio,0.03317135311957062,4.965068306494546e-16
6,hab_custom,7030,aleatorio,3.7763906117083025e-15,4.965068306494546e-16
6,hab_custom,7031,aleatorio,8.005932084973442e-16,4.965068306494546e-16
6,hab_custom,7032,aleatorio,3.663125659110482e-06,4.965068306494546e-16
6,hab_custom,7033,aleatorio,1.8266717205303533,4.965068306494546e-16
6,hab_custom,7034,aleatorio,1.4845190595935942,4.965068306494546e-16
6,hab_custom,7035,aleatorio,0.5833749632963795,4.965068306494546e-16
6,hab_custom,7036,aleatorio,2.8281361869219186,4.965068306494546e-16
6,hab_custom,7037,aleatorio,0.41305605822067354,4.965068306494546e-16
6,hab_custom,7038,aleatorio,2.110641362646201,4.965068306494546e-16
6,hab_custom,7039,aleatorio,0.18775908737319913,4.965068306494546e-16
6,hab_custom,7040,aleatorio,4.853913132266306,4.965068306494546e-16
6,hab_custom,7041,aleatorio,0.26169982249441653,4.965068306494546e-16
6,hab_custom,7042,aleatorio,1.8855869088602066,4.965068306494546e-16
6,hab_custom,7043,aleatorio,1.8855066648148178,4.965068306494546e-16
6,hab_custom,7044,aleatorio,1.4380539678840378,4.965068306494546e-16
6,hab_custom,7045,aleatorio,7.40600403086298e-12,4.965068306494546e-16
6,hab_custom,7046,aleatorio,0.8024603519249222,4.965068306494546e-16
6,hab_custom,7047,aleatorio,0.49993793585035307,4.965068306494546e-16
6,hab_custom,7048,aleatorio,1.2130444782606846,4.965068306494546e-16
6,hab_custom,7049,aleatorio,1.417406778654578,4.965068306494546e-16
6,hab_custom,7050,aleatorio,0.019807987223336335,4.965068306494546e-16
6,hab_custom,7051,aleatorio,1.0959200373197812e-14,4.965068306494546e-16
6,hab_custom,7052,aleatorio,3.978205747449314,4.965068306494546e-16
6,hab_custom,7053,aleatorio,1.6805589988879939,4.965068306494546e-16
6,hab_custom,7054,aleatorio,0.49347146591807967,4.965068306494546e-16
6,hab_custom,7055,aleatorio,6.069881187037505e-11,4.965068306494546e-16
6,hab_custom,7056,aleatorio,2.015989028021193,4.965068306494546e-16
6,hab_custom,7057,aleatorio,7.768284689359187e-13,4.965068306494546e-16
6,hab_custom,7058,aleatorio,9.930136612989092e-16,4.965068306494546e-16
6,hab_custom,7059,aleatorio,0.5324708083060999,4.965068306494546e-16
6,hab_custom,7060,aleatorio,2.0624465841256168e-14,4.965068306494546e-16
6,hab_custom,7061,aleatorio,0.5094254288804935,4.965068306494546e-16
6,hab_custom,7062,aleatorio,3.40196103702735e-13,4.965068306494546e-16
6,hab_custom,7063,aleatorio,0.3230432496382034,4.965068306494546e-16
6,hab_custom,7064,aleatorio,9.306820119310675,4.965068306494546e-16
6,hab_custom,7065,aleatorio,2.5219419200973697e-15,4.965068306494546e-16
6,hab_custom,7066,aleatorio,5.813694430743615e-12,4.965068306494546e-16
6,hab_custom,7067,aleatorio,1.1801436664131821,4.965068306494546e-16
6,hab_custom,7068,aleatorio,4.729696678981382e-14,4.965068306494546e-16
6,hab_custom,7069,aleatorio,8.881784197001252e-16,4.965068306494546e-16
6,hab_custom,7070,aleatorio,0.7179454671516988,4.965068306494546e-16
6,hab_custom,7071,aleatorio,0.2782730346448589,4.965068306494546e-16
6,hab_custom,7072,aleatorio,0.9636597075100186,4.965068306494546e-16
6,hab_custom,7073,aleatorio,1.6437970943559612,4.965068306494546e-16
6,hab_custom,7074,aleatorio,0.2647187413242482,4.965068306494546e-16
6,hab_custom,7075,aleatorio,2.7810594151504815,4.965068306494546e-16
6,hab_custom,7076,aleatorio,0.07068435902015345,4.965068306494546e-16
6,hab_custom,7077,aleatorio,2.531328947539509e-13,4.965068306494546e-16
6,hab_custom,7078,aleatorio,3.690196125034664e-13,4.965068306494546e-16
6,hab_custom,7079,aleatorio,9.42055475210265e-16,4.965068306494546e-16
6,hab_custom,7080,aleatorio,2.9089429025221913,4.965068306494546e-16
6,hab_custom,7081,aleatorio,0.0025048618901557782,4.965068306494546e-16
6,hab_custom,7082,aleatorio,4.930994229180927,4.965068306494546e-16
6,hab_custom,7083,aleatorio,9.082058648124595e-14,4.965068306494546e-16
6,hab_custom,7084,aleatorio,0.1982339213681709,4.965068306494546e-16
6,hab_custom,7085,aleatorio,2.932640097651091,4.965068306494546e-16
6,hab_custom,7086,aleatorio,0.0025428765836309755,4.965068306494546e-16
6,hab_custom,7087,aleatorio,4.8912349261807324e-14,4.965068306494546e-16
6,hab_custom,7088,aleatorio,2.050154672919449,4.965068306494546e-16
6,hab_custom,7089,aleatorio,0.711177290974887,4.965068306494546e-16
6,hab_custom,7090,aleatorio,0.7617423150523571,4.965068306494546e-16
6,hab_custom,7091,aleatorio,0.043999142416321205,4.965068306494546e-16
6,hab_custom,7092,aleatorio,1.3845039176430678,4.965068306494546e-16
6,hab_custom,7093,aleatorio,4.628445090676577e-15,4.965068306494546e-16
6,hab_custom,7094,aleatorio,1.2380426047535115e-12,4.965068306494546e-16
6,hab_custom,7095,aleatorio,3.37720473105243,4.965068306494546e-16
6,hab_custom,7096,aleatorio,0.5726218116382996,4.965068306494546e-16
6,hab_custom,7097,aleatorio,4.194792331935649,4.965068306494546e-16
6,hab_custom,7098,aleatorio,0.011669790431973665,4.965068306494546e-16
6,hab_custom,7099,aleatorio,2.710399819191012e-15,4.965068306494546e-16
6,hab_custom,7100,aleatorio,0.41330037877890763,4.965068306494546e-16
6,hab_custom,7101,aleatorio,7.375032734016078e-11,4.965068306494546e-16
6,hab_custom,7102,aleatorio,2.662039326446137e-13,4.965068306494546e-16
6,hab_custom,7103,aleatorio,1.924508456480265,4.965068306494546e-16
6,hab_custom,7104,aleatorio,8.090153388588444,4.965068306494546e-16
6,hab_custom,7105,aleatorio,2.034418038508247,4.965068306494546e-16
6,hab_custom,7106,aleatorio,0.6575006163846068,4.965068306494546e-16
6,hab_custom,7107,aleatorio,4.204166901567527e-11,4.965068306494546e-16
6,hab_custom,7108,aleatorio,1.2193721266604804,4.965068306494546e-16
6,hab_custom,7109,aleatorio,1.5233958318498455,4.965068306494546e-16
6,hab_custom,7110,aleatorio,0.2724685538883253,4.965068306494546e-16
6,hab_custom,7111,aleatorio,0.0016484063764142076,4.965068306494546e-16
6,hab_custom,7112,aleatorio,1.6002797171058807,4.965068306494546e-16
6,hab_custom,7113,aleatorio,1.09695147168624,4.965068306494546e-16
6,hab_custom,7114,aleatorio,0.5151682309921616,4.965068306494546e-16
6,hab_custom,7115,aleatorio,6.538545079583099e-12,4.965068306494546e-16
6,hab_custom,7116,aleatorio,0.606106496096888,4.965068306494546e-16
6,hab_custom,7117,aleatorio,3.294147298133559,4.965068306494546e-16
6,hab_custom,7118,aleatorio,2.7183733486177855,4.965068306494546e-16
6,hab_custom,7119,aleatorio,7.401516436722488e-14,4.965068306494546e-16
6,hab_custom,7120,aleatorio,1.1892269192445821,4.965068306494546e-16
6,hab_custom,7121,aleatorio,0.12075473705972299,4.965068306494546e-16
6,hab_custom,7122,aleatorio,0.03604614004462084,4.965068306494546e-16
6,hab_custom,7123,aleatorio,1.88411095042053e-15,4.965068306494546e-16
6,hab_custom,7124,aleatorio,0.0500152506333351,4.965068306494546e-16
6,hab_custom,7125,aleatorio,1.390219125818473e-14,4.965068306494546e-16
6,hab_custom,7126,aleatorio,9.822807616452895e-15,4.965068306494546e-16
6,hab_custom,7127,aleatorio,1.5316710797956894,4.965068306494546e-16
6,hab_custom,7128,aleatorio,0.5468764546807481,4.965068306494546e-16
6,hab_custom,7129,aleatorio,1.0175362097255202e-15,4.965068306494546e-16
6,hab_custom,7130,aleatorio,0.482815491213349,4.965068306494546e-16
6,hab_custom,7131,aleatorio,1.3746316817379007,4.965068306494546e-16
6,hab_custom,7132,aleatorio,0.16616179007459594,4.965068306494546e-16
6,hab_custom,7133,aleatorio,5.661048867003676e-16,4.965068306494546e-16
6,hab_custom,7134,aleatorio,0.38920412515114994,4.965068306494546e-16
6,hab_custom,7135,aleatorio,1.5209477065454982,4.965068306494546e-16
6,hab_custom,7136,aleatorio,14.81373138471236,4.965068306494546e-16
6,hab_custom,7137,aleatorio,1.2524146772228545e-10,4.965068306494546e-16
6,hab_custom,7138,aleatorio,0.8505162187345519,4.965068306494546e-16
6,hab_custom,7139,aleatorio,3.6062779302314487,4.965068306494546e-16
6,hab_custom,7140,aleatorio,1.9233004410125067,4.965068306494546e-16
6,hab_custom,7141,aleatorio,3.8039580960584107,4.965068306494546e-16
6,hab_custom,7142,aleatorio,3.2530520687065474,4.965068306494546e-16
6,hab_custom,7143,aleatorio,2.8058183341731835e-12,4.965068306494546e-16
6,hab_custom,7144,aleatorio,1.1953763469510702e-11,4.965068306494546e-16
6,hab_custom,7145,aleatorio,0.6507702875172205,4.965068306494546e-16
6,hab_custom,7146,aleatorio,8.527784864785346e-16,4.965068306494546e-16
6,hab_custom,7147,aleatorio,4.597409281401446e-14,4.965068306494546e-16
6,hab_custom,7148,aleatorio,2.808561404083095e-11,4.965068306494546e-16
6,hab_custom,7149,aleatorio,4.918576197525599e-14,4.965068306494546e-16
6,hab_custom,7150,aleatorio,1.1133702210412775,4.965068306494546e-16
6,hab_custom,7151,aleatorio,0.3769443594190154,4.965068306494546e-16
6,hab_custom,7152,aleatorio,9.485749680535094e-16,4.965068306494546e-16
6,hab_custom,7153,aleatorio,1.0871028111966218e-13,4.965068306494546e-16
6,hab_custom,7154,aleatorio,0.3108956832145897,4.965068306494546e-16
6,hab_custom,7155,aleatorio,0.32513315961988415,4.965068306494546e-16
6,hab_custom,7156,aleatorio,1.3551468903420603,4.965068306494546e-16
6,hab_custom,7157,aleatorio,0.33010509221542295,4.965068306494546e-16
6,hab_custom,7158,aleatorio,1.0171125618713326,4.965068306494546e-16
6,hab_custom,7159,aleatorio,0.718322988912866,4.965068306494546e-16
6,hab_custom,7160,aleatorio,0.2561721656381198,4.965068306494546e-16
6,hab_custom,7161,aleatorio,0.6782897400452137,4.965068306494546e-16
6,hab_custom,7162,aleatorio,0.9609581570360579,4.965068306494546e-16
6,hab_custom,7163,aleatorio,0.4222783274251541,4.965068306494546e-16
6,hab_custom,7164,aleatorio,0.4226040418794282,4.965068306494546e-16
6,hab_custom,7165,aleatorio,0.3626421883878577,4.965068306494546e-16
6,hab_custom,7166,aleatorio,0.09292832811246439,4.965068306494546e-16
6,hab_custom,7167,aleatorio,4.823403649137668,4.965068306494546e-16
6,hab_custom,7168,aleatorio,0.16106109773253616,4.965068306494546e-16
6,hab_custom,7169,aleatorio,1.4530303829309759,4.965068306494546e-16
6,hab_custom,7170,aleatorio,5.087681048627601e-16,4.965068306494546e-16
6,hab_custom,7171,aleatorio,1.4217791915866692e-15,4.965068306494546e-16
6,hab_custom,7172,aleatorio,0.2326453435082867,4.965068306494546e-16
6,hab_custom,7173,aleatorio,0.7791867877004349,4.965068306494546e-16
6,hab_custom,7174,aleatorio,0.04226822776862507,4.965068306494546e-16
6,hab_custom,7175,aleatorio,6.672703361578195,4.965068306494546e-16
6,hab_custom,7176,aleatorio,7.206871473129241e-13,4.965068306494546e-16
6,hab_custom,7177,aleatorio,1.2821529559165925,4.965068306494546e-16
6,hab_custom,7178,aleatorio,3.0051032919045482e-12,4.965068306494546e-16
6,hab_custom,7179,aleatorio,0.46243227077653604,4.965068306494546e-16
6,hab_custom,7180,aleatorio,8.2597011589873e-14,4.965068306494546e-16
6,hab_custom,7181,aleatorio,0.38143650435374105,4.965068306494546e-16
6,hab_custom,7182,aleatorio,0.000277747157282131,4.965068306494546e-16
6,hab_custom,7183,aleatorio,1.1677774311979587,4.965068306494546e-16
6,hab_custom,7184,aleatorio,0.05952041672381478,4.965068306494546e-16
6,hab_custom,7185,aleatorio,0.025111758084348772,4.965068306494546e-16
6,hab_custom,7186,aleatorio,1.0511626680444891e-10,4.965068306494546e-16
6,hab_custom,7187,aleatorio,1.7212328804827157,4.965068306494546e-16
6,hab_custom,7188,aleatorio,6.612466338942987e-14,4.965068306494546e-16
6,hab_custom,7189,aleatorio,2.292615178043505,4.965068306494546e-16
6,hab_custom,7190,aleatorio,0.15715843882977684,4.965068306494546e-16
6,hab_custom,7191,aleatorio,5.488733452425221e-13,4.965068306494546e-16
6,hab_custom,7192,aleatorio,8.064958387229005e-14,4.965068306494546e-16
6,hab_custom,7193,aleatorio,7.923135220560787e-15,4.965068306494546e-16
6,hab_custom,7194,aleatorio,0.17148843265786123,4.965068306494546e-16
6,hab_custom,7195,aleatorio,1.9679126244401055e-12,4.965068306494546e-16
6,hab_custom,7196,aleatorio,5.260770451700199e-14,4.965068306494546e-16
6,hab_custom,7197,aleatorio,0.03668776823064817,4.965068306494546e-16
6,hab_custom,7198,aleatorio,0.6679512177251063,4.965068306494546e-16
6,hab_custom,7199,aleatorio,1.041481514324134e-15,4.965068306494546e-16
6,hab_custom,7200,aleatorio,0.576797165364817,4.965068306494546e-16
6,hab_custom,7201,aleatorio,0.22207442287655296,4.965068306494546e-16
6,hab_custom,7202,aleatorio,2.0813539403653962e-11,4.965068306494546e-16
6,hab_custom,7203,aleatorio,0.5578168251770563,4.965068306494546e-16
6,hab_custom,7204,aleatorio,5.7383112372487775,4.965068306494546e-16
6,hab_custom,7205,aleatorio,1.2536783213821169e-11,4.965068306494546e-16
6,hab_custom,7206,aleatorio,9.155133597044475e-16,4.965068306494546e-16
6,hab_custom,7207,aleatorio,1.6072963231125064,4.965068306494546e-16
6,hab_custom,7208,aleatorio,8.881784197001252e-16,4.965068306494546e-16
6,hab_custom,7209,aleatorio,2.66616119629499,4.965068306494546e-16
6,hab_custom,7210,aleatorio,1.6100639106208612,4.965068306494546e-16
6,hab_custom,7211,aleatorio,0.10972590721451805,4.965068306494546e-16
6,hab_custom,7212,aleatorio,2.542481914362873,4.965068306494546e-16
6,hab_custom,7213,aleatorio,0.23531395638057548,4.965068306494546e-16
6,hab_custom,7214,aleatorio,9.788024907626504e-11,4.965068306494546e-16
6,hab_custom,7215,aleatorio,0.42408336680489983,4.965068306494546e-16
6,hab_custom,7216,aleatorio,3.208779881522051,4.965068306494546e-16
6,hab_custom,7217,aleatorio,0.350822602762972,4.965068306494546e-16
6,hab_custom,7218,aleatorio,8.881784197001252e-16,4.965068306494546e-16
6,hab_custom,7219,aleatorio,1.5878339678375242e-13,4.965068306494546e-16
6,hab_custom,7220,aleatorio,1.1800290838962795,4.965068306494546e-16
6,hab_custom,7221,aleatorio,9.462982547496794e-15,4.965068306494546e-16
6,hab_custom,7222,aleatorio,0.023697639238880457,4.965068306494546e-16
6,hab_custom,7223,aleatorio,0.0028906185013249193,4.965068306494546e-16
6,hab_custom,7224,aleatorio,2.2539458172996745,4.965068306494546e-16
6,hab_custom,7225,aleatorio,0.5621360137278617,4.965068306494546e-16
6,hab_custom,7226,aleatorio,0.08111714950592075,4.965068306494546e-16
6,hab_custom,7227,aleatorio,0.5579223140456737,4.965068306494546e-16
6,hab_custom,7228,aleatorio,9.596848997694667e-15,4.965068306494546e-16
6,hab_custom,7229,aleatorio,4.8597975971949704e-14,4.965068306494546e-16
6,hab_custom,7230,aleatorio,3.6393056556908727e-13,4.965068306494546e-16
6,hab_custom,7231,aleatorio,0.7735458201929283,4.965068306494546e-16
6,hab_custom,7232,aleatorio,0.6575691454220369,4.965068306494546e-16
6,hab_custom,7233,aleatorio,2.412043012503798,4.965068306494546e-16
6,hab_custom,7234,aleatorio,5.970086899090723e-11,4.965068306494546e-16
6,hab_custom,7235,aleatorio,1.6381070448598576,4.965068306494546e-16
6,hab_custom,7236,aleatorio,1.2560739669470201e-15,4.965068306494546e-16
6,hab_custom,7237,aleatorio,1.4426031737895657,4.965068306494546e-16
6,hab_custom,7238,aleatorio,0.07033827536789271,4.965068306494546e-16
6,hab_custom,7239,aleatorio,1.2314866771873545,4.965068306494546e-16
6,hab_custom,7240,aleatorio,2.3446480403802455e-15,4.965068306494546e-16
6,hab_custom,7241,aleatorio,4.50649536464351e-13,4.965068306494546e-16
6,hab_custom,7242,aleatorio,0.24303261860831926,4.965068306494546e-16
6,hab_custom,7243,aleatorio,1.8169088889923057,4.965068306494546e-16
6,hab_custom,7244,aleatorio,2.5466237499170554,4.965068306494546e-16
6,hab_custom,7245,aleatorio,1.6228384053843218e-12,4.965068306494546e-16
6,hab_custom,7246,aleatorio,1.5587637173717048,4.965068306494546e-16
6,hab_custom,7247,aleatorio,4.440003831245316e-14,4.965068306494546e-16
6,hab_custom,7248,aleatorio,4.705040823708615e-15,4.965068306494546e-16
6,hab_custom,7249,aleatorio,3.223973297096578,4.965068306494546e-16
6,hab_custom,7250,aleatorio,0.5575543584939093,4.965068306494546e-16
6,hab_custom,7251,aleatorio,2.1274363529506997,4.965068306494546e-16
6,hab_custom,7252,aleatorio,1.2947314098277875e-15,4.965068306494546e-16
6,hab_custom,7253,aleatorio,8.165481959654078e-13,4.965068306494546e-16
6,hab_custom,7254,aleatorio,0.0026081607510498946,4.965068306494546e-16
6,hab_custom,7255,aleatorio,6.699163375832024e-15,4.965068306494546e-16
6,hab_custom,7256,aleatorio,1.413021402157089e-12,4.965068306494546e-16
6,hab_custom,7257,aleatorio,0.8377059706492742,4.965068306494546e-16
6,hab_custom,7258,aleatorio,0.3359000159614607,4.965068306494546e-16
6,hab_custom,7259,aleatorio,3.188872858294072e-15,4.965068306494546e-16
6,hab_custom,7260,aleatorio,1.2609709600486848e-14,4.965068306494546e-16
6,hab_custom,7261,aleatorio,3.9250909402235235,4.965068306494546e-16
6,hab_custom,7262,aleatorio,1.81623781964737,4.965068306494546e-16
6,hab_custom,7263,aleatorio,0.12417110426723388,4.965068306494546e-16
6,hab_custom,7264,aleatorio,0.04929231908021444,4.965068306494546e-16
6,hab_custom,7265,aleatorio,1.3221917267461663,4.965068306494546e-16
6,hab_custom,7266,aleatorio,4.918315691933426e-13,4.965068306494546e-16
6,hab_custom,7267,aleatorio,1.790180836524724e-15,4.965068306494546e-16
6,hab_custom,7268,aleatorio,4.892545154906603e-15,4.965068306494546e-16
6,hab_custom,7269,aleatorio,0.07968783452844427,4.965068306494546e-16
6,hab_custom,7270,aleatorio,1.531625916382224,4.965068306494546e-16
6,hab_custom,7271,aleatorio,0.08101837685131538,4.965068306494546e-16
6,hab_custom,7272,aleatorio,0.38369395642282006,4.965068306494546e-16
6,hab_custom,7273,aleatorio,0.5616338532632543,4.965068306494546e-16
6,hab_custom,7274,aleatorio,0.43788858320093504,4.965068306494546e-16
6,hab_custom,7275,aleatorio,0.7732282769264015,4.965068306494546e-16
6,hab_custom,7276,aleatorio,3.3459896796001782,4.965068306494546e-16
6,hab_custom,7277,aleatorio,3.32483550078709,4.965068306494546e-16
6,hab_custom,7278,aleatorio,0.34830500043388024,4.965068306494546e-16
6,hab_custom,7279,aleatorio,0.017255633070641225,4.965068306494546e-16
6,hab_custom,7280,aleatorio,0.09964583725081122,4.965068306494546e-16
6,hab_custom,7281,aleatorio,0.532378255708423,4.965068306494546e-16
6,hab_custom,7282,aleatorio,0.9230361084091673,4.965068306494546e-16
6,hab_custom,7283,aleatorio,0.11528249467554692,4.965068306494546e-16
6,hab_custom,7284,aleatorio,4.710277376051325e-16,4.965068306494546e-16
6,hab_custom,7285,aleatorio,1.3554434857050817,4.965068306494546e-16
6,hab_custom,7286,aleatorio,3.0706740851348795,4.965068306494546e-16
6,hab_custom,7287,aleatorio,1.864249265941741e-14,4.965068306494546e-16
6,hab_custom,7288,aleatorio,1.8038988979531736e-15,4.965068306494546e-16
6,hab_custom,7289,aleatorio,2.396822070550881,4.965068306494546e-16
6,hab_custom,7290,aleatorio,1.8533909430222906,4.965068306494546e-16
6,hab_custom,7291,aleatorio,1.472877282518059e-15,4.965068306494546e-16
6,hab_custom,7292,aleatorio,2.164413154360842,4.965068306494546e-16
6,hab_custom,7293,aleatorio,1.2462222543165673e-15,4.965068306494546e-16
6,hab_custom,7294,aleatorio,1.5354332602670353,4.965068306494546e-16
6,hab_custom,7295,aleatorio,0.4040601830027965,4.965068306494546e-16
6,hab_custom,7296,aleatorio,1.661144464865665,4.965068306494546e-16
6,hab_custom,7297,aleatorio,8.739768089643434e-11,4.965068306494546e-16
6,hab_custom,7298,aleatorio,0.011909422123737266,4.965068306494546e-16
6,hab_custom,7299,aleatorio,1.7910520985228986,4.965068306494546e-16
6,hab_custom,7300,aleatorio,0.49390242996570266,4.965068306494546e-16
6,hab_custom,7301,aleatorio,2.9438453685863335,4.965068306494546e-16
6,hab_custom,7302,aleatorio,0.21271090706546197,4.965068306494546e-16
6,hab_custom,7303,aleatorio,0.22995629786356442,4.965068306494546e-16
6,hab_custom,7304,aleatorio,1.31462185542254,4.965068306494546e-16
6,hab_custom,7305,aleatorio,0.17381916274513887,4.965068306494546e-16
6,hab_custom,7306,aleatorio,1.6982108727007825,4.965068306494546e-16
6,hab_custom,7307,aleatorio,1.1645651760298485,4.965068306494546e-16
6,hab_custom,7308,aleatorio,0.09064994902752686,4.965068306494546e-16
6,hab_custom,7309,aleatorio,5.7528269441487145,4.965068306494546e-16
6,hab_custom,7310,aleatorio,0.0989623753667494,4.965068306494546e-16
6,hab_custom,7311,aleatorio,0.0016389613990616804,4.965068306494546e-16
6,hab_custom,7312,aleatorio,0.2515192317950287,4.965068306494546e-16
6,hab_custom,7313,aleatorio,0.5581381901357416,4.965068306494546e-16
6,hab_custom,7314,aleatorio,0.8323202786232778,4.965068306494546e-16
6,hab_custom,7315,aleatorio,2.4422381905419322e-11,4.965068306494546e-16
6,hab_custom,7316,aleatorio,1.4217791915866692e-15,4.965068306494546e-16
6,hab_custom,7317,aleatorio,0.837125786385816,4.965068306494546e-16
6,hab_custom,7318,aleatorio,0.2028779739455808,4.965068306494546e-16
6,hab_custom,7319,aleatorio,1.4217791915866692e-15,4.965068306494546e-16
6,hab_custom,7320,aleatorio,0.15842109920974878,4.965068306494546e-16
6,hab_custom,7321,aleatorio,0.6462231463797509,4.965068306494546e-16
6,hab_custom,7322,aleatorio,1.5543122344752192e-15,4.965068306494546e-16
6,hab_custom,7323,aleatorio,0.8289827092122163,4.965068306494546e-16
6,hab_custom,7324,aleatorio,0.8956803376007456,4.965068306494546e-16
6,hab_custom,7325,aleatorio,0.6387902273196779,4.965068306494546e-16
6,hab_custom,7326,aleatorio,0.4859209546693237,4.965068306494546e-16
6,hab_custom,7327,aleatorio,0.16908058935922354,4.965068306494546e-16
6,hab_custom,7328,aleatorio,6.546747482130566e-13,4.965068306494546e-16
6,hab_custom,7329,aleatorio,2.4484307699713974,4.965068306494546e-16
6,hab_custom,7330,aleatorio,0.2708087267955926,4.965068306494546e-16
6,hab_custom,7331,aleatorio,3.312622004736866,4.965068306494546e-16
6,hab_custom,7332,aleatorio,2.368570159625005,4.965068306494546e-16
6,hab_custom,7333,aleatorio,4.795654655948791,4.965068306494546e-16
6,hab_custom,7334,aleatorio,0.6792417797254008,4.965068306494546e-16
6,hab_custom,7335,aleatorio,5.794811177510051e-14,4.965068306494546e-16
6,hab_custom,7336,aleatorio,4.002966042486721e-16,4.965068306494546e-16
6,hab_custom,7337,aleatorio,1.7219515917523533,4.965068306494546e-16
6,hab_custom,7338,aleatorio,3.5416637706899627,4.965068306494546e-16
6,hab_custom,7339,aleatorio,5.345274658196454,4.965068306494546e-16
6,hab_custom,7340,aleatorio,0.3928497635869192,4.965068306494546e-16
6,hab_custom,7341,aleatorio,1.0456783096252187,4.965068306494546e-16
6,hab_custom,7342,aleatorio,5.562146145954451,4.965068306494546e-16
6,hab_custom,7343,aleatorio,6.661338147750939e-16,4.965068306494546e-16
6,hab_custom,7344,aleatorio,0.2852732263454427,4.965068306494546e-16
6,hab_custom,7345,aleatorio,1.5267181373044333e-14,4.965068306494546e-16
6,hab_custom,7346,aleatorio,1.5733341077607694,4.965068306494546e-16
6,hab_custom,7347,aleatorio,0.6245530135829059,4.965068306494546e-16
6,hab_custom,7348,aleatorio,1.727058514542026,4.965068306494546e-16
6,hab_custom,7349,aleatorio,0.6974439784065396,4.965068306494546e-16
6,hab_custom,7350,aleatorio,1.1610858294848065,4.965068306494546e-16
6,hab_custom,7351,aleatorio,2.23687008378283,4.965068306494546e-16
6,hab_custom,7352,aleatorio,5.0292000132872715e-15,4.965068306494546e-16
6,hab_custom,7353,aleatorio,1.9629856744906942,4.965068306494546e-16
6,hab_custom,7354,aleatorio,3.634206131281079e-12,4.965068306494546e-16
6,hab_custom,7355,aleatorio,0.8089657902891267,4.965068306494546e-16
6,hab_custom,7356,aleatorio,1.2848814198755027e-12,4.965068306494546e-16
6,hab_custom,7357,aleatorio,1.294354899723155,4.965068306494546e-16
6,hab_custom,7358,aleatorio,0.0625849124788042,4.965068306494546e-16
6,hab_custom,7359,aleatorio,1.4686338445338907,4.965068306494546e-16
6,hab_custom,7360,aleatorio,0.6375852286685421,4.965068306494546e-16
6,hab_custom,7361,aleatorio,1.40513140753477,4.965068306494546e-16
6,hab_custom,7362,aleatorio,6.010159709704947e-13,4.965068306494546e-16
6,hab_custom,7363,aleatorio,1.075412362199059e-12,4.965068306494546e-16
6,hab_custom,7364,aleatorio,0.6579962223622385,4.965068306494546e-16
6,hab_custom,7365,aleatorio,1.3573130978674965,4.965068306494546e-16
6,hab_custom,7366,aleatorio,6.4076822673168e-14,4.965068306494546e-16
6,hab_custom,7367,aleatorio,0.1985931866730013,4.965068306494546e-16
6,hab_custom,7368,aleatorio,1.997036172580671,4.965068306494546e-16
6,hab_custom,7369,aleatorio,1.5177484221102926e-12,4.965068306494546e-16
6,hab_custom,7370,aleatorio,0.3357379529052598,4.965068306494546e-16
6,hab_custom,7371,aleatorio,1.3911054626160788e-15,4.965068306494546e-16
6,hab_custom,7372,aleatorio,0.7338160665736552,4.965068306494546e-16
6,hab_custom,7373,aleatorio,0.271809679299662,4.965068306494546e-16
6,hab_custom,7374,aleatorio,1.2492490745729446e-13,4.965068306494546e-16
6,hab_custom,7375,aleatorio,0.8402539673720174,4.965068306494546e-16
6,hab_custom,7376,aleatorio,4.758053464133189,4.965068306494546e-16
6,hab_custom,7377,aleatorio,4.692108075008591,4.965068306494546e-16
6,hab_custom,7378,aleatorio,1.1376566954148655,4.965068306494546e-16
6,hab_custom,7379,aleatorio,1.6124570724195013,4.965068306494546e-16
6,hab_custom,7380,aleatorio,1.0432102380004304,4.965068306494546e-16
6,hab_custom,7381,aleatorio,3.45863625960292,4.965068306494546e-16
6,hab_custom,7382,aleatorio,5.461575137144001e-15,4.965068306494546e-16
6,hab_custom,7383,aleatorio,2.9571274340844566e-12,4.965068306494546e-16
6,hab_custom,7384,aleatorio,2.1535350616589293e-13,4.965068306494546e-16
6,hab_custom,7385,aleatorio,0.4930385292428822,4.965068306494546e-16
6,hab_custom,7386,aleatorio,0.03793685622475768,4.965068306494546e-16
6,hab_custom,7387,aleatorio,1.0972598758138105e-13,4.965068306494546e-16
6,hab_custom,7388,aleatorio,0.3353393185315092,4.965068306494546e-16
6,hab_custom,7389,aleatorio,0.5306338932239237,4.965068306494546e-16
6,hab_custom,7390,aleatorio,3.2561176653536688,4.965068306494546e-16
6,hab_custom,7391,aleatorio,0.2781433784722289,4.965068306494546e-16
6,hab_custom,7392,aleatorio,0.46358914961928244,4.965068306494546e-16
6,hab_custom,7393,aleatorio,7.04488781279598e-14,4.965068306494546e-16
6,hab_custom,7394,aleatorio,1.9915907057925828,4.965068306494546e-16
6,hab_custom,7395,aleatorio,0.11718728639300201,4.965068306494546e-16
6,hab_custom,7396,aleatorio,0.46086794796428376,4.965068306494546e-16
6,hab_custom,7397,aleatorio,2.1094237467877974e-15,4.965068306494546e-16
6,hab_custom,7398,aleatorio,0.2572400698763103,4.965068306494546e-16
6,hab_custom,7399,aleatorio,1.7573442038618459,4.965068306494546e-16
6,hab_custom,7400,aleatorio,0.9668624340127456,4.965068306494546e-16
6,hab_custom,7401,aleatorio,5.502995504288977e-12,4.965068306494546e-16
6,hab_custom,7402,aleatorio,2.2399967420500735,4.965068306494546e-16
6,hab_custom,7403,aleatorio,4.082270737521204e-12,4.965068306494546e-16
6,hab_custom,7404,aleatorio,0.5111032819789625,4.965068306494546e-16
6,hab_custom,7405,aleatorio,0.1757471334040551,4.965068306494546e-16
6,hab_custom,7406,aleatorio,0.5822654424272331,4.965068306494546e-16
6,hab_custom,7407,aleatorio,1.0608876682386267e-14,4.965068306494546e-16
6,hab_custom,7408,aleatorio,0.6414960059935272,4.965068306494546e-16
6,hab_custom,7409,aleatorio,6.965956860546436e-13,4.965068306494546e-16
6,hab_custom,7410,aleatorio,0.7106272978100651,4.965068306494546e-16
6,hab_custom,7411,aleatorio,2.5102946270455986,4.965068306494546e-16
6,hab_custom,7412,aleatorio,1.582358619850806,4.965068306494546e-16
6,hab_custom,7413,aleatorio,0.0021588295128514724,4.965068306494546e-16
6,hab_custom,7414,aleatorio,0.23698493592778233,4.965068306494546e-16
6,hab_custom,7415,aleatorio,2.9654998311745207,4.965068306494546e-16
6,hab_custom,7416,aleatorio,8.934041192835982,4.965068306494546e-16
6,hab_custom,7417,aleatorio,0.20203980919885725,4.965068306494546e-16
6,hab_custom,7418,aleatorio,1.1102230246251565e-15,4.965068306494546e-16
6,hab_custom,7419,aleatorio,0.42603311466940136,4.965068306494546e-16
6,hab_custom,7420,aleatorio,0.6694399697741652,4.965068306494546e-16
6,hab_custom,7421,aleatorio,4.9068089818581615e-14,4.965068306494546e-16
6,hab_custom,7422,aleatorio,6.483132118678538e-14,4.965068306494546e-16
6,hab_custom,7423,aleatorio,1.790378920869074,4.965068306494546e-16
6,hab_custom,7424,aleatorio,0.5566728326450731,4.965068306494546e-16
6,hab_custom,7425,aleatorio,4.008627775106091e-14,4.965068306494546e-16
6,hab_custom,7426,aleatorio,1.158568653974845,4.965068306494546e-16
6,hab_custom,7427,aleatorio,1.3889844033875138e-13,4.965068306494546e-16
6,hab_custom,7428,aleatorio,2.348325097928444e-14,4.965068306494546e-16
6,hab_custom,7429,aleatorio,0.2571818015534675,4.965068306494546e-16
6,hab_custom,7430,aleatorio,0.0024627047558316247,4.965068306494546e-16
6,hab_custom,7431,aleatorio,3.0623097196679487,4.965068306494546e-16
6,hab_custom,7432,aleatorio,0.24911303519695885,4.965068306494546e-16
6,hab_custom,7433,aleatorio,0.39735263627753914,4.965068306494546e-16
6,hab_custom,7434,aleatorio,1.024569895102627,4.965068306494546e-16
6,hab_custom,7435,aleatorio,0.7565487936207179,4.965068306494546e-16
6,hab_custom,7436,aleatorio,3.01214238233847,4.965068306494546e-16
6,hab_custom,7437,aleatorio,6.661338147750939e-16,4.965068306494546e-16
6,hab_custom,7438,aleatorio,0.24969929578867558,4.965068306494546e-16
6,hab_custom,7439,aleatorio,0.5206053710271837,4.965068306494546e-16
6,hab_custom,7440,aleatorio,2.9319182727855653e-12,4.965068306494546e-16
6,hab_custom,7441,aleatorio,4.492675290002053,4.965068306494546e-16
6,hab_custom,7442,aleatorio,0.33188477997594573,4.965068306494546e-16
6,hab_custom,7443,aleatorio,7.626577652801304e-14,4.965068306494546e-16
6,hab_custom,7444,aleatorio,1.5681537657598223,4.965068306494546e-16
6,hab_custom,7445,aleatorio,0.322519686705315,4.965068306494546e-16
6,hab_custom,7446,aleatorio,0.036332074750272385,4.965068306494546e-16
6,hab_custom,7447,aleatorio,0.0007254031250792969,4.965068306494546e-16
6,hab_custom,7448,aleatorio,5.073355775461563e-13,4.965068306494546e-16
6,hab_custom,7449,aleatorio,2.2369521571209605e-12,4.965068306494546e-16
6,hab_custom,7450,aleatorio,1.4958434724122724,4.965068306494546e-16
6,hab_custom,7451,aleatorio,0.261232732728015,4.965068306494546e-16
6,hab_custom,7452,aleatorio,1.5490861649295724,4.965068306494546e-16
6,hab_custom,7453,aleatorio,0.8119929450041797,4.965068306494546e-16
6,hab_custom,7454,aleatorio,2.4834423132572203,4.965068306494546e-16
6,hab_custom,7455,aleatorio,7.019138681888135e-14,4.965068306494546e-16
6,hab_custom,7456,aleatorio,5.731676229335449e-14,4.965068306494546e-16
6,hab_custom,7457,aleatorio,2.4030527415663143,4.965068306494546e-16
6,hab_custom,7458,aleatorio,0.05480612015292965,4.965068306494546e-16
6,hab_custom,7459,aleatorio,1.1749580016576767e-13,4.965068306494546e-16
6,hab_custom,7460,aleatorio,1.1438239599166793,4.965068306494546e-16
6,hab_custom,7461,aleatorio,1.623812666443156e-14,4.965068306494546e-16
6,hab_custom,7462,aleatorio,0.9843711576103054,4.965068306494546e-16
6,hab_custom,7463,aleatorio,1.4588038271649586,4.965068306494546e-16
6,hab_custom,7464,aleatorio,5.0008229198442467e-11,4.965068306494546e-16
6,hab_custom,7465,aleatorio,1.2760233430829018,4.965068306494546e-16
6,hab_custom,7466,aleatorio,0.6273600654959094,4.965068306494546e-16
6,hab_custom,7467,aleatorio,2.574165709364973e-11,4.965068306494546e-16
6,hab_custom,7468,aleatorio,0.9643194018647462,4.965068306494546e-16
6,hab_custom,7469,aleatorio,8.787062068271925e-12,4.965068306494546e-16
6,hab_custom,7470,aleatorio,1.5804257756370595e-13,4.965068306494546e-16
6,hab_custom,7471,aleatorio,0.7383385877316303,4.965068306494546e-16
6,hab_custom,7472,aleatorio,3.825979963199458e-13,4.965068306494546e-16
6,hab_custom,7473,aleatorio,3.725645351927494,4.965068306494546e-16
6,hab_custom,7474,aleatorio,1.1333030217979707,4.965068306494546e-16
6,hab_custom,7475,aleatorio,8.484022433392225,4.965068306494546e-16
6,hab_custom,7476,aleatorio,3.397958595162272e-11,4.965068306494546e-16
6,hab_custom,7477,aleatorio,1.745947028327908,4.965068306494546e-16
6,hab_custom,7478,aleatorio,0.04107652890351861,4.965068306494546e-16
6,hab_custom,7479,aleatorio,2.649936542062964e-13,4.965068306494546e-16
6,hab_custom,7480,aleatorio,2.090677765666799e-12,4.965068306494546e-16
6,hab_custom,7481,aleatorio,0.12399316339540094,4.965068306494546e-16
6,hab_custom,7482,aleatorio,0.9848233581394631,4.965068306494546e-16
6,hab_custom,7483,aleatorio,6.591693499466424e-11,4.965068306494546e-16
6,hab_custom,7484,aleatorio,0.7077836193257075,4.965068306494546e-16
6,hab_custom,7485,aleatorio,1.5195242873853398e-12,4.965068306494546e-16
6,hab_custom,7486,aleatorio,1.9493790991221636e-11,4.965068306494546e-16
6,hab_custom,7487,aleatorio,0.24273670774123585,4.965068306494546e-16
6,hab_custom,7488,aleatorio,0.40170147823440494,4.965068306494546e-16
6,hab_custom,7489,aleatorio,0.14686155831496336,4.965068306494546e-16
6,hab_custom,7490,aleatorio,0.15487949098586223,4.965068306494546e-16
6,hab_custom,7491,aleatorio,1.5807622940566344,4.965068306494546e-16
6,hab_custom,7492,aleatorio,0.3302963446031218,4.965068306494546e-16
6,hab_custom,7493,aleatorio,0.6388755335866821,4.965068306494546e-16
6,hab_custom,7494,aleatorio,0.2594804560713169,4.965068306494546e-16
6,hab_custom,7495,aleatorio,1.4665572777979108,4.965068306494546e-16
6,hab_custom,7496,aleatorio,2.7723542144014313,4.965068306494546e-16
6,hab_custom,7497,aleatorio,1.1078604491473503,4.965068306494546e-16
6,hab_custom,7498,aleatorio,2.200162219836716,4.965068306494546e-16
6,hab_custom,7499,aleatorio,2.174223763676801e-14,4.965068306494546e-16
6,hab_custom,7500,aleatorio,0.17379811046829233,4.965068306494546e-16
6,hab_custom,7501,aleatorio,0.7065262032002992,4.965068306494546e-16
6,hab_custom,7502,aleatorio,0.6318368562980204,4.965068306494546e-16
6,hab_custom,7503,aleatorio,0.3392084078502112,4.965068306494546e-16
6,hab_custom,7504,aleatorio,4.220784680164316e-13,4.965068306494546e-16
6,hab_custom,7505,aleatorio,0.005813814262105158,4.965068306494546e-16
6,hab_custom,7506,aleatorio,1.1060180747631858,4.965068306494546e-16
6,hab_custom,7507,aleatorio,3.37166729761082,4.965068306494546e-16
6,hab_custom,7508,aleatorio,0.1780585087827849,4.965068306494546e-16
6,hab_custom,7509,aleatorio,1.1623348693936004,4.965068306494546e-16
6,hab_custom,7510,aleatorio,0.10220963929737811,4.965068306494546e-16
6,hab_custom,7511,aleatorio,0.35144569703979645,4.965068306494546e-16
6,hab_custom,7512,aleatorio,2.964727401727292,4.965068306494546e-16
6,hab_custom,7513,aleatorio,1.890380887718447e-14,4.965068306494546e-16
6,hab_custom,7514,aleatorio,5.6752875164370555e-11,4.965068306494546e-16
6,hab_custom,7515,aleatorio,0.10931984330087638,4.965068306494546e-16
6,hab_custom,7516,aleatorio,3.8480966891538193,4.965068306494546e-16
6,hab_custom,7517,aleatorio,0.1861022844024864,4.965068306494546e-16
6,hab_custom,7518,aleatorio,3.7258987002882598,4.965068306494546e-16
6,hab_custom,7519,aleatorio,2.492614321905443e-07,4.965068306494546e-16
6,hab_custom,7520,aleatorio,1.6168325995964945,4.965068306494546e-16
6,hab_custom,7521,aleatorio,0.5991587338425823,4.965068306494546e-16
6,hab_custom,7522,aleatorio,0.29234615805775616,4.965068306494546e-16
6,hab_custom,7523,aleatorio,1.8543772786825722e-12,4.965068306494546e-16
6,hab_custom,7524,aleatorio,1.2950408327010137e-12,4.965068306494546e-16
6,hab_custom,7525,aleatorio,0.6104961053782009,4.965068306494546e-16
6,hab_custom,7526,aleatorio,0.49957797941449855,4.965068306494546e-16
6,hab_custom,7527,aleatorio,0.7640363519914386,4.965068306494546e-16
6,hab_custom,7528,aleatorio,0.7669721210434431,4.965068306494546e-16
6,hab_custom,7529,aleatorio,4.6629367034256575e-15,4.965068306494546e-16
6,hab_custom,7530,aleatorio,1.4022886878695093,4.965068306494546e-16
6,hab_custom,7531,aleatorio,1.2923439402742098,4.965068306494546e-16
6,hab_custom,7532,aleatorio,4.782987168225453e-15,4.965068306494546e-16
6,hab_custom,7533,aleatorio,1.4950676669296892,4.965068306494546e-16
6,hab_custom,7534,aleatorio,1.404925428448813,4.965068306494546e-16
6,hab_custom,7535,aleatorio,0.8334087708290161,4.965068306494546e-16
6,hab_custom,7536,aleatorio,3.807012868532629e-14,4.965068306494546e-16
6,hab_custom,7537,aleatorio,0.046033348795364123,4.965068306494546e-16
6,hab_custom,7538,aleatorio,5.715654139069749e-14,4.965068306494546e-16
6,hab_custom,7539,aleatorio,2.7324073478951414,4.965068306494546e-16
6,hab_custom,7540,aleatorio,6.125373197167204e-15,4.965068306494546e-16
6,hab_custom,7541,aleatorio,1.1527666174011217,4.965068306494546e-16
6,hab_custom,7542,aleatorio,1.3392433856817785,4.965068306494546e-16
6,hab_custom,7543,aleatorio,1.4033887207775693,4.965068306494546e-16
6,hab_custom,7544,aleatorio,0.21732705605688837,4.965068306494546e-16
6,hab_custom,7545,aleatorio,3.979638529168056e-14,4.965068306494546e-16
6,hab_custom,7546,aleatorio,0.8669922805524034,4.965068306494546e-16
6,hab_custom,7547,aleatorio,1.7995204961134102e-14,4.965068306494546e-16
6,hab_custom,7548,aleatorio,3.1553475902307574e-13,4.965068306494546e-16
6,hab_custom,7549,aleatorio,2.7707929347858444,4.965068306494546e-16
6,hab_custom,7550,aleatorio,2.3181158991296446e-13,4.965068306494546e-16
6,hab_custom,7551,aleatorio,1.121270291988505e-15,4.965068306494546e-16
6,hab_custom,7552,aleatorio,1.830050360294087e-14,4.965068306494546e-16
6,hab_custom,7553,aleatorio,1.1102230246251565e-15,4.965068306494546e-16
6,hab_custom,7554,aleatorio,0.07633964200167248,4.965068306494546e-16
6,hab_custom,7555,aleatorio,0.1485893208037458,4.965068306494546e-16
6,hab_custom,7556,aleatorio,0.22882659594535135,4.965068306494546e-16
6,hab_custom,7557,aleatorio,0.7379874482011112,4.965068306494546e-16
6,hab_custom,7558,aleatorio,4.312979900091011,4.965068306494546e-16
6,hab_custom,7559,aleatorio,1.2064770985122912,4.965068306494546e-16
6,hab_custom,7560,aleatorio,0.16438438036310485,4.965068306494546e-16
6,hab_custom,7561,aleatorio,0.0804663835490269,4.965068306494546e-16
6,hab_custom,7562,aleatorio,4.75752898225638,4.965068306494546e-16
6,hab_custom,7563,aleatorio,8.747882634192074e-11,4.965068306494546e-16
6,hab_custom,7564,aleatorio,0.347786771126279,4.965068306494546e-16
6,hab_custom,7565,aleatorio,1.2449530623536986,4.965068306494546e-16
6,hab_custom,7566,aleatorio,2.4176110129848213e-14,4.965068306494546e-16
6,hab_custom,7567,aleatorio,0.4901450839686542,4.965068306494546e-16
6,hab_custom,7568,aleatorio,8.881784197001252e-16,4.965068306494546e-16
6,hab_custom,7569,aleatorio,3.8179380158358226e-13,4.965068306494546e-16
6,hab_custom,7570,aleatorio,0.2480771585184445,4.965068306494546e-16
6,hab_custom,7571,aleatorio,0.6775016034248182,4.965068306494546e-16
6,hab_custom,7572,aleatorio,5.341473895958234e-12,4.965068306494546e-16
6,hab_custom,7573,aleatorio,0.11299554453053293,4.965068306494546e-16
6,hab_custom,7574,aleatorio,0.6158147829199939,4.965068306494546e-16
6,hab_custom,7575,aleatorio,2.7565465061360594,4.965068306494546e-16
6,hab_custom,7576,aleatorio,0.12744842554534863,4.965068306494546e-16
6,hab_custom,7577,aleatorio,0.14522853003033012,4.965068306494546e-16
6,hab_custom,7578,aleatorio,1.5371393424136,4.965068306494546e-16
6,hab_custom,7579,aleatorio,0.16665263903174887,4.965068306494546e-16
6,hab_custom,7580,aleatorio,1.2412670766236366e-15,4.965068306494546e-16
6,hab_custom,7581,aleatorio,1.1957467920563633e-15,4.965068306494546e-16
6,hab_custom,7582,aleatorio,9.957431800571455e-14,4.965068306494546e-16
6,hab_custom,7583,aleatorio,1.2384857930341833,4.965068306494546e-16
6,hab_custom,7584,aleatorio,2.0695283814372942e-13,4.965068306494546e-16
6,hab_custom,7585,aleatorio,2.3408107883289047,4.965068306494546e-16
6,hab_custom,7586,aleatorio,5.884200464376185e-13,4.965068306494546e-16
6,hab_custom,7587,aleatorio,9.53511637848858,4.965068306494546e-16
6,hab_custom,7588,aleatorio,0.35802515019090314,4.965068306494546e-16
6,hab_custom,7589,aleatorio,2.5088583990662026e-14,4.965068306494546e-16
6,hab_custom,7590,aleatorio,3.6610435421844895e-14,4.965068306494546e-16
6,hab_custom,7591,aleatorio,0.011716885858704944,4.965068306494546e-16
6,hab_custom,7592,aleatorio,1.2609709600486848e-15,4.965068306494546e-16
6,hab_custom,7593,aleatorio,2.647620321278778e-11,4.965068306494546e-16
6,hab_custom,7594,aleatorio,1.0252536946552035e-13,4.965068306494546e-16
6,hab_custom,7595,aleatorio,3.9721756792389344,4.965068306494546e-16
6,hab_custom,7596,aleatorio,3.631263892175296e-12,4.965068306494546e-16
6,hab_custom,7597,aleatorio,1.6237096133335662,4.965068306494546e-16
6,hab_custom,7598,aleatorio,0.5392164993469074,4.965068306494546e-16
6,hab_custom,7599,aleatorio,2.935854034262074,4.965068306494546e-16
6,hab_custom,7600,aleatorio,6.81913561987972,4.965068306494546e-16
6,hab_custom,7601,aleatorio,0.08361036865771942,4.965068306494546e-16
6,hab_custom,7602,aleatorio,4.281121046723285,4.965068306494546e-16
6,hab_custom,7603,aleatorio,5.188327232618922e-13,4.965068306494546e-16
6,hab_custom,7604,aleatorio,2.61240143224515,4.965068306494546e-16
6,hab_custom,7605,aleatorio,2.088054484529457,4.965068306494546e-16
6,hab_custom,7606,aleatorio,4.707298927368925,4.965068306494546e-16
6,hab_custom,7607,aleatorio,0.10259874545883133,4.965068306494546e-16
6,hab_custom,7608,aleatorio,0.22560661045629768,4.965068306494546e-16
6,hab_custom,7609,aleatorio,2.0820889222570407,4.965068306494546e-16
6,hab_custom,7610,aleatorio,0.507725555773499,4.965068306494546e-16
6,hab_custom,7611,aleatorio,4.087809628745272,4.965068306494546e-16
6,hab_custom,7612,aleatorio,0.7833397832866217,4.965068306494546e-16
6,hab_custom,7613,aleatorio,1.1102230246251565e-15,4.965068306494546e-16
6,hab_custom,7614,aleatorio,1.3322676295501878e-15,4.965068306494546e-16
6,hab_custom,7615,aleatorio,2.09270897279392,4.965068306494546e-16
6,hab_custom,7616,aleatorio,1.5857156540161844e-15,4.965068306494546e-16
6,hab_custom,7617,aleatorio,4.395564826230831e-12,4.965068306494546e-16
6,hab_custom,7618,aleatorio,0.335692446554872,4.965068306494546e-16
6,hab_custom,7619,aleatorio,0.11747188530513741,4.965068306494546e-16
6,hab_custom,7620,aleatorio,3.4518393748608136,4.965068306494546e-16
6,hab_custom,7621,aleatorio,1.578287474257473,4.965068306494546e-16
6,hab_custom,7622,aleatorio,0.0706379287427095,4.965068306494546e-16
6,hab_custom,7623,aleatorio,0.0007030734753675903,4.965068306494546e-16
6,hab_custom,7624,aleatorio,0.2378025069711661,4.965068306494546e-16
6,hab_custom,7625,aleatorio,2.6163018204872712e-12,4.965068306494546e-16
6,hab_custom,7626,aleatorio,2.6885048010734187,4.965068306494546e-16
6,hab_custom,7627,aleatorio,1.128609910937468,4.965068306494546e-16
6,hab_custom,7628,aleatorio,1.8428393030581174,4.965068306494546e-16
6,hab_custom,7629,aleatorio,1.0239165535555226,4.965068306494546e-16
6,hab_custom,7630,aleatorio,1.2419471047049578e-13,4.965068306494546e-16
6,hab_custom,7631,aleatorio,2.3206099609979223,4.965068306494546e-16
6,hab_custom,7632,aleatorio,1.0156193057978757,4.965068306494546e-16
6,hab_custom,7633,aleatorio,0.21007379213077015,4.965068306494546e-16
6,hab_custom,7634,aleatorio,2.3736952890571366,4.965068306494546e-16
6,hab_custom,7635,aleatorio,0.017096222124389344,4.965068306494546e-16
6,hab_custom,7636,aleatorio,17.358574171802733,4.965068306494546e-16
6,hab_custom,7637,aleatorio,8.298051981169745e-13,4.965068306494546e-16
6,hab_custom,7638,aleatorio,0.01719623970264659,4.965068306494546e-16
6,hab_custom,7639,aleatorio,1.1797065247528878e-13,4.965068306494546e-16
6,hab_custom,7640,aleatorio,0.29936299636545843,4.965068306494546e-16
6,hab_custom,7641,aleatorio,0.3162593617496091,4.965068306494546e-16
6,hab_custom,7642,aleatorio,0.6379023066432669,4.965068306494546e-16
6,hab_custom,7643,aleatorio,3.586982662861802e-14,4.965068306494546e-16
6,hab_custom,7644,aleatorio,4.440892098500626e-16,4.965068306494546e-16
6,hab_custom,7645,aleatorio,4.501446797555671,4.965068306494546e-16
6,hab_custom,7646,aleatorio,0.5709129988612159,4.965068306494546e-16
6,hab_custom,7647,aleatorio,1.167301144004183,4.965068306494546e-16
6,hab_custom,7648,aleatorio,2.9845048100377616,4.965068306494546e-16
6,hab_custom,7649,aleatorio,1.6910413304902302e-15,4.965068306494546e-16
6,hab_custom,7650,aleatorio,2.252716883995025,4.965068306494546e-16
6,hab_custom,7651,aleatorio,1.0296569143329541,4.965068306494546e-16
6,hab_custom,7652,aleatorio,0.6138890885509192,4.965068306494546e-16
6,hab_custom,7653,aleatorio,0.2763496349873191,4.965068306494546e-16
6,hab_custom,7654,aleatorio,6.61687472982863e-11,4.965068306494546e-16
6,hab_custom,7655,aleatorio,2.042044108319696,4.965068306494546e-16
6,hab_custom,7656,aleatorio,2.6955557784716846,4.965068306494546e-16
6,hab_custom,7657,aleatorio,1.1102230246251565e-15,4.965068306494546e-16
6,hab_custom,7658,aleatorio,9.759081418115053e-14,4.965068306494546e-16
6,hab_custom,7659,aleatorio,9.08061707713151e-13,4.965068306494546e-16
6,hab_custom,7660,aleatorio,3.9189734223735824e-13,4.965068306494546e-16
6,hab_custom,7661,aleatorio,0.7181867444814486,4.965068306494546e-16
6,hab_custom,7662,aleatorio,1.6354606405429e-15,4.965068306494546e-16
6,hab_custom,7663,aleatorio,1.6011864169946884e-15,4.965068306494546e-16
6,hab_custom,7664,aleatorio,1.5857156540161844e-15,4.965068306494546e-16
6,hab_custom,7665,aleatorio,1.8815573640250582,4.965068306494546e-16
6,hab_custom,7666,aleatorio,0.39715380615266593,4.965068306494546e-16
6,hab_custom,7667,aleatorio,0.6184099305199402,4.965068306494546e-16
6,hab_custom,7668,aleatorio,1.4106073143472906,4.965068306494546e-16
6,hab_custom,7669,aleatorio,1.3091311936674899,4.965068306494546e-16
6,hab_custom,7670,aleatorio,0.14740992520090015,4.965068306494546e-16
6,hab_custom,7671,aleatorio,1.6803636354330482,4.965068306494546e-16
6,hab_custom,7672,aleatorio,4.0932000232684706e-13,4.965068306494546e-16
6,hab_custom,7673,aleatorio,0.23965533529643768,4.965068306494546e-16
6,hab_custom,7674,aleatorio,2.259422364417728,4.965068306494546e-16
6,hab_custom,7675,aleatorio,0.29763834707735487,4.965068306494546e-16
6,hab_custom,7676,aleatorio,3.747641703381275,4.965068306494546e-16
6,hab_custom,7677,aleatorio,3.4195530011955486,4.965068306494546e-16
6,hab_custom,7678,aleatorio,2.0896920115577573,4.965068306494546e-16
6,hab_custom,7679,aleatorio,4.6722849268633234e-14,4.965068306494546e-16
6,hab_custom,7680,aleatorio,1.5171239395127938,4.965068306494546e-16
6,hab_custom,7681,aleatorio,2.7575680818705823,4.965068306494546e-16
6,hab_custom,7682,aleatorio,1.4439601802880003e-13,4.965068306494546e-16
6,hab_custom,7683,aleatorio,0.8519413929726746,4.965068306494546e-16
6,hab_custom,7684,aleatorio,0.826723423152139,4.965068306494546e-16
6,hab_custom,7685,aleatorio,0.07179178075759572,4.965068306494546e-16
6,hab_custom,7686,aleatorio,1.1102230246251565e-15,4.965068306494546e-16
6,hab_custom,7687,aleatorio,1.4403617786186385,4.965068306494546e-16
6,hab_custom,7688,aleatorio,2.696426436009615,4.965068306494546e-16
6,hab_custom,7689,aleatorio,0.5922931811156233,4.965068306494546e-16
6,hab_custom,7690,aleatorio,0.25978161975180475,4.965068306494546e-16
6,hab_custom,7691,aleatorio,0.4704953814560582,4.965068306494546e-16
6,hab_custom,7692,aleatorio,3.092606381411402,4.965068306494546e-16
6,hab_custom,7693,aleatorio,3.437499211385347e-11,4.965068306494546e-16
6,hab_custom,7694,aleatorio,4.584604599595226e-12,4.965068306494546e-16
6,hab_custom,7695,aleatorio,0.8042490851781693,4.965068306494546e-16
6,hab_custom,7696,aleatorio,0.042028175680306035,4.965068306494546e-16
6,hab_custom,7697,aleatorio,0.46468648832023907,4.965068306494546e-16
6,hab_custom,7698,aleatorio,1.6471966897733943,4.965068306494546e-16
6,hab_custom,7699,aleatorio,16.221132092239838,4.965068306494546e-16
6,hab_custom,7700,aleatorio,6.377745716588144e-16,4.965068306494546e-16
6,hab_custom,7701,aleatorio,0.028007929679681336,4.965068306494546e-16
6,hab_custom,7702,aleatorio,1.9880888902883236,4.965068306494546e-16
6,hab_custom,7703,aleatorio,4.064083273429141,4.965068306494546e-16
6,hab_custom,7704,aleatorio,2.9406130685091836,4.965068306494546e-16
6,hab_custom,7705,aleatorio,0.14988665443528537,4.965068306494546e-16
6,hab_custom,7706,aleatorio,0.4512899632541168,4.965068306494546e-16
6,hab_custom,7707,aleatorio,1.7084379946911894,4.965068306494546e-16
6,hab_custom,7708,aleatorio,0.7442297757214286,4.965068306494546e-16
6,hab_custom,7709,aleatorio,9.930136612989092e-16,4.965068306494546e-16
6,hab_custom,7710,aleatorio,1.6671532721334976,4.965068306494546e-16
6,hab_custom,7711,aleatorio,1.2498033830542983,4.965068306494546e-16
6,hab_custom,7712,aleatorio,0.0620794816629652,4.965068306494546e-16
6,hab_custom,7713,aleatorio,1.460519585346302,4.965068306494546e-16
6,hab_custom,7714,aleatorio,0.2204025302254813,4.965068306494546e-16
6,hab_custom,7715,aleatorio,0.15985616760055243,4.965068306494546e-16
6,hab_custom,7716,aleatorio,9.402120840458445e-14,4.965068306494546e-16
6,hab_custom,7717,aleatorio,6.080941944488118e-16,4.965068306494546e-16
6,hab_custom,7718,aleatorio,1.2783802177968278,4.965068306494546e-16
6,hab_custom,7719,aleatorio,6.216019640878794e-14,4.965068306494546e-16
6,hab_custom,7720,aleatorio,2.538891711732766,4.965068306494546e-16
6,hab_custom,7721,aleatorio,4.804826119235064,4.965068306494546e-16
6,hab_custom,7722,aleatorio,1.9287855333606245,4.965068306494546e-16
6,hab_custom,7723,aleatorio,0.4970872228573205,4.965068306494546e-16
6,hab_custom,7724,aleatorio,0.0015367438421677734,4.965068306494546e-16
6,hab_custom,7725,aleatorio,2.6919873951069335,4.965068306494546e-16
6,hab_custom,7726,aleatorio,0.8385314223391891,4.965068306494546e-16
6,hab_custom,7727,aleatorio,0.5037623115453391,4.965068306494546e-16
6,hab_custom,7728,aleatorio,0.44315452314154713,4.965068306494546e-16
6,hab_custom,7729,aleatorio,3.3623583634359905e-12,4.965068306494546e-16
6,hab_custom,7730,aleatorio,1.4853850337764507,4.965068306494546e-16
6,hab_custom,7731,aleatorio,3.186327508437445e-13,4.965068306494546e-16
6,hab_custom,7732,aleatorio,1.369165561675299,4.965068306494546e-16
6,hab_custom,7733,aleatorio,0.27216514526360497,4.965068306494546e-16
6,hab_custom,7734,aleatorio,0.7569714036268685,4.965068306494546e-16
6,hab_custom,7735,aleatorio,1.0448131202020434,4.965068306494546e-16
6,hab_custom,7736,aleatorio,1.1945003410298662,4.965068306494546e-16
6,hab_custom,7737,aleatorio,0.37778741700089463,4.965068306494546e-16
6,hab_custom,7738,aleatorio,0.6416582589102184,4.965068306494546e-16
6,hab_custom,7739,aleatorio,7.021536936983849e-11,4.965068306494546e-16
6,hab_custom,7740,aleatorio,7.514275947287056e-11,4.965068306494546e-16
6,hab_custom,7741,aleatorio,0.7242293219185024,4.965068306494546e-16
6,hab_custom,7742,aleatorio,1.7949749854843784,4.965068306494546e-16
6,hab_custom,7743,aleatorio,0.17788384350596972,4.965068306494546e-16
6,hab_custom,7744,aleatorio,0.157632206480266,4.965068306494546e-16
6,hab_custom,7745,aleatorio,0.6384536049847607,4.965068306494546e-16
6,hab_custom,7746,aleatorio,3.1709260152423047e-14,4.965068306494546e-16
6,hab_custom,7747,aleatorio,1.497148804792047,4.965068306494546e-16
6,hab_custom,7748,aleatorio,1.3322676295501878e-15,4.965068306494546e-16
6,hab_custom,7749,aleatorio,0.5298710803765372,4.965068306494546e-16
6,hab_custom,7750,aleatorio,8.742493909547739e-13,4.965068306494546e-16
6,hab_custom,7751,aleatorio,0.19233774322935784,4.965068306494546e-16
6,hab_custom,7752,aleatorio,9.711754835274995e-15,4.965068306494546e-16
6,hab_custom,7753,aleatorio,0.28416129270979557,4.965068306494546e-16
6,hab_custom,7754,aleatorio,0.28604350633562303,4.965068306494546e-16
6,hab_custom,7755,aleatorio,7.771561172376096e-16,4.965068306494546e-16
6,hab_custom,7756,aleatorio,1.0272247708484452,4.965068306494546e-16
6,hab_custom,7757,aleatorio,1.117973224549665e-13,4.965068306494546e-16
6,hab_custom,7758,aleatorio,2.3931007693470194,4.965068306494546e-16
6,hab_custom,7759,aleatorio,1.3322676295501878e-15,4.965068306494546e-16
6,hab_custom,7760,aleatorio,3.418638430697141e-11,4.965068306494546e-16
6,hab_custom,7761,aleatorio,0.3574310273036472,4.965068306494546e-16
6,hab_custom,7762,aleatorio,7.699425283776314e-12,4.965068306494546e-16
6,hab_custom,7763,aleatorio,1.3031985851412888,4.965068306494546e-16
6,hab_custom,7764,aleatorio,0.9565552516320507,4.965068306494546e-16
6,hab_custom,7765,aleatorio,4.876172266587681,4.965068306494546e-16
6,hab_custom,7766,aleatorio,0.37656707558528935,4.965068306494546e-16
6,hab_custom,7767,aleatorio,1.921101164743246,4.965068306494546e-16
6,hab_custom,7768,aleatorio,0.20054675851389506,4.965068306494546e-16
6,hab_custom,7769,aleatorio,2.0065606053641916,4.965068306494546e-16
6,hab_custom,7770,aleatorio,6.589894198793821,4.965068306494546e-16
6,hab_custom,7771,aleatorio,1.2560739669470201e-15,4.965068306494546e-16
6,hab_custom,7772,aleatorio,0.6143523459646737,4.965068306494546e-16
6,hab_custom,7773,aleatorio,0.71974599995456,4.965068306494546e-16
6,hab_custom,7774,aleatorio,0.6104118236178444,4.965068306494546e-16
6,hab_custom,7775,aleatorio,1.741351565001427,4.965068306494546e-16
6,hab_custom,7776,aleatorio,0.4754076711638727,4.965068306494546e-16
6,hab_custom,7777,aleatorio,1.000183318238318,4.965068306494546e-16
6,hab_custom,7778,aleatorio,1.1957467920563633e-15,4.965068306494546e-16
6,hab_custom,7779,aleatorio,2.5332314379864575e-11,4.965068306494546e-16
6,hab_custom,7780,aleatorio,8.35573306123018,4.965068306494546e-16
6,hab_custom,7781,aleatorio,1.0869089929956142,4.965068306494546e-16
6,hab_custom,7782,aleatorio,0.766955612831218,4.965068306494546e-16
6,hab_custom,7783,aleatorio,4.374400067788543e-12,4.965068306494546e-16
6,hab_custom,7784,aleatorio,6.229882608724399e-12,4.965068306494546e-16
6,hab_custom,7785,aleatorio,0.3379490482906447,4.965068306494546e-16
6,hab_custom,7786,aleatorio,1.1331399361310326,4.965068306494546e-16
6,hab_custom,7787,aleatorio,1.863298883514874,4.965068306494546e-16
6,hab_custom,7788,aleatorio,2.0014830212433605e-15,4.965068306494546e-16
6,hab_custom,7789,aleatorio,0.6256212862465439,4.965068306494546e-16
6,hab_custom,7790,aleatorio,1.6260562423738107,4.965068306494546e-16
6,hab_custom,7791,aleatorio,2.6777465637128874,4.965068306494546e-16
6,hab_custom,7792,aleatorio,1.067875166649797,4.965068306494546e-16
6,hab_custom,7793,aleatorio,1.9115528316671166,4.965068306494546e-16
6,hab_custom,7794,aleatorio,2.069575804954055,4.965068306494546e-16
6,hab_custom,7795,aleatorio,1.58391983039369,4.965068306494546e-16
6,hab_custom,7796,aleatorio,1.8313778346609577,4.965068306494546e-16
6,hab_custom,7797,aleatorio,0.9287855800249546,4.965068306494546e-16
6,hab_custom,7798,aleatorio,3.352296786397732e-12,4.965068306494546e-16
6,hab_custom,7799,aleatorio,1.0411652267837281,4.965068306494546e-16
6,hab_custom,7800,aleatorio,2.5406337485569077e-13,4.965068306494546e-16
6,hab_custom,7801,aleatorio,0.7927953980533728,4.965068306494546e-16
6,hab_custom,7802,aleatorio,2.1164845118172493,4.965068306494546e-16
6,hab_custom,7803,aleatorio,0.0684097564837362,4.965068306494546e-16
6,hab_custom,7804,aleatorio,0.9574849599254365,4.965068306494546e-16
6,hab_custom,7805,aleatorio,0.5789009704868228,4.965068306494546e-16
6,hab_custom,7806,aleatorio,1.5122097238068668,4.965068306494546e-16
6,hab_custom,7807,aleatorio,4.5636253910225095,4.965068306494546e-16
6,hab_custom,7808,aleatorio,6.280369834735101e-16,4.965068306494546e-16
6,hab_custom,7809,aleatorio,1.8624536559611793,4.965068306494546e-16
6,hab_custom,7810,aleatorio,2.5510982866352577e-15,4.965068306494546e-16
6,hab_custom,7811,aleatorio,2.418546675367616,4.965068306494546e-16
6,hab_custom,7812,aleatorio,0.9655890981886297,4.965068306494546e-16
6,hab_custom,7813,aleatorio,0.29676317959220305,4.965068306494546e-16
6,hab_custom,7814,aleatorio,2.828749835955313,4.965068306494546e-16
6,hab_custom,7815,aleatorio,0.4103558320569724,4.965068306494546e-16
6,hab_custom,7816,aleatorio,2.0622181254994554,4.965068306494546e-16
6,hab_custom,7817,aleatorio,1.6939718963278603,4.965068306494546e-16
6,hab_custom,7818,aleatorio,0.9595924397650962,4.965068306494546e-16
6,hab_custom,7819,aleatorio,1.8122803816032793,4.965068306494546e-16
6,hab_custom,7820,aleatorio,1.0703809190361193,4.965068306494546e-16
6,hab_custom,7821,aleatorio,0.23905892069534004,4.965068306494546e-16
6,hab_custom,7822,aleatorio,3.352623343928296,4.965068306494546e-16
6,hab_custom,7823,aleatorio,1.137640067256873e-15,4.965068306494546e-16
6,hab_custom,7824,aleatorio,0.5732769496039286,4.965068306494546e-16
6,hab_custom,7825,aleatorio,1.2726965786298472,4.965068306494546e-16
6,hab_custom,7826,aleatorio,0.21308659785001982,4.965068306494546e-16
6,hab_custom,7827,aleatorio,8.98186486758217,4.965068306494546e-16
6,hab_custom,7828,aleatorio,3.551842928812864e-11,4.965068306494546e-16
6,hab_custom,7829,aleatorio,2.5700269282050763,4.965068306494546e-16
6,hab_custom,7830,aleatorio,7.538273944190072e-12,4.965068306494546e-16
6,hab_custom,7831,aleatorio,0.005546800625901323,4.965068306494546e-16
6,hab_custom,7832,aleatorio,0.007925716438797135,4.965068306494546e-16
6,hab_custom,7833,aleatorio,3.1068705344139436,4.965068306494546e-16
6,hab_custom,7834,aleatorio,1.7677037798210367e-13,4.965068306494546e-16
6,hab_custom,7835,aleatorio,0.5701430434458439,4.965068306494546e-16
6,hab_custom,7836,aleatorio,0.025000269706778353,4.965068306494546e-16
6,hab_custom,7837,aleatorio,0.3619615684567207,4.965068306494546e-16
6,hab_custom,7838,aleatorio,1.0389658687794692,4.965068306494546e-16
6,hab_custom,7839,aleatorio,3.4755478145461824e-15,4.965068306494546e-16
6,hab_custom,7840,aleatorio,9.930136612989092e-16,4.965068306494546e-16
6,hab_custom,7841,aleatorio,0.0018276774308818495,4.965068306494546e-16
6,hab_custom,7842,aleatorio,8.039854636360641e-14,4.965068306494546e-16
6,hab_custom,7843,aleatorio,2.062709606060113,4.965068306494546e-16
6,hab_custom,7844,aleatorio,1.1102230246251565e-15,4.965068306494546e-16
6,hab_custom,7845,aleatorio,2.5580121861221525,4.965068306494546e-16
6,hab_custom,7846,aleatorio,1.8460574341727594,4.965068306494546e-16
6,hab_custom,7847,aleatorio,1.0734341035049849e-14,4.965068306494546e-16
6,hab_custom,7848,aleatorio,1.1156252937452196,4.965068306494546e-16
6,hab_custom,7849,aleatorio,4.213075625343214e-11,4.965068306494546e-16
6,hab_custom,7850,aleatorio,0.46880228953855235,4.965068306494546e-16
6,hab_custom,7851,aleatorio,5.978733960281817e-15,4.965068306494546e-16
6,hab_custom,7852,aleatorio,4.403450980300556e-11,4.965068306494546e-16
6,hab_custom,7853,aleatorio,0.48189963423074705,4.965068306494546e-16
6,hab_custom,7854,aleatorio,1.2161883888976235e-15,4.965068306494546e-16
6,hab_custom,7855,aleatorio,7.495493017721458e-11,4.965068306494546e-16
6,hab_custom,7856,aleatorio,0.8255339172267687,4.965068306494546e-16
6,hab_custom,7857,aleatorio,4.04648497872246e-14,4.965068306494546e-16
6,hab_custom,7858,aleatorio,1.2994827337208943e-15,4.965068306494546e-16
6,hab_custom,7859,aleatorio,1.7383412510385406e-14,4.965068306494546e-16
6,hab_custom,7860,aleatorio,2.377118945397829e-13,4.965068306494546e-16
6,hab_custom,7861,aleatorio,0.5769563250738035,4.965068306494546e-16
6,hab_custom,7862,aleatorio,0.7199582050042015,4.965068306494546e-16
6,hab_custom,7863,aleatorio,1.5325033636614773,4.965068306494546e-16
6,hab_custom,7864,aleatorio,0.1440924595486398,4.965068306494546e-16
6,hab_custom,7865,aleatorio,6.773488779621182e-14,4.965068306494546e-16
6,hab_custom,7866,aleatorio,1.3681866209256137,4.965068306494546e-16
6,hab_custom,7867,aleatorio,3.4844027277880974e-15,4.965068306494546e-16
6,hab_custom,7868,aleatorio,0.14343856383772943,4.965068306494546e-16
6,hab_custom,7869,aleatorio,3.750648222954759e-14,4.965068306494546e-16
6,hab_custom,7870,aleatorio,1.4525909658804135,4.965068306494546e-16
6,hab_custom,7871,aleatorio,1.1912104559407427e-13,4.965068306494546e-16
6,hab_custom,7872,aleatorio,4.051857344437395e-12,4.965068306494546e-16
6,hab_custom,7873,aleatorio,0.3610564253186298,4.965068306494546e-16
6,hab_custom,7874,aleatorio,8.005932084973442e-16,4.965068306494546e-16
6,hab_custom,7875,aleatorio,2.11319440535846,4.965068306494546e-16
6,hab_custom,7876,aleatorio,0.8210476717684149,4.965068306494546e-16
6,hab_custom,7877,aleatorio,6.2803698347351005e-15,4.965068306494546e-16
6,hab_custom,7878,aleatorio,0.38364396962226194,4.965068306494546e-16
6,hab_custom,7879,aleatorio,2.319101769492324e-13,4.965068306494546e-16
6,hab_custom,7880,aleatorio,2.7462444233793724,4.965068306494546e-16
6,hab_custom,7881,aleatorio,1.0947502519028795e-11,4.965068306494546e-16
6,hab_custom,7882,aleatorio,2.92719035205968,4.965068306494546e-16
6,hab_custom,7883,aleatorio,0.6413177572539248,4.965068306494546e-16
6,hab_custom,7884,aleatorio,0.538249470443798,4.965068306494546e-16
6,hab_custom,7885,aleatorio,1.472877282518059e-15,4.965068306494546e-16
6,hab_custom,7886,aleatorio,0.12391999962661078,4.965068306494546e-16
6,hab_custom,7887,aleatorio,2.988135981619327e-12,4.965068306494546e-16
6,hab_custom,7888,aleatorio,0.33768565618344676,4.965068306494546e-16
6,hab_custom,7889,aleatorio,8.12284719709956e-13,4.965068306494546e-16
6,hab_custom,7890,aleatorio,1.4737844130337132,4.965068306494546e-16
6,hab_custom,7891,aleatorio,1.824973994047093,4.965068306494546e-16
6,hab_custom,7892,aleatorio,1.803317815538016e-11,4.965068306494546e-16
6,hab_custom,7893,aleatorio,0.566942375855791,4.965068306494546e-16
6,hab_custom,7894,aleatorio,0.4085871941633954,4.965068306494546e-16
6,hab_custom,7895,aleatorio,0.3391329185149769,4.965068306494546e-16
6,hab_custom,7896,aleatorio,3.3798071619688224,4.965068306494546e-16
6,hab_custom,7897,aleatorio,4.965068306494546e-16,4.965068306494546e-16
6,hab_custom,7898,aleatorio,1.863507752748056,4.965068306494546e-16
6,hab_custom,7899,aleatorio,1.5595354134034092,4.965068306494546e-16
6,hab_custom,7900,aleatorio,2.240925783266434,4.965068306494546e-16
6,hab_custom,7901,aleatorio,0.5708895927810539,4.965068306494546e-16
6,hab_custom,7902,aleatorio,0.40151013952243264,4.965068306494546e-16
6,hab_custom,7903,aleatorio,0.037637927543477036,4.965068306494546e-16
6,hab_custom,7904,aleatorio,3.6097439785447786e-13,4.965068306494546e-16
6,hab_custom,7905,aleatorio,1.4975611175858947e-05,4.965068306494546e-16
6,hab_custom,7906,aleatorio,3.218591891766697,4.965068306494546e-16
6,hab_custom,7907,aleatorio,1.4146874974116008,4.965068306494546e-16
6,hab_custom,7908,aleatorio,1.2025747892260714,4.965068306494546e-16
6,hab_custom,7909,aleatorio,0.8123072860088099,4.965068306494546e-16
6,hab_custom,7910,aleatorio,5.438959822042073e-16,4.965068306494546e-16
6,hab_custom,7911,aleatorio,0.7967821429543037,4.965068306494546e-16
6,hab_custom,7912,aleatorio,5.791311520930907e-13,4.965068306494546e-16
6,hab_custom,7913,aleatorio,2.5711201836694326,4.965068306494546e-16
6,hab_custom,7914,aleatorio,0.22312425992508136,4.965068306494546e-16
6,hab_custom,7915,aleatorio,0.3326506898497514,4.965068306494546e-16
6,hab_custom,7916,aleatorio,1.30822131277083,4.965068306494546e-16
6,hab_custom,7917,aleatorio,0.12139922867004065,4.965068306494546e-16
6,hab_custom,7918,aleatorio,0.8800832878581879,4.965068306494546e-16
6,hab_custom,7919,aleatorio,8.251050266636062e-12,4.965068306494546e-16
6,hab_custom,7920,aleatorio,3.2362004971072036,4.965068306494546e-16
6,hab_custom,7921,aleatorio,2.8649222393650122e-11,4.965068306494546e-16
6,hab_custom,7922,aleatorio,6.92266567098083e-15,4.965068306494546e-16
6,hab_custom,7923,aleatorio,1.0593180059249863e-14,4.965068306494546e-16
6,hab_custom,7924,aleatorio,2.3914935841127266e-15,4.965068306494546e-16
6,hab_custom,7925,aleatorio,2.017648677102698,4.965068306494546e-16
6,hab_custom,7926,aleatorio,2.1193413640391888e-11,4.965068306494546e-16
6,hab_custom,7927,aleatorio,1.3362013067020444,4.965068306494546e-16
6,hab_custom,7928,aleatorio,5.23691153334427e-16,4.965068306494546e-16
6,hab_custom,7929,aleatorio,5.54119280556055,4.965068306494546e-16
6,hab_custom,7930,aleatorio,0.45769196800378825,4.965068306494546e-16
6,hab_custom,7931,aleatorio,1.005837212033824,4.965068306494546e-16
6,hab_custom,7932,aleatorio,0.28678589855792247,4.965068306494546e-16
6,hab_custom,7933,aleatorio,2.5398448264996576,4.965068306494546e-16
6,hab_custom,7934,aleatorio,0.015032657383493402,4.965068306494546e-16
6,hab_custom,7935,aleatorio,1.1016005959240942,4.965068306494546e-16
6,hab_custom,7936,aleatorio,0.9233218181016795,4.965068306494546e-16
6,hab_custom,7937,aleatorio,1.5109690807446041,4.965068306494546e-16
6,hab_custom,7938,aleatorio,1.1745084778152248,4.965068306494546e-16
6,hab_custom,7939,aleatorio,0.0009922546486342075,4.965068306494546e-16
6,hab_custom,7940,aleatorio,1.6010973174972447,4.965068306494546e-16
6,hab_custom,7941,aleatorio,0.5796905523795334,4.965068306494546e-16
6,hab_custom,7942,aleatorio,0.006651286719794355,4.965068306494546e-16
6,hab_custom,7943,aleatorio,0.23068948254865534,4.965068306494546e-16
6,hab_custom,7944,aleatorio,0.20352191645966028,4.965068306494546e-16
6,hab_custom,7945,aleatorio,3.0146849469616557,4.965068306494546e-16
6,hab_custom,7946,aleatorio,2.833684327641731,4.965068306494546e-16
6,hab_custom,7947,aleatorio,4.5609496895578756e-14,4.965068306494546e-16
6,hab_custom,7948,aleatorio,0.1846863562932239,4.965068306494546e-16
6,hab_custom,7949,aleatorio,1.6629929444808753,4.965068306494546e-16
6,hab_custom,7950,aleatorio,0.030422701799707477,4.965068306494546e-16
6,hab_custom,7951,aleatorio,14.54766502570289,4.965068306494546e-16
6,hab_custom,7952,aleatorio,2.535682458083741,4.965068306494546e-16
6,hab_custom,7953,aleatorio,1.1909004530786007,4.965068306494546e-16
6,hab_custom,7954,aleatorio,1.4000717911373086e-13,4.965068306494546e-16
6,hab_custom,7955,aleatorio,1.4844984321986737e-12,4.965068306494546e-16
6,hab_custom,7956,aleatorio,6.54070914210693,4.965068306494546e-16
6,hab_custom,7957,aleatorio,7.702641733344722e-13,4.965068306494546e-16
6,hab_custom,7958,aleatorio,2.3670131835436874,4.965068306494546e-16
6,hab_custom,7959,aleatorio,0.16276992518567251,4.965068306494546e-16
6,hab_custom,7960,aleatorio,0.026446754854083845,4.965068306494546e-16
6,hab_custom,7961,aleatorio,0.05544093057278613,4.965068306494546e-16
6,hab_custom,7962,aleatorio,1.666845002345052,4.965068306494546e-16
6,hab_custom,7963,aleatorio,1.009171132541807,4.965068306494546e-16
6,hab_custom,7964,aleatorio,4.5453566535243746e-14,4.965068306494546e-16
6,hab_custom,7965,aleatorio,0.9029176831268623,4.965068306494546e-16
6,hab_custom,7966,aleatorio,0.14120292260788317,4.965068306494546e-16
6,hab_custom,7967,aleatorio,0.43384758336798934,4.965068306494546e-16
6,hab_custom,7968,aleatorio,4.241212400516024,4.965068306494546e-16
6,hab_custom,7969,aleatorio,1.5431096919816427,4.965068306494546e-16
6,hab_custom,7970,aleatorio,1.7370593395602898,4.965068306494546e-16
6,hab_custom,7971,aleatorio,1.4217791915866692e-15,4.965068306494546e-16
6,hab_custom,7972,aleatorio,0.2888952732828055,4.965068306494546e-16
6,hab_custom,7973,aleatorio,1.6287045090057413,4.965068306494546e-16
6,hab_custom,7974,aleatorio,0.22139744684390725,4.965068306494546e-16
6,hab_custom,7975,aleatorio,0.3321452495317232,4.965068306494546e-16
6,hab_custom,7976,aleatorio,2.264433298595688,4.965068306494546e-16
6,hab_custom,7977,aleatorio,0.7917053794966826,4.965068306494546e-16
6,hab_custom,7978,aleatorio,7.995297419089177,4.965068306494546e-16
6,hab_custom,7979,aleatorio,2.0805946787878467e-14,4.965068306494546e-16
6,hab_custom,7980,aleatorio,3.814010488514757,4.965068306494546e-16
6,hab_custom,7981,aleatorio,1.5423331655476806,4.965068306494546e-16
6,hab_custom,7982,aleatorio,9.550499576785472e-16,4.965068306494546e-16
6,hab_custom,7983,aleatorio,0.7148989604302617,4.965068306494546e-16
6,hab_custom,7984,aleatorio,0.1581530268033951,4.965068306494546e-16
6,hab_custom,7985,aleatorio,1.2501947505295612e-11,4.965068306494546e-16
6,hab_custom,7986,aleatorio,2.499532771994372,4.965068306494546e-16
6,hab_custom,7987,aleatorio,4.450640786183044,4.965068306494546e-16
6,hab_custom,7988,aleatorio,0.8141399501239246,4.965068306494546e-16
6,hab_custom,7989,aleatorio,0.4263378906194152,4.965068306494546e-16
6,hab_custom,7990,aleatorio,0.18751089006666774,4.965068306494546e-16
6,hab_custom,7991,aleatorio,1.2560739669470201e-15,4.965068306494546e-16
6,hab_custom,7992,aleatorio,8.98791163159454,4.965068306494546e-16
6,hab_custom,7993,aleatorio,1.611705517235024,4.965068306494546e-16
6,hab_custom,7994,aleatorio,0.5445486624992898,4.965068306494546e-16
6,hab_custom,7995,aleatorio,0.39411146303612793,4.965068306494546e-16
6,hab_custom,7996,aleatorio,9.594154846176235e-12,4.965068306494546e-16
6,hab_custom,7997,aleatorio,9.347259536502809e-13,4.965068306494546e-16
6,hab_custom,7998,aleatorio,0.2695480144882366,4.965068306494546e-16
6,hab_custom,7999,aleatorio,3.1185214200286946e-15,4.965068306494546e-16
6,hab_custom,8000,aleatorio,4.728134396004249e-12,4.965068306494546e-16
6,hab_custom,8001,aleatorio,2.749662015641931e-11,4.965068306494546e-16
6,hab_custom,8002,aleatorio,0.9725384764819708,4.965068306494546e-16
6,hab_custom,8003,aleatorio,2.4961974508806157e-12,4.965068306494546e-16
6,hab_custom,8004,aleatorio,1.9815052750073275e-11,4.965068306494546e-16
6,hab_custom,8005,aleatorio,4.4383418778593386e-13,4.965068306494546e-16
6,hab_custom,8006,aleatorio,0.17801571621573872,4.965068306494546e-16
6,hab_custom,8007,aleatorio,0.5196660641400335,4.965068306494546e-16
6,hab_custom,8008,aleatorio,0.8386083384080394,4.965068306494546e-16
6,hab_custom,8009,aleatorio,3.4829922503070594,4.965068306494546e-16
6,hab_custom,8010,aleatorio,0.9205166074729898,4.965068306494546e-16
6,hab_custom,8011,aleatorio,1.1957467920563633e-15,4.965068306494546e-16
6,hab_custom,8012,aleatorio,1.9318136375205728,4.965068306494546e-16
6,hab_custom,8013,aleatorio,1.957427410802695e-14,4.965068306494546e-16
6,hab_custom,8014,aleatorio,0.07563076009075514,4.965068306494546e-16
6,hab_custom,8015,aleatorio,0.7111904123972567,4.965068306494546e-16
6,hab_custom,8016,aleatorio,0.013469886078773375,4.965068306494546e-16
6,hab_custom,8017,aleatorio,0.28868793040829155,4.965068306494546e-16
6,hab_custom,8018,aleatorio,3.3722242380880756,4.965068306494546e-16
6,hab_custom,8019,aleatorio,2.331963141472503e-13,4.965068306494546e-16
6,hab_custom,8020,aleatorio,8.308148362110449e-16,4.965068306494546e-16
6,hab_custom,8021,aleatorio,1.2776370482373327,4.965068306494546e-16
6,hab_custom,8022,aleatorio,1.107443988915824e-14,4.965068306494546e-16
6,hab_custom,8023,aleatorio,0.2994076814868735,4.965068306494546e-16
6,hab_custom,8024,aleatorio,0.7791788954664652,4.965068306494546e-16
6,hab_custom,8025,aleatorio,1.16392330845105,4.965068306494546e-16
6,hab_custom,8026,aleatorio,1.1657341758564144e-15,4.965068306494546e-16
6,hab_custom,8027,aleatorio,0.42120201850196926,4.965068306494546e-16
6,hab_custom,8028,aleatorio,4.996598284888048e-13,4.965068306494546e-16
6,hab_custom,8029,aleatorio,7.850462293418876e-16,4.965068306494546e-16
6,hab_custom,8030,aleatorio,0.05226222597565295,4.965068306494546e-16
6,hab_custom,8031,aleatorio,1.2755491433176288e-15,4.965068306494546e-16
6,hab_custom,8032,aleatorio,4.0150183808036766e-14,4.965068306494546e-16
6,hab_custom,8033,aleatorio,1.0990647210786425e-15,4.965068306494546e-16
6,hab_custom,8034,aleatorio,0.4947894504107449,4.965068306494546e-16
6,hab_custom,8035,aleatorio,1.969804620541816,4.965068306494546e-16
6,hab_custom,8036,aleatorio,0.27081171929167586,4.965068306494546e-16
6,hab_custom,8037,aleatorio,0.38424891677040657,4.965068306494546e-16
6,hab_custom,8038,aleatorio,0.11131204398943857,4.965068306494546e-16
6,hab_custom,8039,aleatorio,0.5969494459677762,4.965068306494546e-16
6,hab_custom,8040,aleatorio,0.9097327837158684,4.965068306494546e-16
6,hab_custom,8041,aleatorio,7.557773417671119e-14,4.965068306494546e-16
6,hab_custom,8042,aleatorio,0.12703074466828412,4.965068306494546e-16
6,hab_custom,8043,aleatorio,0.10251623002922099,4.965068306494546e-16
6,hab_custom,8044,aleatorio,4.032384435781382e-13,4.965068306494546e-16
6,hab_custom,8045,aleatorio,0.09636136698236027,4.965068306494546e-16
6,hab_custom,8046,aleatorio,5.317905247491768,4.965068306494546e-16
6,hab_custom,8047,aleatorio,0.002924476974635678,4.965068306494546e-16
6,hab_custom,8048,aleatorio,1.5755039638127215,4.965068306494546e-16
6,hab_custom,8049,aleatorio,1.5831455306261495,4.965068306494546e-16
6,hab_custom,8050,aleatorio,0.7852264561599666,4.965068306494546e-16
6,hab_custom,8051,aleatorio,9.155133597044475e-16,4.965068306494546e-16
6,hab_custom,8052,aleatorio,1.1833857255625309,4.965068306494546e-16
6,hab_custom,8053,aleatorio,4.490574227168739e-15,4.965068306494546e-16
6,hab_custom,8054,aleatorio,8.578489212875286e-12,4.965068306494546e-16
6,hab_custom,8055,aleatorio,0.12629693545656706,4.965068306494546e-16
6,hab_custom,8056,aleatorio,1.999212359396511e-13,4.965068306494546e-16
6,hab_custom,8057,aleatorio,0.020159942954432398,4.965068306494546e-16
6,hab_custom,8058,aleatorio,1.513272827729111,4.965068306494546e-16
6,hab_custom,8059,aleatorio,0.11745040183858489,4.965068306494546e-16
6,hab_custom,8060,aleatorio,0.7111392594803567,4.965068306494546e-16
6,hab_custom,8061,aleatorio,2.067878397950717,4.965068306494546e-16
6,hab_custom,8062,aleatorio,9.198115681211752e-15,4.965068306494546e-16
6,hab_custom,8063,aleatorio,0.1825458971209794,4.965068306494546e-16
6,hab_custom,8064,aleatorio,1.3911054626160788e-15,4.965068306494546e-16
6,hab_custom,8065,aleatorio,2.152695976616623e-11,4.965068306494546e-16
6,hab_custom,8066,aleatorio,0.9485795817195339,4.965068306494546e-16
6,hab_custom,8067,aleatorio,0.04898330119278857,4.965068306494546e-16
6,hab_custom,8068,aleatorio,2.0969688048991584,4.965068306494546e-16
6,hab_custom,8069,aleatorio,0.9737983637441882,4.965068306494546e-16
6,hab_custom,8070,aleatorio,0.0038705522116167174,4.965068306494546e-16
6,hab_custom,8071,aleatorio,0.1801317336222848,4.965068306494546e-16
6,hab_custom,8072,aleatorio,8.073218242546795e-13,4.965068306494546e-16
6,hab_custom,8073,aleatorio,1.9725202854675263,4.965068306494546e-16
6,hab_custom,8074,aleatorio,0.6049955281347321,4.965068306494546e-16
6,hab_custom,8075,aleatorio,1.104465471035269,4.965068306494546e-16
6,hab_custom,8076,aleatorio,0.4878266027005234,4.965068306494546e-16
6,hab_custom,8077,aleatorio,0.22986163688434805,4.965068306494546e-16
6,hab_custom,8078,aleatorio,7.972209048180811e-13,4.965068306494546e-16
6,hab_custom,8079,aleatorio,0.786629038890577,4.965068306494546e-16
6,hab_custom,8080,aleatorio,1.4256595798139182,4.965068306494546e-16
6,hab_custom,8081,aleatorio,2.421773893317063,4.965068306494546e-16
6,hab_custom,8082,aleatorio,2.3874973167633427e-12,4.965068306494546e-16
6,hab_custom,8083,aleatorio,3.944893156630224e-13,4.965068306494546e-16
6,hab_custom,8084,aleatorio,9.279220661078308e-13,4.965068306494546e-16
6,hab_custom,8085,aleatorio,1.4822016600950264e-10,4.965068306494546e-16
6,hab_custom,8086,aleatorio,0.34151845951477405,4.965068306494546e-16
6,hab_custom,8087,aleatorio,2.059400874210516,4.965068306494546e-16
6,hab_custom,8088,aleatorio,0.3846955494171448,4.965068306494546e-16
6,hab_custom,8089,aleatorio,1.1618015982232202,4.965068306494546e-16
6,hab_custom,8090,aleatorio,0.18252829499660986,4.965068306494546e-16
6,hab_custom,8091,aleatorio,2.451274505005066,4.965068306494546e-16
6,hab_custom,8092,aleatorio,0.47539743017737335,4.965068306494546e-16
6,hab_custom,8093,aleatorio,0.6999407396755586,4.965068306494546e-16
6,hab_custom,8094,aleatorio,1.32212169519335,4.965068306494546e-16
6,hab_custom,8095,aleatorio,1.099288796557648,4.965068306494546e-16
6,hab_custom,8096,aleatorio,1.9787772841749147,4.965068306494546e-16
6,hab_custom,8097,aleatorio,9.880989482304216e-12,4.965068306494546e-16
6,hab_custom,8098,aleatorio,0.21572336520583918,4.965068306494546e-16
6,hab_custom,8099,aleatorio,0.954942357790552,4.965068306494546e-16
6,hab_custom,8100,aleatorio,8.308148362110449e-16,4.965068306494546e-16
6,hab_custom,8101,aleatorio,5.889667745707812e-14,4.965068306494546e-16
6,hab_custom,8102,aleatorio,3.6919629692470814,4.965068306494546e-16
6,hab_custom,8103,aleatorio,1.2633460771153149e-11,4.965068306494546e-16
6,hab_custom,8104,aleatorio,0.028824557448873377,4.965068306494546e-16
6,hab_custom,8105,aleatorio,1.1492567965357625,4.965068306494546e-16
6,hab_custom,8106,aleatorio,0.2812850443192114,4.965068306494546e-16
6,hab_custom,8107,aleatorio,1.0336874752452614e-10,4.965068306494546e-16
6,hab_custom,8108,aleatorio,0.7961853957255713,4.965068306494546e-16
6,hab_custom,8109,aleatorio,2.0186721129019882,4.965068306494546e-16
6,hab_custom,8110,aleatorio,8.590502992310205,4.965068306494546e-16
6,hab_custom,8111,aleatorio,4.152580727070294e-11,4.965068306494546e-16
6,hab_custom,8112,aleatorio,6.183552070342737,4.965068306494546e-16
6,hab_custom,8113,aleatorio,1.398516545378187,4.965068306494546e-16
6,hab_custom,8114,aleatorio,0.25324106354743814,4.965068306494546e-16
6,hab_custom,8115,aleatorio,0.2549742609200741,4.965068306494546e-16
6,hab_custom,8116,aleatorio,1.8454402511148518,4.965068306494546e-16
6,hab_custom,8117,aleatorio,0.5935453508189998,4.965068306494546e-16
6,hab_custom,8118,aleatorio,1.3310783505577496e-13,4.965068306494546e-16
6,hab_custom,8119,aleatorio,0.8106452262024917,4.965068306494546e-16
6,hab_custom,8120,aleatorio,0.2532265660897339,4.965068306494546e-16
6,hab_custom,8121,aleatorio,5.6541207293572417e-14,4.965068306494546e-16
6,hab_custom,8122,aleatorio,2.239941595687619,4.965068306494546e-16
6,hab_custom,8123,aleatorio,1.408698171605012,4.965068306494546e-16
6,hab_custom,8124,aleatorio,3.5839307884677517e-13,4.965068306494546e-16
6,hab_custom,8125,aleatorio,0.7651024313246086,4.965068306494546e-16
6,hab_custom,8126,aleatorio,1.0759499582708985,4.965068306494546e-16
6,hab_custom,8127,aleatorio,0.3364812388966702,4.965068306494546e-16
6,hab_custom,8128,aleatorio,2.5219419200973697e-15,4.965068306494546e-16
6,hab_custom,8129,aleatorio,6.5260085320642e-11,4.965068306494546e-16
6,hab_custom,8130,aleatorio,6.633041374400181e-14,4.965068306494546e-16
6,hab_custom,8131,aleatorio,2.1919561287836755,4.965068306494546e-16
6,hab_custom,8132,aleatorio,1.2560739669470201e-15,4.965068306494546e-16
6,hab_custom,8133,aleatorio,2.0471501066083613e-15,4.965068306494546e-16
6,hab_custom,8134,aleatorio,1.1792335546360477e-12,4.965068306494546e-16
6,hab_custom,8135,aleatorio,9.350156996832126e-13,4.965068306494546e-16
6,hab_custom,8136,aleatorio,3.9258716921683357e-13,4.965068306494546e-16
6,hab_custom,8137,aleatorio,9.930136612989092e-16,4.965068306494546e-16
6,hab_custom,8138,aleatorio,1.2236976854906323,4.965068306494546e-16
6,hab_custom,8139,aleatorio,6.661338147750939e-16,4.965068306494546e-16
6,hab_custom,8140,aleatorio,1.0087623987326442e-12,4.965068306494546e-16
6,hab_custom,8141,aleatorio,4.027524346742929e-15,4.965068306494546e-16
6,hab_custom,8142,aleatorio,2.2004735418545596,4.965068306494546e-16
6,hab_custom,8143,aleatorio,0.35507103421559083,4.965068306494546e-16
6,hab_custom,8144,aleatorio,1.2849552701631424,4.965068306494546e-16
6,hab_custom,8145,aleatorio,0.6247892889188158,4.965068306494546e-16
6,hab_custom,8146,aleatorio,1.208386296956046,4.965068306494546e-16
6,hab_custom,8147,aleatorio,2.9683091488707283,4.965068306494546e-16
6,hab_custom,8148,aleatorio,1.6495514578794743,4.965068306494546e-16
6,hab_custom,8149,aleatorio,1.059572609951075,4.965068306494546e-16
6,hab_custom,8150,aleatorio,0.7296930126015911,4.965068306494546e-16
6,hab_custom,8151,aleatorio,2.3785208300911305,4.965068306494546e-16
6,hab_custom,8152,aleatorio,4.581089954649977,4.965068306494546e-16
6,hab_custom,8153,aleatorio,3.242165961113506,4.965068306494546e-16
6,hab_custom,8154,aleatorio,18.20114579225036,4.965068306494546e-16
6,hab_custom,8155,aleatorio,7.199898348346266e-13,4.965068306494546e-16
6,hab_custom,8156,aleatorio,0.018503632588546454,4.965068306494546e-16
6,hab_custom,8157,aleatorio,0.020362872959941335,4.965068306494546e-16
6,hab_custom,8158,aleatorio,0.5352722234048986,4.965068306494546e-16
6,hab_custom,8159,aleatorio,1.384155268576453,4.965068306494546e-16
6,hab_custom,8160,aleatorio,0.02163452437844141,4.965068306494546e-16
6,hab_custom,8161,aleatorio,2.3107692002902573,4.965068306494546e-16
6,hab_custom,8162,aleatorio,3.695521126644182e-12,4.965068306494546e-16
6,hab_custom,8163,aleatorio,1.6800954512391209,4.965068306494546e-16
6,hab_custom,8164,aleatorio,8.094736496015192e-15,4.965068306494546e-16
6,hab_custom,8165,aleatorio,3.6174180316712734e-11,4.965068306494546e-16
6,hab_custom,8166,aleatorio,0.5830513906868201,4.965068306494546e-16
6,hab_custom,8167,aleatorio,1.261603652619605,4.965068306494546e-16
6,hab_custom,8168,aleatorio,1.690920329238366e-13,4.965068306494546e-16
6,hab_custom,8169,aleatorio,0.5867098477931341,4.965068306494546e-16
6,hab_custom,8170,aleatorio,7.691850745534255e-16,4.965068306494546e-16
6,hab_custom,8171,aleatorio,1.4568901376254438e-14,4.965068306494546e-16
6,hab_custom,8172,aleatorio,4.219081218264485e-14,4.965068306494546e-16
6,hab_custom,8173,aleatorio,9.060399436534878e-15,4.965068306494546e-16
6,hab_custom,8174,aleatorio,7.977336790072536e-14,4.965068306494546e-16
6,hab_custom,8175,aleatorio,0.061356376565583674,4.965068306494546e-16
6,hab_custom,8176,aleatorio,2.7194799110210367e-15,4.965068306494546e-16
6,hab_custom,8177,aleatorio,0.08888301952434943,4.965068306494546e-16
6,hab_custom,8178,aleatorio,6.6547474338231e-11,4.965068306494546e-16
6,hab_custom,8179,aleatorio,2.3810374188424777,4.965068306494546e-16
6,hab_custom,8180,aleatorio,0.7942909960976495,4.965068306494546e-16
6,hab_custom,8181,aleatorio,0.8880332125093905,4.965068306494546e-16
6,hab_custom,8182,aleatorio,1.2530791410572741,4.965068306494546e-16
6,hab_custom,8183,aleatorio,4.7207330545682824e-15,4.965068306494546e-16
6,hab_custom,8184,aleatorio,9.576276950461626e-15,4.965068306494546e-16
6,hab_custom,8185,aleatorio,0.00827777957839796,4.965068306494546e-16
6,hab_custom,8186,aleatorio,0.8022849731412379,4.965068306494546e-16
6,hab_custom,8187,aleatorio,1.68078322167507e-12,4.965068306494546e-16
6,hab_custom,8188,aleatorio,8.005932084973442e-16,4.965068306494546e-16
6,hab_custom,8189,aleatorio,2.0599352424961785,4.965068306494546e-16
6,hab_custom,8190,aleatorio,0.4436877757025821,4.965068306494546e-16
6,hab_custom,8191,aleatorio,1.7274844752994045,4.965068306494546e-16
6,hab_custom,8192,aleatorio,9.155133597044475e-16,4.965068306494546e-16
6,hab_custom,8193,aleatorio,1.500896706129956e-14,4.965068306494546e-16
6,hab_custom,8194,aleatorio,0.7368871713856406,4.965068306494546e-16
6,hab_custom,8195,aleatorio,0.932741524646146,4.965068306494546e-16
6,hab_custom,8196,aleatorio,0.5951634783158886,4.965068306494546e-16
6,hab_custom,8197,aleatorio,2.3983786045542,4.965068306494546e-16
6,hab_custom,8198,aleatorio,1.8737291938038458,4.965068306494546e-16
6,hab_custom,8199,aleatorio,0.024382953548614857,4.965068306494546e-16
6,hab_custom,8200,aleatorio,2.321614122743606e-14,4.965068306494546e-16
6,hab_custom,8201,aleatorio,0.01741784942030895,4.965068306494546e-16
6,hab_custom,8202,aleatorio,0.2144310801872347,4.965068306494546e-16
6,hab_custom,8203,aleatorio,0.8283342419037797,4.965068306494546e-16
6,hab_custom,8204,aleatorio,0.21486995346507204,4.965068306494546e-16
6,hab_custom,8205,aleatorio,3.808521342648499e-12,4.965068306494546e-16
6,hab_custom,8206,aleatorio,3.798070121311801,4.965068306494546e-16
6,hab_custom,8207,aleatorio,3.3161231819030865,4.965068306494546e-16
6,hab_custom,8208,aleatorio,0.221813156475673,4.965068306494546e-16
6,hab_custom,8209,aleatorio,5.513776198020028,4.965068306494546e-16
6,hab_custom,8210,aleatorio,9.102962245152845e-14,4.965068306494546e-16
6,hab_custom,8211,aleatorio,8.881784197001252e-16,4.965068306494546e-16
6,hab_custom,8212,aleatorio,0.5256869000779073,4.965068306494546e-16
6,hab_custom,8213,aleatorio,2.909349414166377e-11,4.965068306494546e-16
6,hab_custom,8214,aleatorio,0.9126213082114232,4.965068306494546e-16
6,hab_custom,8215,aleatorio,1.5473387167024635,4.965068306494546e-16
6,hab_custom,8216,aleatorio,0.9613865949548476,4.965068306494546e-16
6,hab_custom,8217,aleatorio,1.167635869647974,4.965068306494546e-16
6,hab_custom,8218,aleatorio,7.531718959123252e-13,4.965068306494546e-16
6,hab_custom,8219,aleatorio,1.4946834900704542e-15,4.965068306494546e-16
6,hab_custom,8220,aleatorio,2.278906857621863e-14,4.965068306494546e-16
6,hab_custom,8221,aleatorio,0.6364647450528713,4.965068306494546e-16
6,hab_custom,8222,aleatorio,7.103281527586948e-13,4.965068306494546e-16
6,hab_custom,8223,aleatorio,1.2577751655855622,4.965068306494546e-16
6,hab_custom,8224,aleatorio,0.469247267944144,4.965068306494546e-16
6,hab_custom,8225,aleatorio,4.118833767691671,4.965068306494546e-16
6,hab_custom,8226,aleatorio,1.961044852356119e-15,4.965068306494546e-16
6,hab_custom,8227,aleatorio,1.0150726687424663,4.965068306494546e-16
6,hab_custom,8228,aleatorio,0.6741842177494337,4.965068306494546e-16
6,hab_custom,8229,aleatorio,2.7394198657774957,4.965068306494546e-16
6,hab_custom,8230,aleatorio,1.2658490090568385e-15,4.965068306494546e-16
6,hab_custom,8231,aleatorio,1.1043064210830567,4.965068306494546e-16
6,hab_custom,8232,aleatorio,2.1131069547689396,4.965068306494546e-16
6,hab_custom,8233,aleatorio,3.961365365263469e-14,4.965068306494546e-16
6,hab_custom,8234,aleatorio,2.7832923375026097,4.965068306494546e-16
6,hab_custom,8235,aleatorio,2.089609621416101e-15,4.965068306494546e-16
6,hab_custom,8236,aleatorio,3.428868237466569,4.965068306494546e-16
6,hab_custom,8237,aleatorio,7.959368152672022e-11,4.965068306494546e-16
6,hab_custom,8238,aleatorio,0.6739731789745157,4.965068306494546e-16
6,hab_custom,8239,aleatorio,0.17671565104402123,4.965068306494546e-16
6,hab_custom,8240,aleatorio,0.799823631346627,4.965068306494546e-16
6,hab_custom,8241,aleatorio,0.45548498816551075,4.965068306494546e-16
6,hab_custom,8242,aleatorio,0.25147716689391103,4.965068306494546e-16
6,hab_custom,8243,aleatorio,6.280369834735101e-16,4.965068306494546e-16
6,hab_custom,8244,aleatorio,0.6758436593156646,4.965068306494546e-16
6,hab_custom,8245,aleatorio,5.928349176793175e-13,4.965068306494546e-16
6,hab_custom,8246,aleatorio,2.5156781614776497e-14,4.965068306494546e-16
6,hab_custom,8247,aleatorio,3.808140749141992,4.965068306494546e-16
6,hab_custom,8248,aleatorio,0.0934467776795531,4.965068306494546e-16
6,hab_custom,8249,aleatorio,1.2462222543165673e-15,4.965068306494546e-16
6,hab_custom,8250,aleatorio,0.05899166617117941,4.965068306494546e-16
6,hab_custom,8251,aleatorio,5.475099487534308e-15,4.965068306494546e-16
6,hab_custom,8252,aleatorio,2.0887039076518477,4.965068306494546e-16
6,hab_custom,8253,aleatorio,0.12031814846294202,4.965068306494546e-16
6,hab_custom,8254,aleatorio,2.759217446919473,4.965068306494546e-16
6,hab_custom,8255,aleatorio,1.9228217509608645,4.965068306494546e-16
6,hab_custom,8256,aleatorio,0.60620122961794,4.965068306494546e-16
6,hab_custom,8257,aleatorio,1.3884147949283783,4.965068306494546e-16
6,hab_custom,8258,aleatorio,1.7445761740929449,4.965068306494546e-16
6,hab_custom,8259,aleatorio,0.9579446341490736,4.965068306494546e-16
6,hab_custom,8260,aleatorio,0.20521673355280978,4.965068306494546e-16
6,hab_custom,8261,aleatorio,1.3764052920655212,4.965068306494546e-16
6,hab_custom,8262,aleatorio,1.5514378572665166,4.965068306494546e-16
6,hab_custom,8263,aleatorio,3.0999461364665573e-11,4.965068306494546e-16
6,hab_custom,8264,aleatorio,0.014086669215546611,4.965068306494546e-16
6,hab_custom,8265,aleatorio,0.0034501761979114413,4.965068306494546e-16
6,hab_custom,8266,aleatorio,0.3406281402665065,4.965068306494546e-16
6,hab_custom,8267,aleatorio,1.8358671568380902e-14,4.965068306494546e-16
6,hab_custom,8268,aleatorio,5.361803218200273e-13,4.965068306494546e-16
6,hab_custom,8269,aleatorio,1.597545567761274,4.965068306494546e-16
6,hab_custom,8270,aleatorio,3.6261047337175083,4.965068306494546e-16
6,hab_custom,8271,aleatorio,1.8285743979304012,4.965068306494546e-16
6,hab_custom,8272,aleatorio,2.538700164658348e-13,4.965068306494546e-16
6,hab_custom,8273,aleatorio,1.1155503272708982e-12,4.965068306494546e-16
6,hab_custom,8274,aleatorio,0.7802665036643938,4.965068306494546e-16
6,hab_custom,8275,aleatorio,1.5107087942909672,4.965068306494546e-16
6,hab_custom,8276,aleatorio,0.43342653809353493,4.965068306494546e-16
6,hab_custom,8277,aleatorio,3.3161861825491983e-14,4.965068306494546e-16
6,hab_custom,8278,aleatorio,1.4616088993671097,4.965068306494546e-16
6,hab_custom,8279,aleatorio,5.483377918992896e-14,4.965068306494546e-16
6,hab_custom,8280,aleatorio,4.443493011289233e-12,4.965068306494546e-16
6,hab_custom,8281,aleatorio,1.9440788412506876e-11,4.965068306494546e-16
6,hab_custom,8282,aleatorio,1.669648873427136,4.965068306494546e-16
6,hab_custom,8283,aleatorio,7.12102275405283e-15,4.965068306494546e-16
6,hab_custom,8284,aleatorio,0.14006351414962437,4.965068306494546e-16
6,hab_custom,8285,aleatorio,1.1122173963088207,4.965068306494546e-16
6,hab_custom,8286,aleatorio,1.9726406975462893,4.965068306494546e-16
6,hab_custom,8287,aleatorio,2.228105356468638,4.965068306494546e-16
6,hab_custom,8288,aleatorio,0.20893099204024068,4.965068306494546e-16
6,hab_custom,8289,aleatorio,5.025473299168019e-14,4.965068306494546e-16
6,hab_custom,8290,aleatorio,2.9237366389259147,4.965068306494546e-16
6,hab_custom,8291,aleatorio,1.1973662744828497,4.965068306494546e-16
6,hab_custom,8292,aleatorio,0.04485629243871914,4.965068306494546e-16
6,hab_custom,8293,aleatorio,8.922353461304039e-13,4.965068306494546e-16
6,hab_custom,8294,aleatorio,6.215291465161028e-13,4.965068306494546e-16
6,hab_custom,8295,aleatorio,0.21963620030345268,4.965068306494546e-16
6,hab_custom,8296,aleatorio,5.841709874258804e-13,4.965068306494546e-16
6,hab_custom,8297,aleatorio,7.666200524186094e-14,4.965068306494546e-16
6,hab_custom,8298,aleatorio,0.1464787326173084,4.965068306494546e-16
6,hab_custom,8299,aleatorio,0.8010867541699972,4.965068306494546e-16
6,hab_custom,8300,aleatorio,0.7849560295003841,4.965068306494546e-16
6,hab_custom,8301,aleatorio,0.01329260579356793,4.965068306494546e-16
6,hab_custom,8302,aleatorio,2.3208707134311084e-15,4.965068306494546e-16
6,hab_custom,8303,aleatorio,2.0165073431796594e-13,4.965068306494546e-16
6,hab_custom,8304,aleatorio,1.025259555530695e-14,4.965068306494546e-16
6,hab_custom,8305,aleatorio,3.7314028106880753e-13,4.965068306494546e-16
6,hab_custom,8306,aleatorio,0.18682810324669433,4.965068306494546e-16
6,hab_custom,8307,aleatorio,8.881784197001252e-16,4.965068306494546e-16
6,hab_custom,8308,aleatorio,0.07177108455028627,4.965068306494546e-16
6,hab_custom,8309,aleatorio,1.2139012312175241,4.965068306494546e-16
6,hab_custom,8310,aleatorio,0.09804798686505449,4.965068306494546e-16
6,hab_custom,8311,aleatorio,0.0992135949178548,4.965068306494546e-16
6,hab_custom,8312,aleatorio,3.643526166949344,4.965068306494546e-16
6,hab_custom,8313,aleatorio,2.127145767026068,4.965068306494546e-16
6,hab_custom,8314,aleatorio,6.179343428507773e-12,4.965068306494546e-16
6,hab_custom,8315,aleatorio,3.4020852577170116e-11,4.965068306494546e-16
6,hab_custom,8316,aleatorio,0.37275276157823134,4.965068306494546e-16
6,hab_custom,8317,aleatorio,0.16939733835884702,4.965068306494546e-16
6,hab_custom,8318,aleatorio,5.638890867500019,4.965068306494546e-16
6,hab_custom,8319,aleatorio,3.505316909196754,4.965068306494546e-16
6,hab_custom,8320,aleatorio,3.09461434111217,4.965068306494546e-16
6,hab_custom,8321,aleatorio,5.543077061997352e-13,4.965068306494546e-16
6,hab_custom,8322,aleatorio,1.1630620720487057,4.965068306494546e-16
6,hab_custom,8323,aleatorio,2.0155098380502388,4.965068306494546e-16
6,hab_custom,8324,aleatorio,3.5164946637922214,4.965068306494546e-16
6,hab_custom,8325,aleatorio,0.6577530061262504,4.965068306494546e-16
6,hab_custom,8326,aleatorio,0.07495837409594998,4.965068306494546e-16
6,hab_custom,8327,aleatorio,3.5725724793364746,4.965068306494546e-16
6,hab_custom,8328,aleatorio,2.490168619411729e-14,4.965068306494546e-16
6,hab_custom,8329,aleatorio,0.24876195207900115,4.965068306494546e-16
6,hab_custom,8330,aleatorio,1.2560739669470201e-15,4.965068306494546e-16
6,hab_custom,8331,aleatorio,4.867514533230943e-14,4.965068306494546e-16
6,hab_custom,8332,aleatorio,1.1330221690525765e-13,4.965068306494546e-16
6,hab_custom,8333,aleatorio,1.5572404367999817,4.965068306494546e-16
6,hab_custom,8334,aleatorio,1.8721832839950734,4.965068306494546e-16
6,hab_custom,8335,aleatorio,0.8305329173843182,4.965068306494546e-16
6,hab_custom,8336,aleatorio,0.010459418531863707,4.965068306494546e-16
6,hab_custom,8337,aleatorio,0.7142493759545573,4.965068306494546e-16
6,hab_custom,8338,aleatorio,3.209857279246516,4.965068306494546e-16
6,hab_custom,8339,aleatorio,2.724471666970546e-12,4.965068306494546e-16
6,hab_custom,8340,aleatorio,0.23758229589725435,4.965068306494546e-16
6,hab_custom,8341,aleatorio,4.6811592530662535e-11,4.965068306494546e-16
6,hab_custom,8342,aleatorio,2.455756605258235,4.965068306494546e-16
6,hab_custom,8343,aleatorio,0.12934677704894187,4.965068306494546e-16
6,hab_custom,8344,aleatorio,0.12033053907641762,4.965068306494546e-16
6,hab_custom,8345,aleatorio,5.3653228582429e-13,4.965068306494546e-16
6,hab_custom,8346,aleatorio,1.1487821663119442,4.965068306494546e-16
6,hab_custom,8347,aleatorio,9.584305301296527e-14,4.965068306494546e-16
6,hab_custom,8348,aleatorio,0.21751975393896536,4.965068306494546e-16
6,hab_custom,8349,aleatorio,0.14825460742835886,4.965068306494546e-16
6,hab_custom,8350,aleatorio,2.249098070083242,4.965068306494546e-16
6,hab_custom,8351,aleatorio,2.8737930928375808,4.965068306494546e-16
6,hab_custom,8352,aleatorio,0.6000138024426445,4.965068306494546e-16
6,hab_custom,8353,aleatorio,2.0614412251411807,4.965068306494546e-16
6,hab_custom,8354,aleatorio,0.45508441483777706,4.965068306494546e-16
6,hab_custom,8355,aleatorio,1.7916371822918529,4.965068306494546e-16
6,hab_custom,8356,aleatorio,2.152122453365663,4.965068306494546e-16
6,hab_custom,8357,aleatorio,2.425566046388947e-11,4.965068306494546e-16
6,hab_custom,8358,aleatorio,3.7801169450583774,4.965068306494546e-16
6,hab_custom,8359,aleatorio,1.2755491433176288e-15,4.965068306494546e-16
6,hab_custom,8360,aleatorio,39.56705738527118,4.965068306494546e-16
6,hab_custom,8361,aleatorio,0.331279155950811,4.965068306494546e-16
6,hab_custom,8362,aleatorio,2.0031397420287296,4.965068306494546e-16
6,hab_custom,8363,aleatorio,0.2528332275184972,4.965068306494546e-16
6,hab_custom,8364,aleatorio,1.4148675263405703e-11,4.965068306494546e-16
6,hab_custom,8365,aleatorio,0.7708459635671342,4.965068306494546e-16
6,hab_custom,8366,aleatorio,6.154224097082355e-13,4.965068306494546e-16
6,hab_custom,8367,aleatorio,2.002885153595649,4.965068306494546e-16
6,hab_custom,8368,aleatorio,0.07606442341511865,4.965068306494546e-16
6,hab_custom,8369,aleatorio,3.133349341662646e-13,4.965068306494546e-16
6,hab_custom,8370,aleatorio,3.022920992570774e-13,4.965068306494546e-16
6,hab_custom,8371,aleatorio,1.6213802879958026,4.965068306494546e-16
6,hab_custom,8372,aleatorio,8.79251776862914e-15,4.965068306494546e-16
6,hab_custom,8373,aleatorio,0.2235553397469351,4.965068306494546e-16
6,hab_custom,8374,aleatorio,1.4002883435177598,4.965068306494546e-16
6,hab_custom,8375,aleatorio,2.2297318006777105,4.965068306494546e-16
6,hab_custom,8376,aleatorio,0.00028601412863602795,4.965068306494546e-16
6,hab_custom,8377,aleatorio,8.018524536327304e-11,4.965068306494546e-16
6,hab_custom,8378,aleatorio,0.04318806824950614,4.965068306494546e-16
6,hab_custom,8379,aleatorio,0.43729271673557435,4.965068306494546e-16
6,hab_custom,8380,aleatorio,0.2200104997295857,4.965068306494546e-16
6,hab_custom,8381,aleatorio,3.5240404324845477e-12,4.965068306494546e-16
6,hab_custom,8382,aleatorio,0.39525514795398076,4.965068306494546e-16
6,hab_custom,8383,aleatorio,0.9249631730251986,4.965068306494546e-16
6,hab_custom,8384,aleatorio,1.0931046392623862e-14,4.965068306494546e-16
6,hab_custom,8385,aleatorio,0.16153550701986213,4.965068306494546e-16
6,hab_custom,8386,aleatorio,1.318316798730503e-15,4.965068306494546e-16
6,hab_custom,8387,aleatorio,0.20746543568669026,4.965068306494546e-16
6,hab_custom,8388,aleatorio,0.10026163708199565,4.965068306494546e-16
6,hab_custom,8389,aleatorio,1.1255099124959013e-13,4.965068306494546e-16
6,hab_custom,8390,aleatorio,1.410735826252035,4.965068306494546e-16
6,hab_custom,8391,aleatorio,0.19701400000974634,4.965068306494546e-16
6,hab_custom,8392,aleatorio,0.8750761666807232,4.965068306494546e-16
6,hab_custom,8393,aleatorio,5.0982679390293315,4.965068306494546e-16
6,hab_custom,8394,aleatorio,0.011761712554502202,4.965068306494546e-16
6,hab_custom,8395,aleatorio,1.525382222678452,4.965068306494546e-16
6,hab_custom,8396,aleatorio,0.4397382008794691,4.965068306494546e-16
6,hab_custom,8397,aleatorio,1.5301306875119944e-12,4.965068306494546e-16
6,hab_custom,8398,aleatorio,4.59543827635617e-14,4.965068306494546e-16
6,hab_custom,8399,aleatorio,6.377745716588144e-15,4.965068306494546e-16
6,hab_custom,8400,aleatorio,0.251379588201286,4.965068306494546e-16
6,hab_custom,8401,aleatorio,3.5118584650714664,4.965068306494546e-16
6,hab_custom,8402,aleatorio,0.07923535762908694,4.965068306494546e-16
6,hab_custom,8403,aleatorio,0.6203620844193871,4.965068306494546e-16
6,hab_custom,8404,aleatorio,0.3396538791107042,4.965068306494546e-16
6,hab_custom,8405,aleatorio,2.0971017258803912,4.965068306494546e-16
6,hab_custom,8406,aleatorio,3.4154576755420383,4.965068306494546e-16
6,hab_custom,8407,aleatorio,0.9234707521269669,4.965068306494546e-16
6,hab_custom,8408,aleatorio,0.4206124867069282,4.965068306494546e-16
6,hab_custom,8409,aleatorio,0.668098855239986,4.965068306494546e-16
6,hab_custom,8410,aleatorio,2.7427770928383777,4.965068306494546e-16
6,hab_custom,8411,aleatorio,0.9258385875578118,4.965068306494546e-16
6,hab_custom,8412,aleatorio,4.965068306494546e-16,4.965068306494546e-16
6,hab_custom,8413,aleatorio,1.0254002064927965e-13,4.965068306494546e-16
6,hab_custom,8414,aleatorio,1.1714309803424825,4.965068306494546e-16
6,hab_custom,8415,aleatorio,8.170294171891037e-13,4.965068306494546e-16
6,hab_custom,8416,aleatorio,6.377900326731476e-14,4.965068306494546e-16
6,hab_custom,8417,aleatorio,3.8084584068477176,4.965068306494546e-16
6,hab_custom,8418,aleatorio,5.340530500639958e-14,4.965068306494546e-16
6,hab_custom,8419,aleatorio,1.0475421290715365,4.965068306494546e-16
6,hab_custom,8420,aleatorio,1.3387376777741182,4.965068306494546e-16
6,hab_custom,8421,aleatorio,2.9138197768417395e-12,4.965068306494546e-16
6,hab_custom,8422,aleatorio,1.2086436571798025,4.965068306494546e-16
6,hab_custom,8423,aleatorio,2.948650299766249,4.965068306494546e-16
6,hab_custom,8424,aleatorio,0.3032934995655887,4.965068306494546e-16
6,hab_custom,8425,aleatorio,0.017507381029033393,4.965068306494546e-16
6,hab_custom,8426,aleatorio,6.072151077746661e-12,4.965068306494546e-16
6,hab_custom,8427,aleatorio,0.6798850509808846,4.965068306494546e-16
6,hab_custom,8428,aleatorio,0.21234701884364962,4.965068306494546e-16
6,hab_custom,8429,aleatorio,3.2588402747814863e-14,4.965068306494546e-16
6,hab_custom,8430,aleatorio,0.6238641727271137,4.965068306494546e-16
6,hab_custom,8431,aleatorio,0.42023104738464706,4.965068306494546e-16
6,hab_custom,8432,aleatorio,0.008556954269396712,4.965068306494546e-16
6,hab_custom,8433,aleatorio,0.9939247106767701,4.965068306494546e-16
6,hab_custom,8434,aleatorio,8.320671468978625e-13,4.965068306494546e-16
6,hab_custom,8435,aleatorio,6.085480687308144e-14,4.965068306494546e-16
6,hab_custom,8436,aleatorio,0.2777646382181984,4.965068306494546e-16
6,hab_custom,8437,aleatorio,0.29508291615652693,4.965068306494546e-16
6,hab_custom,8438,aleatorio,2.7571165577129822e-14,4.965068306494546e-16
6,hab_custom,8439,aleatorio,0.6453085008837017,4.965068306494546e-16
6,hab_custom,8440,aleatorio,0.1929961436485396,4.965068306494546e-16
6,hab_custom,8441,aleatorio,0.3291898570192048,4.965068306494546e-16
6,hab_custom,8442,aleatorio,0.14710708733720143,4.965068306494546e-16
6,hab_custom,8443,aleatorio,2.471618858399785,4.965068306494546e-16
6,hab_custom,8444,aleatorio,0.21254635498057692,4.965068306494546e-16
6,hab_custom,8445,aleatorio,0.010161337286664279,4.965068306494546e-16
6,hab_custom,8446,aleatorio,0.05220857642743543,4.965068306494546e-16
6,hab_custom,8447,aleatorio,2.0622871746806886,4.965068306494546e-16
6,hab_custom,8448,aleatorio,0.0007597358845570419,4.965068306494546e-16
6,hab_custom,8449,aleatorio,1.0417167323069478e-10,4.965068306494546e-16
6,hab_custom,8450,aleatorio,3.568511376497445e-13,4.965068306494546e-16
6,hab_custom,8451,aleatorio,0.19183287617384404,4.965068306494546e-16
6,hab_custom,8452,aleatorio,0.11404530282455905,4.965068306494546e-16
6,hab_custom,8453,aleatorio,0.20927459833375528,4.965068306494546e-16
6,hab_custom,8454,aleatorio,2.725423490155796,4.965068306494546e-16
6,hab_custom,8455,aleatorio,2.3426990216809993,4.965068306494546e-16
6,hab_custom,8456,aleatorio,1.22041890023128e-12,4.965068306494546e-16
6,hab_custom,8457,aleatorio,0.1160089998247564,4.965068306494546e-16
6,hab_custom,8458,aleatorio,1.6128159381576035,4.965068306494546e-16
6,hab_custom,8459,aleatorio,0.10956698043218834,4.965068306494546e-16
6,hab_custom,8460,aleatorio,5.7503385662349205,4.965068306494546e-16
6,hab_custom,8461,aleatorio,1.5304785806644764e-13,4.965068306494546e-16
6,hab_custom,8462,aleatorio,2.448941614645548e-14,4.965068306494546e-16
6,hab_custom,8463,aleatorio,4.743381098894779e-13,4.965068306494546e-16
6,hab_custom,8464,aleatorio,0.7375060736344663,4.965068306494546e-16
6,hab_custom,8465,aleatorio,2.3970564183542264e-12,4.965068306494546e-16
6,hab_custom,8466,aleatorio,5.836320050651653e-12,4.965068306494546e-16
6,hab_custom,8467,aleatorio,0.10902596880932454,4.965068306494546e-16
6,hab_custom,8468,aleatorio,6.224398232220839e-13,4.965068306494546e-16
6,hab_custom,8469,aleatorio,0.27185970241734053,4.965068306494546e-16
6,hab_custom,8470,aleatorio,0.8583942452022806,4.965068306494546e-16
6,hab_custom,8471,aleatorio,1.5709161674760973e-06,4.965068306494546e-16
6,hab_custom,8472,aleatorio,0.0528581741107389,4.965068306494546e-16
6,hab_custom,8473,aleatorio,0.05083623434381203,4.965068306494546e-16
6,hab_custom,8474,aleatorio,6.73016895338987e-13,4.965068306494546e-16
6,hab_custom,8475,aleatorio,4.443434114335492,4.965068306494546e-16
6,hab_custom,8476,aleatorio,1.3057678073221908,4.965068306494546e-16
6,hab_custom,8477,aleatorio,3.053653406391568,4.965068306494546e-16
6,hab_custom,8478,aleatorio,0.008982423874457756,4.965068306494546e-16
6,hab_custom,8479,aleatorio,5.120405581187586e-07,4.965068306494546e-16
6,hab_custom,8480,aleatorio,0.2737171295084846,4.965068306494546e-16
6,hab_custom,8481,aleatorio,0.8632730695612372,4.965068306494546e-16
6,hab_custom,8482,aleatorio,1.3543847254133698e-13,4.965068306494546e-16
6,hab_custom,8483,aleatorio,0.5085923639565155,4.965068306494546e-16
6,hab_custom,8484,aleatorio,1.8191403182278558e-14,4.965068306494546e-16
6,hab_custom,8485,aleatorio,2.7936750021624505e-13,4.965068306494546e-16
6,hab_custom,8486,aleatorio,0.0021302294061227058,4.965068306494546e-16
6,hab_custom,8487,aleatorio,1.3847121363026897,4.965068306494546e-16
6,hab_custom,8488,aleatorio,0.6068204669891084,4.965068306494546e-16
6,hab_custom,8489,aleatorio,0.4519074091284552,4.965068306494546e-16
6,hab_custom,8490,aleatorio,0.17855912534242815,4.965068306494546e-16
6,hab_custom,8491,aleatorio,0.44250218072018194,4.965068306494546e-16
6,hab_custom,8492,aleatorio,0.04783942124395546,4.965068306494546e-16
6,hab_custom,8493,aleatorio,0.08192673759850368,4.965068306494546e-16
6,hab_custom,8494,aleatorio,3.003231550288275e-12,4.965068306494546e-16
6,hab_custom,8495,aleatorio,1.7107327123581546,4.965068306494546e-16
6,hab_custom,8496,aleatorio,1.139748723578874,4.965068306494546e-16
6,hab_custom,8497,aleatorio,8.799807657846679e-12,4.965068306494546e-16
6,hab_custom,8498,aleatorio,0.21909504676040348,4.965068306494546e-16
6,hab_custom,8499,aleatorio,0.3715729112392642,4.965068306494546e-16
6,hab_custom,8500,aleatorio,0.3240433347315966,4.965068306494546e-16
6,hab_custom,8501,aleatorio,1.2432224280115849e-11,4.965068306494546e-16
6,hab_custom,8502,aleatorio,3.188872858294072e-15,4.965068306494546e-16
6,hab_custom,8503,aleatorio,0.03418830410943058,4.965068306494546e-16
6,hab_custom,8504,aleatorio,0.5222691051853344,4.965068306494546e-16
6,hab_custom,8505,aleatorio,4.910666068694102,4.965068306494546e-16
6,hab_custom,8506,aleatorio,0.018363847130888414,4.965068306494546e-16
6,hab_custom,8507,aleatorio,0.2950492772667812,4.965068306494546e-16
6,hab_custom,8508,aleatorio,0.49600419598706913,4.965068306494546e-16
6,hab_custom,8509,aleatorio,1.288832492125869,4.965068306494546e-16
6,hab_custom,8510,aleatorio,0.9947142349950064,4.965068306494546e-16
6,hab_custom,8511,aleatorio,0.2256731575758363,4.965068306494546e-16
6,hab_custom,8512,aleatorio,2.172749273431931,4.965068306494546e-16
6,hab_custom,8513,aleatorio,7.364386412590295e-16,4.965068306494546e-16
6,hab_custom,8514,aleatorio,2.206360704461372,4.965068306494546e-16
6,hab_custom,8515,aleatorio,0.623989838928149,4.965068306494546e-16
6,hab_custom,8516,aleatorio,0.004156565389484691,4.965068306494546e-16
6,hab_custom,8517,aleatorio,1.5160419250697512,4.965068306494546e-16
6,hab_custom,8518,aleatorio,4.6746058777920294e-14,4.965068306494546e-16
6,hab_custom,8519,aleatorio,1.2227452860140604,4.965068306494546e-16
6,hab_custom,8520,aleatorio,0.6266347692328055,4.965068306494546e-16
6,hab_custom,8521,aleatorio,1.7615736114396716,4.965068306494546e-16
6,hab_custom,8522,aleatorio,2.039065964744764e-14,4.965068306494546e-16
6,hab_custom,8523,aleatorio,3.8037089846384303e-14,4.965068306494546e-16
6,hab_custom,8524,aleatorio,0.00027071340451468597,4.965068306494546e-16
6,hab_custom,8525,aleatorio,0.07992192943320925,4.965068306494546e-16
6,hab_custom,8526,aleatorio,2.3564783795067115,4.965068306494546e-16
6,hab_custom,8527,aleatorio,0.018585828523851322,4.965068306494546e-16
6,hab_custom,8528,aleatorio,0.012737411840434485,4.965068306494546e-16
6,hab_custom,8529,aleatorio,1.0767449393292563,4.965068306494546e-16
6,hab_custom,8530,aleatorio,1.177630111539465,4.965068306494546e-16
6,hab_custom,8531,aleatorio,0.2683828688032683,4.965068306494546e-16
6,hab_custom,8532,aleatorio,8.881784197001252e-16,4.965068306494546e-16
6,hab_custom,8533,aleatorio,0.202507619060214,4.965068306494546e-16
6,hab_custom,8534,aleatorio,6.661338147750939e-16,4.965068306494546e-16
6,hab_custom,8535,aleatorio,1.7378002989615273,4.965068306494546e-16
6,hab_custom,8536,aleatorio,3.009732129271738,4.965068306494546e-16
6,hab_custom,8537,aleatorio,3.1175793094155297e-07,4.965068306494546e-16
6,hab_custom,8538,aleatorio,1.573153040093313e-11,4.965068306494546e-16
6,hab_custom,8539,aleatorio,1.1924569193545833,4.965068306494546e-16
6,hab_custom,8540,aleatorio,2.477922981470618,4.965068306494546e-16
6,hab_custom,8541,aleatorio,6.101846533901614,4.965068306494546e-16
6,hab_custom,8542,aleatorio,1.719339474459082e-11,4.965068306494546e-16
6,hab_custom,8543,aleatorio,6.735861340753108e-14,4.965068306494546e-16
6,hab_custom,8544,aleatorio,8.16297094126197e-15,4.965068306494546e-16
6,hab_custom,8545,aleatorio,0.6777385282975146,4.965068306494546e-16
6,hab_custom,8546,aleatorio,1.8444410139024814e-15,4.965068306494546e-16
6,hab_custom,8547,aleatorio,0.11611833013588597,4.965068306494546e-16
6,hab_custom,8548,aleatorio,1.7903651698869223,4.965068306494546e-16
6,hab_custom,8549,aleatorio,4.006272360321546,4.965068306494546e-16
6,hab_custom,8550,aleatorio,0.002551882086500218,4.965068306494546e-16
6,hab_custom,8551,aleatorio,6.377745716588144e-16,4.965068306494546e-16
6,hab_custom,8552,aleatorio,0.8729348309341698,4.965068306494546e-16
6,hab_custom,8553,aleatorio,0.5041804081231982,4.965068306494546e-16
6,hab_custom,8554,aleatorio,13.558226278295159,4.965068306494546e-16
6,hab_custom,8555,aleatorio,0.14944640858925357,4.965068306494546e-16
6,hab_custom,8556,aleatorio,2.241147810550797,4.965068306494546e-16
6,hab_custom,8557,aleatorio,2.7824664369426455,4.965068306494546e-16
6,hab_custom,8558,aleatorio,5.18641909894952e-13,4.965068306494546e-16
6,hab_custom,8559,aleatorio,0.32135575032854324,4.965068306494546e-16
6,hab_custom,8560,aleatorio,1.257516465181406e-11,4.965068306494546e-16
6,hab_custom,8561,aleatorio,1.4123721375698957,4.965068306494546e-16
6,hab_custom,8562,aleatorio,1.8889087522507622,4.965068306494546e-16
6,hab_custom,8563,aleatorio,0.0068016424140295365,4.965068306494546e-16
6,hab_custom,8564,aleatorio,0.2688803512216873,4.965068306494546e-16
6,hab_custom,8565,aleatorio,4.130634299263582,4.965068306494546e-16
6,hab_custom,8566,aleatorio,0.6336567355371621,4.965068306494546e-16
6,hab_custom,8567,aleatorio,1.8319014450772457,4.965068306494546e-16
6,hab_custom,8568,aleatorio,2.9873046363423827e-15,4.965068306494546e-16
6,hab_custom,8569,aleatorio,1.2297416653176614,4.965068306494546e-16
6,hab_custom,8570,aleatorio,3.618046037819185,4.965068306494546e-16
6,hab_custom,8571,aleatorio,4.745622444215129,4.965068306494546e-16
6,hab_custom,8572,aleatorio,0.6283703790188051,4.965068306494546e-16
6,hab_custom,8573,aleatorio,0.916622640409194,4.965068306494546e-16
6,hab_custom,8574,aleatorio,0.7069458367424718,4.965068306494546e-16
6,hab_custom,8575,aleatorio,0.000652098151931976,4.965068306494546e-16
6,hab_custom,8576,aleatorio,3.2795228947539585e-13,4.965068306494546e-16
6,hab_custom,8577,aleatorio,4.267894277166388e-14,4.965068306494546e-16
6,hab_custom,8578,aleatorio,3.223319897221883e-14,4.965068306494546e-16
6,hab_custom,8579,aleatorio,9.14934248979638e-14,4.965068306494546e-16
6,hab_custom,8580,aleatorio,0.3621417071706267,4.965068306494546e-16
6,hab_custom,8581,aleatorio,0.02015287698626461,4.965068306494546e-16
6,hab_custom,8582,aleatorio,2.332401012049699,4.965068306494546e-16
6,hab_custom,8583,aleatorio,1.554946518212894e-14,4.965068306494546e-16
6,hab_custom,8584,aleatorio,7.189069150009642e-15,4.965068306494546e-16
6,hab_custom,8585,aleatorio,0.288117448115558,4.965068306494546e-16
6,hab_custom,8586,aleatorio,8.263520563790825e-15,4.965068306494546e-16
6,hab_custom,8587,aleatorio,0.35563713849726253,4.965068306494546e-16
6,hab_custom,8588,aleatorio,0.11266121046324805,4.965068306494546e-16
6,hab_custom,8589,aleatorio,2.1868857395626282e-15,4.965068306494546e-16
6,hab_custom,8590,aleatorio,0.009489924431985182,4.965068306494546e-16
6,hab_custom,8591,aleatorio,0.08639161722701194,4.965068306494546e-16
6,hab_custom,8592,aleatorio,3.6246771552191692,4.965068306494546e-16
6,hab_custom,8593,aleatorio,9.074781269339236e-14,4.965068306494546e-16
6,hab_custom,8594,aleatorio,0.41917532419705666,4.965068306494546e-16
6,hab_custom,8595,aleatorio,0.018563468924600507,4.965068306494546e-16
6,hab_custom,8596,aleatorio,1.956264648895582e-12,4.965068306494546e-16
6,hab_custom,8597,aleatorio,1.8164423272796806,4.965068306494546e-16
6,hab_custom,8598,aleatorio,1.10948532296641,4.965068306494546e-16
6,hab_custom,8599,aleatorio,3.663497375024774,4.965068306494546e-16
6,hab_custom,8600,aleatorio,3.611444695236789e-11,4.965068306494546e-16
6,hab_custom,8601,aleatorio,0.19264679493779,4.965068306494546e-16
6,hab_custom,8602,aleatorio,2.5143419170294514,4.965068306494546e-16
6,hab_custom,8603,aleatorio,0.9058768238349342,4.965068306494546e-16
6,hab_custom,8604,aleatorio,1.69090940470041,4.965068306494546e-16
6,hab_custom,8605,aleatorio,0.6157572121626042,4.965068306494546e-16
6,hab_custom,8606,aleatorio,0.03813234861564414,4.965068306494546e-16
6,hab_custom,8607,aleatorio,1.8985434977517879,4.965068306494546e-16
6,hab_custom,8608,aleatorio,0.13760866252005957,4.965068306494546e-16
6,hab_custom,8609,aleatorio,0.16859618535497276,4.965068306494546e-16
6,hab_custom,8610,aleatorio,1.1322097734007351e-15,4.965068306494546e-16
6,hab_custom,8611,aleatorio,0.08999377155380808,4.965068306494546e-16
6,hab_custom,8612,aleatorio,0.1981663317442931,4.965068306494546e-16
6,hab_custom,8613,aleatorio,0.21681125194713863,4.965068306494546e-16
6,hab_custom,8614,aleatorio,2.5108140724348096,4.965068306494546e-16
6,hab_custom,8615,aleatorio,0.14692093428959385,4.965068306494546e-16
6,hab_custom,8616,aleatorio,1.6049525036156477e-11,4.965068306494546e-16
6,hab_custom,8617,aleatorio,0.2545437620094504,4.965068306494546e-16
6,hab_custom,8618,aleatorio,1.4217791915866692e-15,4.965068306494546e-16
6,hab_custom,8619,aleatorio,1.6684966246156454,4.965068306494546e-16
6,hab_custom,8620,aleatorio,0.7333209562529587,4.965068306494546e-16
6,hab_custom,8621,aleatorio,0.7941121934004675,4.965068306494546e-16
6,hab_custom,8622,aleatorio,0.0990607854119057,4.965068306494546e-16
6,hab_custom,8623,aleatorio,0.034086215579001405,4.965068306494546e-16
6,hab_custom,8624,aleatorio,2.808666774861361e-15,4.965068306494546e-16
6,hab_custom,8625,aleatorio,0.8908766111467156,4.965068306494546e-16
6,hab_custom,8626,aleatorio,1.5257905382932806,4.965068306494546e-16
6,hab_custom,8627,aleatorio,0.10975945864510184,4.965068306494546e-16
6,hab_custom,8628,aleatorio,2.5473138521084384,4.965068306494546e-16
6,hab_custom,8629,aleatorio,1.0877919644084146e-15,4.965068306494546e-16
6,hab_custom,8630,aleatorio,3.488913666632465e-11,4.965068306494546e-16
6,hab_custom,8631,aleatorio,0.7409219569319747,4.965068306494546e-16
6,hab_custom,8632,aleatorio,2.989896730538656,4.965068306494546e-16
6,hab_custom,8633,aleatorio,1.162767404314662,4.965068306494546e-16
6,hab_custom,8634,aleatorio,2.720128704121708,4.965068306494546e-16
6,hab_custom,8635,aleatorio,0.2952173577042569,4.965068306494546e-16
6,hab_custom,8636,aleatorio,0.15071788278164158,4.965068306494546e-16
6,hab_custom,8637,aleatorio,0.04659706433235202,4.965068306494546e-16
6,hab_custom,8638,aleatorio,0.699786443572935,4.965068306494546e-16
6,hab_custom,8639,aleatorio,0.04769079138570708,4.965068306494546e-16
6,hab_custom,8640,aleatorio,1.828332756486753,4.965068306494546e-16
6,hab_custom,8641,aleatorio,6.280369834735101e-16,4.965068306494546e-16
6,hab_custom,8642,aleatorio,2.175583928816829e-15,4.965068306494546e-16
6,hab_custom,8643,aleatorio,2.230892640292164,4.965068306494546e-16
6,hab_custom,8644,aleatorio,1.218939175364164,4.965068306494546e-16
6,hab_custom,8645,aleatorio,1.6552695299686482,4.965068306494546e-16
6,hab_custom,8646,aleatorio,2.195633330238587e-13,4.965068306494546e-16
6,hab_custom,8647,aleatorio,1.1858481238426286,4.965068306494546e-16
6,hab_custom,8648,aleatorio,1.6974268056994422,4.965068306494546e-16
6,hab_custom,8649,aleatorio,0.41852088277262406,4.965068306494546e-16
6,hab_custom,8650,aleatorio,7.021666937153402e-16,4.965068306494546e-16
6,hab_custom,8651,aleatorio,0.35736675996789974,4.965068306494546e-16
6,hab_custom,8652,aleatorio,0.9791971018424445,4.965068306494546e-16
6,hab_custom,8653,aleatorio,4.110303388031129,4.965068306494546e-16
6,hab_custom,8654,aleatorio,2.112946877179321e-11,4.965068306494546e-16
6,hab_custom,8655,aleatorio,2.0239000523281137,4.965068306494546e-16
6,hab_custom,8656,aleatorio,1.9189844483957748e-14,4.965068306494546e-16
6,hab_custom,8657,aleatorio,2.503169993654608,4.965068306494546e-16
6,hab_custom,8658,aleatorio,3.5564693775806013,4.965068306494546e-16
6,hab_custom,8659,aleatorio,3.863165453093847,4.965068306494546e-16
6,hab_custom,8660,aleatorio,1.9997863318397537e-11,4.965068306494546e-16
6,hab_custom,8661,aleatorio,0.622438114035668,4.965068306494546e-16
6,hab_custom,8662,aleatorio,8.602296213589027e-09,4.965068306494546e-16
6,hab_custom,8663,aleatorio,5.316828004299541,4.965068306494546e-16
6,hab_custom,8664,aleatorio,3.132376743950143e-11,4.965068306494546e-16
6,hab_custom,8665,aleatorio,1.382176936799048,4.965068306494546e-16
6,hab_custom,8666,aleatorio,1.5009381127106824,4.965068306494546e-16
6,hab_custom,8667,aleatorio,3.8333237309751635,4.965068306494546e-16
6,hab_custom,8668,aleatorio,2.944008768977808,4.965068306494546e-16
6,hab_custom,8669,aleatorio,0.7486487793903532,4.965068306494546e-16
6,hab_custom,8670,aleatorio,1.4941521871907773e-12,4.965068306494546e-16
6,hab_custom,8671,aleatorio,4.965068306494546e-16,4.965068306494546e-16
6,hab_custom,8672,aleatorio,0.6815816274480424,4.965068306494546e-16
6,hab_custom,8673,aleatorio,7.659099383613364e-12,4.965068306494546e-16
6,hab_custom,8674,aleatorio,0.46736421321153865,4.965068306494546e-16
6,hab_custom,8675,aleatorio,2.016977746437285,4.965068306494546e-16
6,hab_custom,8676,aleatorio,8.792545805949771e-14,4.965068306494546e-16
6,hab_custom,8677,aleatorio,5.2665650177452275,4.965068306494546e-16
6,hab_custom,8678,aleatorio,19.715944951271474,4.965068306494546e-16
6,hab_custom,8679,aleatorio,0.4095105142062182,4.965068306494546e-16
6,hab_custom,8680,aleatorio,9.178255465660763e-11,4.965068306494546e-16
6,hab_custom,8681,aleatorio,0.5269481891578194,4.965068306494546e-16
6,hab_custom,8682,aleatorio,0.6605005943334814,4.965068306494546e-16
6,hab_custom,8683,aleatorio,6.636311115694607e-15,4.965068306494546e-16
6,hab_custom,8684,aleatorio,2.5617203228660963,4.965068306494546e-16
6,hab_custom,8685,aleatorio,0.09496853417630484,4.965068306494546e-16
6,hab_custom,8686,aleatorio,0.31277266981731283,4.965068306494546e-16
6,hab_custom,8687,aleatorio,0.725539859609228,4.965068306494546e-16
6,hab_custom,8688,aleatorio,1.6577271704367806,4.965068306494546e-16
6,hab_custom,8689,aleatorio,1.5503337035353604,4.965068306494546e-16
6,hab_custom,8690,aleatorio,1.831635827612529e-11,4.965068306494546e-16
6,hab_custom,8691,aleatorio,3.1814867241155858,4.965068306494546e-16
6,hab_custom,8692,aleatorio,4.220070507968849e-11,4.965068306494546e-16
6,hab_custom,8693,aleatorio,1.0496754769265906,4.965068306494546e-16
6,hab_custom,8694,aleatorio,4.2435460255413025e-13,4.965068306494546e-16
6,hab_custom,8695,aleatorio,8.210001605930224e-13,4.965068306494546e-16
6,hab_custom,8696,aleatorio,1.717971974265419,4.965068306494546e-16
6,hab_custom,8697,aleatorio,8.650237932995959e-12,4.965068306494546e-16
6,hab_custom,8698,aleatorio,6.854671959125872e-14,4.965068306494546e-16
6,hab_custom,8699,aleatorio,8.881784197001252e-16,4.965068306494546e-16
6,hab_custom,8700,aleatorio,0.12909563384177417,4.965068306494546e-16
6,hab_custom,8701,aleatorio,1.6235348213207147e-13,4.965068306494546e-16
6,hab_custom,8702,aleatorio,0.13538183432657955,4.965068306494546e-16
6,hab_custom,8703,aleatorio,1.4043333874306805e-15,4.965068306494546e-16
6,hab_custom,8704,aleatorio,6.377745716588144e-16,4.965068306494546e-16
6,hab_custom,8705,aleatorio,3.2904059328086936,4.965068306494546e-16
6,hab_custom,8706,aleatorio,0.06984795431806815,4.965068306494546e-16
6,hab_custom,8707,aleatorio,1.1102230246251565e-15,4.965068306494546e-16
6,hab_custom,8708,aleatorio,3.378873991555633e-14,4.965068306494546e-16
6,hab_custom,8709,aleatorio,9.930136612989092e-16,4.965068306494546e-16
6,hab_custom,8710,aleatorio,0.9818988203766,4.965068306494546e-16
6,hab_custom,8711,aleatorio,1.1070588611700694e-12,4.965068306494546e-16
6,hab_custom,8712,aleatorio,0.6981328954958121,4.965068306494546e-16
6,hab_custom,8713,aleatorio,1.538370149106851e-15,4.965068306494546e-16
6,hab_custom,8714,aleatorio,2.4901369401946295e-13,4.965068306494546e-16
6,hab_custom,8715,aleatorio,4.230742359177651,4.965068306494546e-16
6,hab_custom,8716,aleatorio,2.658295902054416e-13,4.965068306494546e-16
6,hab_custom,8717,aleatorio,9.674270218921705e-13,4.965068306494546e-16
6,hab_custom,8718,aleatorio,0.08618368571771169,4.965068306494546e-16
6,hab_custom,8719,aleatorio,1.6464346682687,4.965068306494546e-16
6,hab_custom,8720,aleatorio,4.308884115282323,4.965068306494546e-16
6,hab_custom,8721,aleatorio,3.447059237218225e-15,4.965068306494546e-16
6,hab_custom,8722,aleatorio,2.9205407954182373e-15,4.965068306494546e-16
6,hab_custom,8723,aleatorio,0.8091568503757962,4.965068306494546e-16
6,hab_custom,8724,aleatorio,1.5750740649160864,4.965068306494546e-16
6,hab_custom,8725,aleatorio,2.0215570304780703,4.965068306494546e-16
6,hab_custom,8726,aleatorio,5.819414500304283e-12,4.965068306494546e-16
6,hab_custom,8727,aleatorio,1.903989106190723,4.965068306494546e-16
6,hab_custom,8728,aleatorio,1.3973972132439492,4.965068306494546e-16
6,hab_custom,8729,aleatorio,0.752541973081863,4.965068306494546e-16
6,hab_custom,8730,aleatorio,9.28410022729314e-14,4.965068306494546e-16
6,hab_custom,8731,aleatorio,0.38239014832238727,4.965068306494546e-16
6,hab_custom,8732,aleatorio,0.4477062646217452,4.965068306494546e-16
6,hab_custom,8733,aleatorio,0.6584322188056232,4.965068306494546e-16
6,hab_custom,8734,aleatorio,1.4122158280462422,4.965068306494546e-16
6,hab_custom,8735,aleatorio,3.268262946363891,4.965068306494546e-16
6,hab_custom,8736,aleatorio,0.02162045689080632,4.965068306494546e-16
6,hab_custom,8737,aleatorio,1.7832822334594722e-15,4.965068306494546e-16
6,hab_custom,8738,aleatorio,1.2533413101817732e-12,4.965068306494546e-16
6,hab_custom,8739,aleatorio,0.01954188219375679,4.965068306494546e-16
6,hab_custom,8740,aleatorio,0.3026412944007168,4.965068306494546e-16
6,hab_custom,8741,aleatorio,3.2371003857957326,4.965068306494546e-16
6,hab_custom,8742,aleatorio,0.06539843378264844,4.965068306494546e-16
6,hab_custom,8743,aleatorio,6.469521715670764e-12,4.965068306494546e-16
6,hab_custom,8744,aleatorio,1.0332285656020586,4.965068306494546e-16
6,hab_custom,8745,aleatorio,4.348001487794546,4.965068306494546e-16
6,hab_custom,8746,aleatorio,1.017094430721752,4.965068306494546e-16
6,hab_custom,8747,aleatorio,4.479542393782819e-12,4.965068306494546e-16
6,hab_custom,8748,aleatorio,1.410102321416688,4.965068306494546e-16
6,hab_custom,8749,aleatorio,0.9980469200115731,4.965068306494546e-16
6,hab_custom,8750,aleatorio,1.444980208192543,4.965068306494546e-16
6,hab_custom,8751,aleatorio,2.5195774082965396,4.965068306494546e-16
6,hab_custom,8752,aleatorio,0.14866062606773206,4.965068306494546e-16
6,hab_custom,8753,aleatorio,0.07123606880154451,4.965068306494546e-16
6,hab_custom,8754,aleatorio,3.244625602316434e-14,4.965068306494546e-16
6,hab_custom,8755,aleatorio,0.49003697081839637,4.965068306494546e-16
6,hab_custom,8756,aleatorio,0.43503391233432065,4.965068306494546e-16
6,hab_custom,8757,aleatorio,0.43439856471325855,4.965068306494546e-16
6,hab_custom,8758,aleatorio,6.307067464890061e-13,4.965068306494546e-16
6,hab_custom,8759,aleatorio,0.6737289349855439,4.965068306494546e-16
6,hab_custom,8760,aleatorio,9.619865158463416e-12,4.965068306494546e-16
6,hab_custom,8761,aleatorio,1.3042167484290357e-15,4.965068306494546e-16
6,hab_custom,8762,aleatorio,0.056897034789522315,4.965068306494546e-16
6,hab_custom,8763,aleatorio,0.1490147651490288,4.965068306494546e-16
6,hab_custom,8764,aleatorio,0.2724428404545073,4.965068306494546e-16
6,hab_custom,8765,aleatorio,0.19894179648315732,4.965068306494546e-16
6,hab_custom,8766,aleatorio,0.04918221479265562,4.965068306494546e-16
6,hab_custom,8767,aleatorio,2.658965781956122,4.965068306494546e-16
6,hab_custom,8768,aleatorio,1.5171412890561356e-12,4.965068306494546e-16
6,hab_custom,8769,aleatorio,0.4562577021194295,4.965068306494546e-16
6,hab_custom,8770,aleatorio,0.9194415444424165,4.965068306494546e-16
6,hab_custom,8771,aleatorio,0.40994649891740487,4.965068306494546e-16
6,hab_custom,8772,aleatorio,0.17597503526717898,4.965068306494546e-16
6,hab_custom,8773,aleatorio,2.6510612505313723e-11,4.965068306494546e-16
6,hab_custom,8774,aleatorio,3.026750375133408,4.965068306494546e-16
6,hab_custom,8775,aleatorio,3.0332880886990683,4.965068306494546e-16
6,hab_custom,8776,aleatorio,0.689516676382405,4.965068306494546e-16
6,hab_custom,8777,aleatorio,1.8621492618747537,4.965068306494546e-16
6,hab_custom,8778,aleatorio,0.45001057618193685,4.965068306494546e-16
6,hab_custom,8779,aleatorio,5.479739188217895,4.965068306494546e-16
6,hab_custom,8780,aleatorio,1.1571570768578247e-13,4.965068306494546e-16
6,hab_custom,8781,aleatorio,0.33666561956965035,4.965068306494546e-16
6,hab_custom,8782,aleatorio,0.03528982700007335,4.965068306494546e-16
6,hab_custom,8783,aleatorio,1.3551050571291776,4.965068306494546e-16
6,hab_custom,8784,aleatorio,3.060258623589768e-11,4.965068306494546e-16
6,hab_custom,8785,aleatorio,2.955137154351034,4.965068306494546e-16
6,hab_custom,8786,aleatorio,0.7730027840822339,4.965068306494546e-16
6,hab_custom,8787,aleatorio,1.2809941120567132e-06,4.965068306494546e-16
6,hab_custom,8788,aleatorio,1.4043333874306805e-15,4.965068306494546e-16
6,hab_custom,8789,aleatorio,4.065696327319286e-13,4.965068306494546e-16
6,hab_custom,8790,aleatorio,0.7815417983949878,4.965068306494546e-16
6,hab_custom,8791,aleatorio,2.8365504021000247,4.965068306494546e-16
6,hab_custom,8792,aleatorio,5.22246361796019e-14,4.965068306494546e-16
6,hab_custom,8793,aleatorio,1.5945427158710732,4.965068306494546e-16
6,hab_custom,8794,aleatorio,1.6050308076832566e-14,4.965068306494546e-16
6,hab_custom,8795,aleatorio,0.25993676535341476,4.965068306494546e-16
6,hab_custom,8796,aleatorio,1.5366252780239944,4.965068306494546e-16
6,hab_custom,8797,aleatorio,3.853072051256274e-12,4.965068306494546e-16
6,hab_custom,8798,aleatorio,2.1331808699390953,4.965068306494546e-16
6,hab_custom,8799,aleatorio,3.2644710555367504e-14,4.965068306494546e-16
6,hab_custom,8800,aleatorio,2.9150790803354335e-11,4.965068306494546e-16
6,hab_custom,8801,aleatorio,0.44136700918592303,4.965068306494546e-16
6,hab_custom,8802,aleatorio,3.9122721931827136e-14,4.965068306494546e-16
6,hab_custom,8803,aleatorio,1.4895204919483639e-15,4.965068306494546e-16
6,hab_custom,8804,aleatorio,1.0116307625360401,4.965068306494546e-16
6,hab_custom,8805,aleatorio,0.8226441022170746,4.965068306494546e-16
6,hab_custom,8806,aleatorio,0.19828928273366445,4.965068306494546e-16
6,hab_custom,8807,aleatorio,1.8822743555156608e-13,4.965068306494546e-16
6,hab_custom,8808,aleatorio,1.0487596988418948,4.965068306494546e-16
6,hab_custom,8809,aleatorio,1.7508867027871218e-12,4.965068306494546e-16
6,hab_custom,8810,aleatorio,4.80303639923951e-13,4.965068306494546e-16
6,hab_custom,8811,aleatorio,1.0584803771278248,4.965068306494546e-16
6,hab_custom,8812,aleatorio,1.159106867033638e-15,4.965068306494546e-16
6,hab_custom,8813,aleatorio,0.5203001109160675,4.965068306494546e-16
6,hab_custom,8814,aleatorio,0.696694852652235,4.965068306494546e-16
6,hab_custom,8815,aleatorio,0.34252034478294857,4.965068306494546e-16
6,hab_custom,8816,aleatorio,1.2933479928199543,4.965068306494546e-16
6,hab_custom,8817,aleatorio,1.1229775075032231,4.965068306494546e-16
6,hab_custom,8818,aleatorio,2.6898636466895143,4.965068306494546e-16
6,hab_custom,8819,aleatorio,0.012264793271444726,4.965068306494546e-16
6,hab_custom,8820,aleatorio,0.13231077959097157,4.965068306494546e-16
6,hab_custom,8821,aleatorio,5.848167622927455e-14,4.965068306494546e-16
6,hab_custom,8822,aleatorio,5.391689730379537e-13,4.965068306494546e-16
6,hab_custom,8823,aleatorio,2.029874243022847,4.965068306494546e-16
6,hab_custom,8824,aleatorio,0.762842224101414,4.965068306494546e-16
6,hab_custom,8825,aleatorio,5.062437161014534e-11,4.965068306494546e-16
6,hab_custom,8826,aleatorio,7.008653880020963,4.965068306494546e-16
6,hab_custom,8827,aleatorio,0.34023114129678617,4.965068306494546e-16
6,hab_custom,8828,aleatorio,0.6632423498996984,4.965068306494546e-16
6,hab_custom,8829,aleatorio,0.5489153215967737,4.965068306494546e-16
6,hab_custom,8830,aleatorio,0.015308222431211679,4.965068306494546e-16
6,hab_custom,8831,aleatorio,6.208569261830288e-15,4.965068306494546e-16
6,hab_custom,8832,aleatorio,0.017243795473562473,4.965068306494546e-16
6,hab_custom,8833,aleatorio,0.19234805144536163,4.965068306494546e-16
6,hab_custom,8834,aleatorio,0.5100164037856528,4.965068306494546e-16
6,hab_custom,8835,aleatorio,4.70264290840695,4.965068306494546e-16
6,hab_custom,8836,aleatorio,1.4830456959314262,4.965068306494546e-16
6,hab_custom,8837,aleatorio,0.0394249480468388,4.965068306494546e-16
6,hab_custom,8838,aleatorio,2.2000351569001506e-14,4.965068306494546e-16
6,hab_custom,8839,aleatorio,5.320611399207369,4.965068306494546e-16
6,hab_custom,8840,aleatorio,0.29806566565587866,4.965068306494546e-16
6,hab_custom,8841,aleatorio,5.489807638489107,4.965068306494546e-16
6,hab_custom,8842,aleatorio,0.355397436010248,4.965068306494546e-16
6,hab_custom,8843,aleatorio,1.0382464699830394,4.965068306494546e-16
6,hab_custom,8844,aleatorio,0.807905696326795,4.965068306494546e-16
6,hab_custom,8845,aleatorio,0.5568573431752548,4.965068306494546e-16
6,hab_custom,8846,aleatorio,0.18224610909658762,4.965068306494546e-16
6,hab_custom,8847,aleatorio,0.7335785219539499,4.965068306494546e-16
6,hab_custom,8848,aleatorio,4.620589020794489,4.965068306494546e-16
6,hab_custom,8849,aleatorio,1.324158391129574,4.965068306494546e-16
6,hab_custom,8850,aleatorio,0.12404680419183546,4.965068306494546e-16
6,hab_custom,8851,aleatorio,0.6417710980556663,4.965068306494546e-16
6,hab_custom,8852,aleatorio,1.2540264372748497,4.965068306494546e-16
6,hab_custom,8853,aleatorio,2.482534153247273e-15,4.965068306494546e-16
6,hab_custom,8854,aleatorio,0.39178658000419453,4.965068306494546e-16
6,hab_custom,8855,aleatorio,2.636633597461006e-15,4.965068306494546e-16
6,hab_custom,8856,aleatorio,2.78924986284653,4.965068306494546e-16
6,hab_custom,8857,aleatorio,5.5110874544980946e-11,4.965068306494546e-16
6,hab_custom,8858,aleatorio,3.692506873831451,4.965068306494546e-16
6,hab_custom,8859,aleatorio,0.6431817473663801,4.965068306494546e-16
6,hab_custom,8860,aleatorio,0.25531105865786635,4.965068306494546e-16
6,hab_custom,8861,aleatorio,8.49850329108334,4.965068306494546e-16
6,hab_custom,8862,aleatorio,0.03247522886453873,4.965068306494546e-16
6,hab_custom,8863,aleatorio,0.3711312331932149,4.965068306494546e-16
6,hab_custom,8864,aleatorio,1.9704133433250166,4.965068306494546e-16
6,hab_custom,8865,aleatorio,0.0023724925287667443,4.965068306494546e-16
6,hab_custom,8866,aleatorio,0.475091521734503,4.965068306494546e-16
6,hab_custom,8867,aleatorio,0.863265705880462,4.965068306494546e-16
6,hab_custom,8868,aleatorio,1.0600165479606871,4.965068306494546e-16
6,hab_custom,8869,aleatorio,9.71524495703999e-13,4.965068306494546e-16
6,hab_custom,8870,aleatorio,8.308148362110449e-16,4.965068306494546e-16
6,hab_custom,8871,aleatorio,0.8735575390476227,4.965068306494546e-16
6,hab_custom,8872,aleatorio,0.907536988987086,4.965068306494546e-16
6,hab_custom,8873,aleatorio,0.12925798743547393,4.965068306494546e-16
6,hab_custom,8874,aleatorio,0.7176496554831179,4.965068306494546e-16
6,hab_custom,8875,aleatorio,2.9585250222431276,4.965068306494546e-16
6,hab_custom,8876,aleatorio,7.742959950613002e-15,4.965068306494546e-16
6,hab_custom,8877,aleatorio,3.7942605776173695e-12,4.965068306494546e-16
6,hab_custom,8878,aleatorio,0.693911725448887,4.965068306494546e-16
6,hab_custom,8879,aleatorio,1.1073042193301872,4.965068306494546e-16
6,hab_custom,8880,aleatorio,0.24855528299146895,4.965068306494546e-16
6,hab_custom,8881,aleatorio,2.174798896982696,4.965068306494546e-16
6,hab_custom,8882,aleatorio,0.6045772901845701,4.965068306494546e-16
6,hab_custom,8883,aleatorio,0.5701795952268408,4.965068306494546e-16
6,hab_custom,8884,aleatorio,8.271259292115158e-13,4.965068306494546e-16
6,hab_custom,8885,aleatorio,0.7271859104824223,4.965068306494546e-16
6,hab_custom,8886,aleatorio,7.132595193234715,4.965068306494546e-16
6,hab_custom,8887,aleatorio,3.3522533834764716,4.965068306494546e-16
6,hab_custom,8888,aleatorio,1.5232664492711416e-13,4.965068306494546e-16
6,hab_custom,8889,aleatorio,7.032927683079302e-14,4.965068306494546e-16
6,hab_custom,8890,aleatorio,0.5558818062087201,4.965068306494546e-16
6,hab_custom,8891,aleatorio,3.2387794615912164,4.965068306494546e-16
6,hab_custom,8892,aleatorio,0.2719669542616839,4.965068306494546e-16
6,hab_custom,8893,aleatorio,0.7461965845501498,4.965068306494546e-16
6,hab_custom,8894,aleatorio,0.05418706941712958,4.965068306494546e-16
6,hab_custom,8895,aleatorio,6.6907466888621805,4.965068306494546e-16
6,hab_custom,8896,aleatorio,1.1964624937224475,4.965068306494546e-16
6,hab_custom,8897,aleatorio,0.7711190121414645,4.965068306494546e-16
6,hab_custom,8898,aleatorio,1.1786966965466423,4.965068306494546e-16
6,hab_custom,8899,aleatorio,4.710455588641346e-12,4.965068306494546e-16
6,hab_custom,8900,aleatorio,1.164501382883468,4.965068306494546e-16
6,hab_custom,8901,aleatorio,1.2800707492222418,4.965068306494546e-16
6,hab_custom,8902,aleatorio,2.1838038918240198e-13,4.965068306494546e-16
6,hab_custom,8903,aleatorio,0.2205927151328295,4.965068306494546e-16
6,hab_custom,8904,aleatorio,3.3232593448441795e-15,4.965068306494546e-16
6,hab_custom,8905,aleatorio,2.41187516556973e-12,4.965068306494546e-16
6,hab_custom,8906,aleatorio,0.019966880170563785,4.965068306494546e-16
6,hab_custom,8907,aleatorio,1.8486130188118636e-15,4.965068306494546e-16
6,hab_custom,8908,aleatorio,1.3843752831214144,4.965068306494546e-16
6,hab_custom,8909,aleatorio,1.1416310590298217e-13,4.965068306494546e-16
6,hab_custom,8910,aleatorio,1.4432899320127035e-15,4.965068306494546e-16
6,hab_custom,8911,aleatorio,8.287718728344682e-13,4.965068306494546e-16
6,hab_custom,8912,aleatorio,1.0175362097255202e-15,4.965068306494546e-16
6,hab_custom,8913,aleatorio,1.3997881337323588e-11,4.965068306494546e-16
6,hab_custom,8914,aleatorio,0.15538039978451149,4.965068306494546e-16
6,hab_custom,8915,aleatorio,0.14572861074752938,4.965068306494546e-16
6,hab_custom,8916,aleatorio,0.2410925757146024,4.965068306494546e-16
6,hab_custom,8917,aleatorio,1.9220943328574263,4.965068306494546e-16
6,hab_custom,8918,aleatorio,0.8947860867649828,4.965068306494546e-16
6,hab_custom,8919,aleatorio,4.512889307473715e-14,4.965068306494546e-16
6,hab_custom,8920,aleatorio,3.3761128270221174e-13,4.965068306494546e-16
6,hab_custom,8921,aleatorio,0.032335472191527236,4.965068306494546e-16
6,hab_custom,8922,aleatorio,0.17329796325908756,4.965068306494546e-16
6,hab_custom,8923,aleatorio,1.8008219370470744,4.965068306494546e-16
6,hab_custom,8924,aleatorio,2.1006540635209285,4.965068306494546e-16
6,hab_custom,8925,aleatorio,0.004385801802393131,4.965068306494546e-16
6,hab_custom,8926,aleatorio,1.4751595075996027,4.965068306494546e-16
6,hab_custom,8927,aleatorio,1.4477844986685962,4.965068306494546e-16
6,hab_custom,8928,aleatorio,3.7463926114488003e-13,4.965068306494546e-16
6,hab_custom,8929,aleatorio,1.662073901991844,4.965068306494546e-16
6,hab_custom,8930,aleatorio,0.08402564392484597,4.965068306494546e-16
6,hab_custom,8931,aleatorio,1.920346836267972,4.965068306494546e-16
6,hab_custom,8932,aleatorio,0.14961782754663294,4.965068306494546e-16
6,hab_custom,8933,aleatorio,0.8798430963109998,4.965068306494546e-16
6,hab_custom,8934,aleatorio,3.1780248260141146,4.965068306494546e-16
6,hab_custom,8935,aleatorio,2.3213467033516455e-12,4.965068306494546e-16
6,hab_custom,8936,aleatorio,1.2310580381951206,4.965068306494546e-16
6,hab_custom,8937,aleatorio,0.599968296201083,4.965068306494546e-16
6,hab_custom,8938,aleatorio,9.930136612989092e-16,4.965068306494546e-16
6,hab_custom,8939,aleatorio,0.4908367683097369,4.965068306494546e-16
6,hab_custom,8940,aleatorio,8.67453135614095e-13,4.965068306494546e-16
6,hab_custom,8941,aleatorio,9.022672732367774e-11,4.965068306494546e-16
6,hab_custom,8942,aleatorio,0.8287464511553467,4.965068306494546e-16
6,hab_custom,8943,aleatorio,2.514162927139808,4.965068306494546e-16
6,hab_custom,8944,aleatorio,0.9199719980995154,4.965068306494546e-16
6,hab_custom,8945,aleatorio,0.1757776893091607,4.965068306494546e-16
6,hab_custom,8946,aleatorio,0.4130589404838316,4.965068306494546e-16
6,hab_custom,8947,aleatorio,1.4217791915866692e-15,4.965068306494546e-16
6,hab_custom,8948,aleatorio,1.395945738572418,4.965068306494546e-16
6,hab_custom,8949,aleatorio,0.24455196635813983,4.965068306494546e-16
6,hab_custom,8950,aleatorio,0.7566406479064558,4.965068306494546e-16
6,hab_custom,8951,aleatorio,2.912220772171703,4.965068306494546e-16
6,hab_custom,8952,aleatorio,1.9959318428847956,4.965068306494546e-16
6,hab_custom,8953,aleatorio,3.637117036186751,4.965068306494546e-16
6,hab_custom,8954,aleatorio,0.331892831232617,4.965068306494546e-16
6,hab_custom,8955,aleatorio,6.956051619221727,4.965068306494546e-16
6,hab_custom,8956,aleatorio,1.4152522823055074,4.965068306494546e-16
6,hab_custom,8957,aleatorio,0.0018372097028781097,4.965068306494546e-16
6,hab_custom,8958,aleatorio,0.12782542581134537,4.965068306494546e-16
6,hab_custom,8959,aleatorio,1.1564320180880052e-12,4.965068306494546e-16
6,hab_custom,8960,aleatorio,0.5242328644231222,4.965068306494546e-16
6,hab_custom,8961,aleatorio,1.339231105752177e-12,4.965068306494546e-16
6,hab_custom,8962,aleatorio,0.1294593983293735,4.965068306494546e-16
6,hab_custom,8963,aleatorio,0.2547504889001837,4.965068306494546e-16
6,hab_custom,8964,aleatorio,0.18258979593806332,4.965068306494546e-16
6,hab_custom,8965,aleatorio,0.9624210130612665,4.965068306494546e-16
6,hab_custom,8966,aleatorio,3.3351664533926026,4.965068306494546e-16
6,hab_custom,8967,aleatorio,2.7755575615628914e-14,4.965068306494546e-16
6,hab_custom,8968,aleatorio,1.172464851230942,4.965068306494546e-16
6,hab_custom,8969,aleatorio,1.861932099549279,4.965068306494546e-16
6,hab_custom,8970,aleatorio,4.170809951509229e-11,4.965068306494546e-16
6,hab_custom,8971,aleatorio,3.14618949041177e-13,4.965068306494546e-16
6,hab_custom,8972,aleatorio,0.11253207823627999,4.965068306494546e-16
6,hab_custom,8973,aleatorio,0.33752548063007565,4.965068306494546e-16
6,hab_custom,8974,aleatorio,0.3958672525946742,4.965068306494546e-16
6,hab_custom,8975,aleatorio,0.371395529637476,4.965068306494546e-16
6,hab_custom,8976,aleatorio,0.1690725592333986,4.965068306494546e-16
6,hab_custom,8977,aleatorio,0.9150460073598456,4.965068306494546e-16
6,hab_custom,8978,aleatorio,0.2678748085396584,4.965068306494546e-16
6,hab_custom,8979,aleatorio,1.559616394323429e-14,4.965068306494546e-16
6,hab_custom,8980,aleatorio,3.0234680476825835,4.965068306494546e-16
6,hab_custom,8981,aleatorio,2.2513907022173236,4.965068306494546e-16
6,hab_custom,8982,aleatorio,3.3929352915214767e-13,4.965068306494546e-16
6,hab_custom,8983,aleatorio,3.1367339695919603e-13,4.965068306494546e-16
6,hab_custom,8984,aleatorio,2.5666517000358014e-12,4.965068306494546e-16
6,hab_custom,8985,aleatorio,4.069232722249535,4.965068306494546e-16
6,hab_custom,8986,aleatorio,1.3905745480667411e-11,4.965068306494546e-16
6,hab_custom,8987,aleatorio,1.5563729669682727,4.965068306494546e-16
6,hab_custom,8988,aleatorio,0.4720259056943404,4.965068306494546e-16
6,hab_custom,8989,aleatorio,0.8140177837046165,4.965068306494546e-16
6,hab_custom,8990,aleatorio,2.382566929354407,4.965068306494546e-16
6,hab_custom,8991,aleatorio,0.013266856844957072,4.965068306494546e-16
6,hab_custom,8992,aleatorio,7.084614889516059e-14,4.965068306494546e-16
6,hab_custom,8993,aleatorio,1.7890585161144565,4.965068306494546e-16
6,hab_custom,8994,aleatorio,0.040379179381911295,4.965068306494546e-16
6,hab_custom,8995,aleatorio,6.190722433145618e-11,4.965068306494546e-16
6,hab_custom,8996,aleatorio,7.764533713125003e-13,4.965068306494546e-16
6,hab_custom,8997,aleatorio,0.6501491318686561,4.965068306494546e-16
6,hab_custom,8998,aleatorio,0.3539089583444636,4.965068306494546e-16
6,hab_custom,8999,aleatorio,7.058704307237817e-13,4.965068306494546e-16
6,hab_custom,9000,aleatorio,0.008058710789602002,4.965068306494546e-16
6,hab_custom,9001,aleatorio,1.5829127481612266,4.965068306494546e-16
6,hab_custom,9002,aleatorio,1.752813180019019,4.965068306494546e-16
6,hab_custom,9003,aleatorio,0.20761201772295657,4.965068306494546e-16
6,hab_custom,9004,aleatorio,2.425672083294596e-11,4.965068306494546e-16
6,hab_custom,9005,aleatorio,1.3322676295501878e-15,4.965068306494546e-16
6,hab_custom,9006,aleatorio,1.7654085053599224,4.965068306494546e-16
6,hab_custom,9007,aleatorio,6.581950320294936e-12,4.965068306494546e-16
6,hab_custom,9008,aleatorio,0.43987519525093877,4.965068306494546e-16
6,hab_custom,9009,aleatorio,0.961485558108134,4.965068306494546e-16
6,hab_custom,9010,aleatorio,0.14124901788157665,4.965068306494546e-16
6,hab_custom,9011,aleatorio,1.2142104744022787e-14,4.965068306494546e-16
6,hab_custom,9012,aleatorio,0.7789729704797457,4.965068306494546e-16
6,hab_custom,9013,aleatorio,0.8219709009847331,4.965068306494546e-16
6,hab_custom,9014,aleatorio,4.138323439737169,4.965068306494546e-16
6,hab_custom,9015,aleatorio,0.870646906286841,4.965068306494546e-16
6,hab_custom,9016,aleatorio,0.4532411581418136,4.965068306494546e-16
6,hab_custom,9017,aleatorio,1.2250931115915658,4.965068306494546e-16
6,hab_custom,9018,aleatorio,0.004217367831096879,4.965068306494546e-16
6,hab_custom,9019,aleatorio,1.340036863692465,4.965068306494546e-16
6,hab_custom,9020,aleatorio,1.448664187596989e-13,4.965068306494546e-16
6,hab_custom,9021,aleatorio,0.7344946864076414,4.965068306494546e-16
6,hab_custom,9022,aleatorio,1.4840690272409294,4.965068306494546e-16
6,hab_custom,9023,aleatorio,1.836509074429148e-12,4.965068306494546e-16
6,hab_custom,9024,aleatorio,1.812355854037575,4.965068306494546e-16
6,hab_custom,9025,aleatorio,3.151938613794234e-15,4.965068306494546e-16
6,hab_custom,9026,aleatorio,0.06564227718500364,4.965068306494546e-16
6,hab_custom,9027,aleatorio,0.24229906259570252,4.965068306494546e-16
6,hab_custom,9028,aleatorio,0.6969489527124437,4.965068306494546e-16
6,hab_custom,9029,aleatorio,0.8745331783296052,4.965068306494546e-16
6,hab_custom,9030,aleatorio,0.9334858875286373,4.965068306494546e-16
6,hab_custom,9031,aleatorio,0.6226345623755578,4.965068306494546e-16
6,hab_custom,9032,aleatorio,1.3270711251229494,4.965068306494546e-16
6,hab_custom,9033,aleatorio,0.7042569183762843,4.965068306494546e-16
6,hab_custom,9034,aleatorio,2.0961351805234974e-11,4.965068306494546e-16
6,hab_custom,9035,aleatorio,1.1537776118301384e-15,4.965068306494546e-16
6,hab_custom,9036,aleatorio,1.4217791915866692e-15,4.965068306494546e-16
6,hab_custom,9037,aleatorio,1.7921186912217354e-13,4.965068306494546e-16
6,hab_custom,9038,aleatorio,0.7023852537526503,4.965068306494546e-16
6,hab_custom,9039,aleatorio,0.0196043171583366,4.965068306494546e-16
6,hab_custom,9040,aleatorio,2.0326462897674396,4.965068306494546e-16
6,hab_custom,9041,aleatorio,0.9990098176011489,4.965068306494546e-16
6,hab_custom,9042,aleatorio,4.530482023757831,4.965068306494546e-16
6,hab_custom,9043,aleatorio,0.014940445960049545,4.965068306494546e-16
6,hab_custom,9044,aleatorio,6.915714231745368e-13,4.965068306494546e-16
6,hab_custom,9045,aleatorio,3.631603759424966e-11,4.965068306494546e-16
6,hab_custom,9046,aleatorio,0.3328770318309787,4.965068306494546e-16
6,hab_custom,9047,aleatorio,3.5984306232184973,4.965068306494546e-16
6,hab_custom,9048,aleatorio,3.457370191157272e-11,4.965068306494546e-16
6,hab_custom,9049,aleatorio,0.2839702585933893,4.965068306494546e-16
6,hab_custom,9050,aleatorio,0.23494631353307488,4.965068306494546e-16
6,hab_custom,9051,aleatorio,2.2060618635749933,4.965068306494546e-16
6,hab_custom,9052,aleatorio,0.10993848183296605,4.965068306494546e-16
6,hab_custom,9053,aleatorio,0.2129475720457151,4.965068306494546e-16
6,hab_custom,9054,aleatorio,3.9134502096348123,4.965068306494546e-16
6,hab_custom,9055,aleatorio,3.7590943185834282,4.965068306494546e-16
6,hab_custom,9056,aleatorio,0.03756859599012124,4.965068306494546e-16
6,hab_custom,9057,aleatorio,0.0903674843474629,4.965068306494546e-16
6,hab_custom,9058,aleatorio,2.7752828068118607,4.965068306494546e-16
6,hab_custom,9059,aleatorio,1.1065203627624931e-13,4.965068306494546e-16
6,hab_custom,9060,aleatorio,4.080195268314519,4.965068306494546e-16
6,hab_custom,9061,aleatorio,0.18882058155241999,4.965068306494546e-16
6,hab_custom,9062,aleatorio,0.8791411332210076,4.965068306494546e-16
6,hab_custom,9063,aleatorio,1.2542931563491757,4.965068306494546e-16
6,hab_custom,9064,aleatorio,7.793554140420439e-12,4.965068306494546e-16
6,hab_custom,9065,aleatorio,0.0015335292795810851,4.965068306494546e-16
6,hab_custom,9066,aleatorio,1.1630408502879543,4.965068306494546e-16
6,hab_custom,9067,aleatorio,4.6298563116095545e-14,4.965068306494546e-16
6,hab_custom,9068,aleatorio,3.0201642586179083,4.965068306494546e-16
6,hab_custom,9069,aleatorio,0.030142649603499598,4.965068306494546e-16
6,hab_custom,9070,aleatorio,1.0656521447167688,4.965068306494546e-16
6,hab_custom,9071,aleatorio,0.36295262609645124,4.965068306494546e-16
6,hab_custom,9072,aleatorio,0.5746798259928046,4.965068306494546e-16
6,hab_custom,9073,aleatorio,2.725525710489793e-12,4.965068306494546e-16
6,hab_custom,9074,aleatorio,1.4090408565000752,4.965068306494546e-16
6,hab_custom,9075,aleatorio,0.004884423100152926,4.965068306494546e-16
6,hab_custom,9076,aleatorio,1.2298249692673496e-13,4.965068306494546e-16
6,hab_custom,9077,aleatorio,1.3060001722413646,4.965068306494546e-16
6,hab_custom,9078,aleatorio,0.2111225760740374,4.965068306494546e-16
6,hab_custom,9079,aleatorio,1.2701414396041022,4.965068306494546e-16
6,hab_custom,9080,aleatorio,2.3137497991215907e-14,4.965068306494546e-16
6,hab_custom,9081,aleatorio,0.5061191570960889,4.965068306494546e-16
6,hab_custom,9082,aleatorio,1.472877282518059e-15,4.965068306494546e-16
6,hab_custom,9083,aleatorio,0.15171560447646482,4.965068306494546e-16
6,hab_custom,9084,aleatorio,3.612390667654956e-11,4.965068306494546e-16
6,hab_custom,9085,aleatorio,1.3645051992877454e-13,4.965068306494546e-16
6,hab_custom,9086,aleatorio,2.7665112106858167,4.965068306494546e-16
6,hab_custom,9087,aleatorio,6.492517421654313e-14,4.965068306494546e-16
6,hab_custom,9088,aleatorio,2.9838349833851785,4.965068306494546e-16
6,hab_custom,9089,aleatorio,0.971710168273305,4.965068306494546e-16
6,hab_custom,9090,aleatorio,0.6848577381662825,4.965068306494546e-16
6,hab_custom,9091,aleatorio,0.6693059003118679,4.965068306494546e-16
6,hab_custom,9092,aleatorio,0.46889335854162806,4.965068306494546e-16
6,hab_custom,9093,aleatorio,6.661338147750939e-16,4.965068306494546e-16
6,hab_custom,9094,aleatorio,0.9432004227932554,4.965068306494546e-16
6,hab_custom,9095,aleatorio,3.6270427190644175e-13,4.965068306494546e-16
6,hab_custom,9096,aleatorio,1.753501678575481,4.965068306494546e-16
6,hab_custom,9097,aleatorio,4.37112940364404e-13,4.965068306494546e-16
6,hab_custom,9098,aleatorio,0.004727603447635333,4.965068306494546e-16
6,hab_custom,9099,aleatorio,3.308555173664641,4.965068306494546e-16
6,hab_custom,9100,aleatorio,6.280369834735101e-16,4.965068306494546e-16
6,hab_custom,9101,aleatorio,2.2722986475603077e-14,4.965068306494546e-16
6,hab_custom,9102,aleatorio,1.8087872189887535,4.965068306494546e-16
6,hab_custom,9103,aleatorio,0.37912394602044697,4.965068306494546e-16
6,hab_custom,9104,aleatorio,7.438626827750576e-14,4.965068306494546e-16
6,hab_custom,9105,aleatorio,2.445531527290286,4.965068306494546e-16
6,hab_custom,9106,aleatorio,2.1644101447261344,4.965068306494546e-16
6,hab_custom,9107,aleatorio,2.26792035654222,4.965068306494546e-16
6,hab_custom,9108,aleatorio,2.3564404582703406e-13,4.965068306494546e-16
6,hab_custom,9109,aleatorio,1.2811475152384677e-12,4.965068306494546e-16
6,hab_custom,9110,aleatorio,1.1801832636420706e-15,4.965068306494546e-16
6,hab_custom,9111,aleatorio,1.1225897630177128,4.965068306494546e-16
6,hab_custom,9112,aleatorio,1.3322676295501878e-15,4.965068306494546e-16
6,hab_custom,9113,aleatorio,0.06882873429297201,4.965068306494546e-16
6,hab_custom,9114,aleatorio,1.9860273225978185e-15,4.965068306494546e-16
6,hab_custom,9115,aleatorio,1.647693007667825,4.965068306494546e-16
6,hab_custom,9116,aleatorio,0.8036982810677077,4.965068306494546e-16
6,hab_custom,9117,aleatorio,8.962955003993013e-13,4.965068306494546e-16
6,hab_custom,9118,aleatorio,0.035247048612912744,4.965068306494546e-16
6,hab_custom,9119,aleatorio,0.08599602088634686,4.965068306494546e-16
6,hab_custom,9120,aleatorio,2.733360382309079,4.965068306494546e-16
6,hab_custom,9121,aleatorio,4.695236080256886e-14,4.965068306494546e-16
6,hab_custom,9122,aleatorio,0.36413077948349853,4.965068306494546e-16
6,hab_custom,9123,aleatorio,0.8254204653154903,4.965068306494546e-16
6,hab_custom,9124,aleatorio,2.333277101313437e-11,4.965068306494546e-16
6,hab_custom,9125,aleatorio,3.460968536187945,4.965068306494546e-16
6,hab_custom,9126,aleatorio,0.05043270071840915,4.965068306494546e-16
6,hab_custom,9127,aleatorio,1.2166443740622665e-14,4.965068306494546e-16
6,hab_custom,9128,aleatorio,0.16225667581239836,4.965068306494546e-16
6,hab_custom,9129,aleatorio,8.13207862251363e-14,4.965068306494546e-16
6,hab_custom,9130,aleatorio,0.9573863234297387,4.965068306494546e-16
6,hab_custom,9131,aleatorio,2.7773816737263957,4.965068306494546e-16
6,hab_custom,9132,aleatorio,3.1732819315567444,4.965068306494546e-16
6,hab_custom,9133,aleatorio,2.1362186823098672,4.965068306494546e-16
6,hab_custom,9134,aleatorio,5.845300501889109e-15,4.965068306494546e-16
6,hab_custom,9135,aleatorio,0.9267473667002672,4.965068306494546e-16
6,hab_custom,9136,aleatorio,6.591932493546786e-11,4.965068306494546e-16
6,hab_custom,9137,aleatorio,0.21676033417108015,4.965068306494546e-16
6,hab_custom,9138,aleatorio,0.05667880721897652,4.965068306494546e-16
6,hab_custom,9139,aleatorio,0.3584525346686446,4.965068306494546e-16
6,hab_custom,9140,aleatorio,0.3000785001929158,4.965068306494546e-16
6,hab_custom,9141,aleatorio,0.2211065880872854,4.965068306494546e-16
6,hab_custom,9142,aleatorio,0.14550561375162577,4.965068306494546e-16
6,hab_custom,9143,aleatorio,0.43310919611999504,4.965068306494546e-16
6,hab_custom,9144,aleatorio,1.0539915578509014,4.965068306494546e-16
6,hab_custom,9145,aleatorio,2.6202694442132388e-11,4.965068306494546e-16
6,hab_custom,9146,aleatorio,0.006104680202837992,4.965068306494546e-16
6,hab_custom,9147,aleatorio,3.539195689509886,4.965068306494546e-16
6,hab_custom,9148,aleatorio,9.506031400676578e-15,4.965068306494546e-16
6,hab_custom,9149,aleatorio,0.44070931085449894,4.965068306494546e-16
6,hab_custom,9150,aleatorio,0.49647060907391377,4.965068306494546e-16
6,hab_custom,9151,aleatorio,2.2596209147429856e-12,4.965068306494546e-16
6,hab_custom,9152,aleatorio,5.768888059150692e-16,4.965068306494546e-16
6,hab_custom,9153,aleatorio,6.023919126296978e-15,4.965068306494546e-16
6,hab_custom,9154,aleatorio,1.7381310894977214e-13,4.965068306494546e-16
6,hab_custom,9155,aleatorio,0.858778199908368,4.965068306494546e-16
6,hab_custom,9156,aleatorio,4.803559250984065e-14,4.965068306494546e-16
6,hab_custom,9157,aleatorio,1.5326102847105297e-12,4.965068306494546e-16
6,hab_custom,9158,aleatorio,0.09326723996753644,4.965068306494546e-16
6,hab_custom,9159,aleatorio,0.5530611091848568,4.965068306494546e-16
6,hab_custom,9160,aleatorio,5.797203634011367e-14,4.965068306494546e-16
6,hab_custom,9161,aleatorio,14.008294958961637,4.965068306494546e-16
6,hab_custom,9162,aleatorio,1.9118590894527485,4.965068306494546e-16
6,hab_custom,9163,aleatorio,7.364386412590295e-16,4.965068306494546e-16
6,hab_custom,9164,aleatorio,4.9628873531996616e-12,4.965068306494546e-16
6,hab_custom,9165,aleatorio,0.09396918725379334,4.965068306494546e-16
6,hab_custom,9166,aleatorio,0.13424328339329827,4.965068306494546e-16
6,hab_custom,9167,aleatorio,0.00475501737473251,4.965068306494546e-16
6,hab_custom,9168,aleatorio,8.157674342125295,4.965068306494546e-16
6,hab_custom,9169,aleatorio,1.4619378956499771,4.965068306494546e-16
6,hab_custom,9170,aleatorio,0.8006516748521273,4.965068306494546e-16
6,hab_custom,9171,aleatorio,0.15463100869479052,4.965068306494546e-16
6,hab_custom,9172,aleatorio,4.286836291358684e-11,4.965068306494546e-16
6,hab_custom,9173,aleatorio,1.2668030336838403e-11,4.965068306494546e-16
6,hab_custom,9174,aleatorio,0.3303510797895121,4.965068306494546e-16
6,hab_custom,9175,aleatorio,2.713268414854315e-11,4.965068306494546e-16
6,hab_custom,9176,aleatorio,2.1470691453433183e-15,4.965068306494546e-16
6,hab_custom,9177,aleatorio,0.06134417051833374,4.965068306494546e-16
6,hab_custom,9178,aleatorio,0.9357689023512443,4.965068306494546e-16
6,hab_custom,9179,aleatorio,4.619194757151669,4.965068306494546e-16
6,hab_custom,9180,aleatorio,1.4947820393916134,4.965068306494546e-16
6,hab_custom,9181,aleatorio,1.4468290025747632,4.965068306494546e-16
6,hab_custom,9182,aleatorio,1.0175362097255202e-15,4.965068306494546e-16
6,hab_custom,9183,aleatorio,1.0643435745825034,4.965068306494546e-16
6,hab_custom,9184,aleatorio,3.2304554337209495,4.965068306494546e-16
6,hab_custom,9185,aleatorio,0.21360152070737165,4.965068306494546e-16
6,hab_custom,9186,aleatorio,0.45412194027880465,4.965068306494546e-16
6,hab_custom,9187,aleatorio,2.5271992833579814e-13,4.965068306494546e-16
6,hab_custom,9188,aleatorio,0.7505928409191162,4.965068306494546e-16
6,hab_custom,9189,aleatorio,2.7691953831568873e-11,4.965068306494546e-16
6,hab_custom,9190,aleatorio,0.3542933351324497,4.965068306494546e-16
6,hab_custom,9191,aleatorio,0.15754708706572612,4.965068306494546e-16
6,hab_custom,9192,aleatorio,1.6765470506119468e-14,4.965068306494546e-16
6,hab_custom,9193,aleatorio,0.08747830504883974,4.965068306494546e-16
6,hab_custom,9194,aleatorio,1.835448439529569e-12,4.965068306494546e-16
6,hab_custom,9195,aleatorio,0.2944936451465311,4.965068306494546e-16
6,hab_custom,9196,aleatorio,0.0010143287596295805,4.965068306494546e-16
6,hab_custom,9197,aleatorio,0.2562748683262688,4.965068306494546e-16
6,hab_custom,9198,aleatorio,0.2212700795176645,4.965068306494546e-16
6,hab_custom,9199,aleatorio,0.22283730072622426,4.965068306494546e-16
6,hab_custom,9200,aleatorio,2.703680759277491e-12,4.965068306494546e-16
6,hab_custom,9201,aleatorio,6.88453453421707e-05,4.965068306494546e-16
6,hab_custom,9202,aleatorio,1.5266203288394293,4.965068306494546e-16
6,hab_custom,9203,aleatorio,1.9133237149764433e-15,4.965068306494546e-16
6,hab_custom,9204,aleatorio,2.3981798386153526,4.965068306494546e-16
6,hab_custom,9205,aleatorio,0.18020667511596303,4.965068306494546e-16
6,hab_custom,9206,aleatorio,0.08158902846161713,4.965068306494546e-16
6,hab_custom,9207,aleatorio,3.797163252733433e-11,4.965068306494546e-16
6,hab_custom,9208,aleatorio,0.8463634602613753,4.965068306494546e-16
6,hab_custom,9209,aleatorio,0.11652716978816977,4.965068306494546e-16
6,hab_custom,9210,aleatorio,2.3446480403802455e-15,4.965068306494546e-16
6,hab_custom,9211,aleatorio,0.21484286768941516,4.965068306494546e-16
6,hab_custom,9212,aleatorio,0.8614521865534167,4.965068306494546e-16
6,hab_custom,9213,aleatorio,3.748537153599756e-11,4.965068306494546e-16
6,hab_custom,9214,aleatorio,0.0035363727673541684,4.965068306494546e-16
6,hab_custom,9215,aleatorio,3.6909197059903955e-14,4.965068306494546e-16
6,hab_custom,9216,aleatorio,0.03623202277137231,4.965068306494546e-16
6,hab_custom,9217,aleatorio,0.6472360858309131,4.965068306494546e-16
6,hab_custom,9218,aleatorio,2.619588176241886,4.965068306494546e-16
6,hab_custom,9219,aleatorio,0.4541002735405048,4.965068306494546e-16
6,hab_custom,9220,aleatorio,7.1856654513964955,4.965068306494546e-16
6,hab_custom,9221,aleatorio,6.661338147750939e-16,4.965068306494546e-16
6,hab_custom,9222,aleatorio,0.8259643448814545,4.965068306494546e-16
6,hab_custom,9223,aleatorio,1.5740905681750879,4.965068306494546e-16
6,hab_custom,9224,aleatorio,0.21048938860391692,4.965068306494546e-16
6,hab_custom,9225,aleatorio,0.606836170718712,4.965068306494546e-16
6,hab_custom,9226,aleatorio,0.4404698860481641,4.965068306494546e-16
6,hab_custom,9227,aleatorio,1.4027165077584805e-12,4.965068306494546e-16
6,hab_custom,9228,aleatorio,0.005675519548346565,4.965068306494546e-16
6,hab_custom,9229,aleatorio,0.03856719991150933,4.965068306494546e-16
6,hab_custom,9230,aleatorio,0.795496166843613,4.965068306494546e-16
6,hab_custom,9231,aleatorio,2.211803414123464,4.965068306494546e-16
6,hab_custom,9232,aleatorio,4.457892997874459e-12,4.965068306494546e-16
6,hab_custom,9233,aleatorio,3.1838953821163526e-11,4.965068306494546e-16
6,hab_custom,9234,aleatorio,1.8271404145721862e-13,4.965068306494546e-16
6,hab_custom,9235,aleatorio,0.016875217759773346,4.965068306494546e-16
6,hab_custom,9236,aleatorio,0.8448266357858648,4.965068306494546e-16
6,hab_custom,9237,aleatorio,22.24935883318524,4.965068306494546e-16
6,hab_custom,9238,aleatorio,2.401779625492033e-15,4.965068306494546e-16
6,hab_custom,9239,aleatorio,0.18980782428048787,4.965068306494546e-16
6,hab_custom,9240,aleatorio,1.8223100059271873,4.965068306494546e-16
6,hab_custom,9241,aleatorio,0.14024636158941625,4.965068306494546e-16
6,hab_custom,9242,aleatorio,0.2537274867868923,4.965068306494546e-16
6,hab_custom,9243,aleatorio,2.576100224209408e-14,4.965068306494546e-16
6,hab_custom,9244,aleatorio,0.1911246785440093,4.965068306494546e-16
6,hab_custom,9245,aleatorio,7.364386412590295e-16,4.965068306494546e-16
6,hab_custom,9246,aleatorio,0.13166956185602371,4.965068306494546e-16
6,hab_custom,9247,aleatorio,1.9134103601659744e-13,4.965068306494546e-16
6,hab_custom,9248,aleatorio,0.5644049480085266,4.965068306494546e-16
6,hab_custom,9249,aleatorio,1.1214171392639187,4.965068306494546e-16
6,hab_custom,9250,aleatorio,0.1881389100395769,4.965068306494546e-16
6,hab_custom,9251,aleatorio,1.2462222543165673e-15,4.965068306494546e-16
6,hab_custom,9252,aleatorio,0.2336048738131516,4.965068306494546e-16
6,hab_custom,9253,aleatorio,3.6738920051887276,4.965068306494546e-16
6,hab_custom,9254,aleatorio,0.8403789792397129,4.965068306494546e-16
6,hab_custom,9255,aleatorio,0.19105800314609353,4.965068306494546e-16
6,hab_custom,9256,aleatorio,1.5052519883089647e-13,4.965068306494546e-16
6,hab_custom,9257,aleatorio,0.9336217072841722,4.965068306494546e-16
6,hab_custom,9258,aleatorio,0.8532980650527646,4.965068306494546e-16
6,hab_custom,9259,aleatorio,0.7862513988475419,4.965068306494546e-16
6,hab_custom,9260,aleatorio,8.455206652451151e-16,4.965068306494546e-16
6,hab_custom,9261,aleatorio,0.1833830297183639,4.965068306494546e-16
6,hab_custom,9262,aleatorio,1.2972042701323376e-14,4.965068306494546e-16
6,hab_custom,9263,aleatorio,4.1121031803535826e-11,4.965068306494546e-16
6,hab_custom,9264,aleatorio,2.3691012921508943,4.965068306494546e-16
6,hab_custom,9265,aleatorio,0.5350799380669947,4.965068306494546e-16
6,hab_custom,9266,aleatorio,0.8706737218709603,4.965068306494546e-16
6,hab_custom,9267,aleatorio,2.079581273209367,4.965068306494546e-16
6,hab_custom,9268,aleatorio,1.115151714957251,4.965068306494546e-16
6,hab_custom,9269,aleatorio,0.03182466941102587,4.965068306494546e-16
6,hab_custom,9270,aleatorio,2.059113726568825,4.965068306494546e-16
6,hab_custom,9271,aleatorio,1.978243170669699,4.965068306494546e-16
6,hab_custom,9272,aleatorio,3.1086244689504383e-15,4.965068306494546e-16
6,hab_custom,9273,aleatorio,2.203573267266736,4.965068306494546e-16
6,hab_custom,9274,aleatorio,0.14772487327733894,4.965068306494546e-16
6,hab_custom,9275,aleatorio,0.08119029340333066,4.965068306494546e-16
6,hab_custom,9276,aleatorio,0.33220039774946625,4.965068306494546e-16
6,hab_custom,9277,aleatorio,4.073269217048646,4.965068306494546e-16
6,hab_custom,9278,aleatorio,9.406015204837424e-13,4.965068306494546e-16
6,hab_custom,9279,aleatorio,5.117617174362315,4.965068306494546e-16
6,hab_custom,9280,aleatorio,0.050500245652480374,4.965068306494546e-16
6,hab_custom,9281,aleatorio,0.3645171412328206,4.965068306494546e-16
6,hab_custom,9282,aleatorio,3.3009303617866928e-15,4.965068306494546e-16
6,hab_custom,9283,aleatorio,0.7112182603135202,4.965068306494546e-16
6,hab_custom,9284,aleatorio,0.1510855298942199,4.965068306494546e-16
6,hab_custom,9285,aleatorio,0.4333310029797466,4.965068306494546e-16
6,hab_custom,9286,aleatorio,0.019970996541053557,4.965068306494546e-16
6,hab_custom,9287,aleatorio,0.006615258590496053,4.965068306494546e-16
6,hab_custom,9288,aleatorio,2.621503846426937,4.965068306494546e-16
6,hab_custom,9289,aleatorio,2.094764613337708e-15,4.965068306494546e-16
6,hab_custom,9290,aleatorio,1.1102230246251565e-15,4.965068306494546e-16
6,hab_custom,9291,aleatorio,1.872839071140769,4.965068306494546e-16
6,hab_custom,9292,aleatorio,0.9146038044924961,4.965068306494546e-16
6,hab_custom,9293,aleatorio,0.6118304569333223,4.965068306494546e-16
6,hab_custom,9294,aleatorio,0.9334165831073268,4.965068306494546e-16
6,hab_custom,9295,aleatorio,4.8490987009008295,4.965068306494546e-16
6,hab_custom,9296,aleatorio,1.1392681359879593,4.965068306494546e-16
6,hab_custom,9297,aleatorio,0.015199858427836286,4.965068306494546e-16
6,hab_custom,9298,aleatorio,1.2702566244551476,4.965068306494546e-16
6,hab_custom,9299,aleatorio,0.6331956648414425,4.965068306494546e-16
6,hab_custom,9300,aleatorio,0.10692565519544314,4.965068306494546e-16
6,hab_custom,9301,aleatorio,2.930799820470375,4.965068306494546e-16
6,hab_custom,9302,aleatorio,7.926734536641105e-11,4.965068306494546e-16
6,hab_custom,9303,aleatorio,1.861313200509917,4.965068306494546e-16
6,hab_custom,9304,aleatorio,0.9462194019125649,4.965068306494546e-16
6,hab_custom,9305,aleatorio,1.4766222515047436,4.965068306494546e-16
6,hab_custom,9306,aleatorio,1.800647172442212,4.965068306494546e-16
6,hab_custom,9307,aleatorio,0.6435862460958056,4.965068306494546e-16
6,hab_custom,9308,aleatorio,0.7765336518570797,4.965068306494546e-16
6,hab_custom,9309,aleatorio,0.08796608059352665,4.965068306494546e-16
6,hab_custom,9310,aleatorio,7.956493490583847e-12,4.965068306494546e-16
6,hab_custom,9311,aleatorio,1.0536799011493636,4.965068306494546e-16
6,hab_custom,9312,aleatorio,0.006590525449594304,4.965068306494546e-16
6,hab_custom,9313,aleatorio,0.009481489199325526,4.965068306494546e-16
6,hab_custom,9314,aleatorio,0.23056375088478173,4.965068306494546e-16
6,hab_custom,9315,aleatorio,0.5144306867186894,4.965068306494546e-16
6,hab_custom,9316,aleatorio,1.4377469613597401e-13,4.965068306494546e-16
6,hab_custom,9317,aleatorio,0.35953283149894116,4.965068306494546e-16
6,hab_custom,9318,aleatorio,2.7874441092912538e-12,4.965068306494546e-16
6,hab_custom,9319,aleatorio,8.005932084973442e-16,4.965068306494546e-16
6,hab_custom,9320,aleatorio,1.2428181570820517e-11,4.965068306494546e-16
6,hab_custom,9321,aleatorio,6.7504846661671275e-15,4.965068306494546e-16
6,hab_custom,9322,aleatorio,1.8214425998422563e-14,4.965068306494546e-16
6,hab_custom,9323,aleatorio,7.024390471666805e-11,4.965068306494546e-16
6,hab_custom,9324,aleatorio,1.4130832128153975e-15,4.965068306494546e-16
6,hab_custom,9325,aleatorio,1.245102747746387e-13,4.965068306494546e-16
6,hab_custom,9326,aleatorio,0.44145020300843735,4.965068306494546e-16
6,hab_custom,9327,aleatorio,0.035324731225357536,4.965068306494546e-16
6,hab_custom,9328,aleatorio,3.4704480510420006,4.965068306494546e-16
6,hab_custom,9329,aleatorio,1.1191892844857614,4.965068306494546e-16
6,hab_custom,9330,aleatorio,0.5696542276031825,4.965068306494546e-16
6,hab_custom,9331,aleatorio,0.06135836658864898,4.965068306494546e-16
6,hab_custom,9332,aleatorio,2.2700735369930772e-14,4.965068306494546e-16
6,hab_custom,9333,aleatorio,2.9089175386880837,4.965068306494546e-16
6,hab_custom,9334,aleatorio,9.171947447016606e-16,4.965068306494546e-16
6,hab_custom,9335,aleatorio,9.42438107540658e-14,4.965068306494546e-16
6,hab_custom,9336,aleatorio,0.8580478613751208,4.965068306494546e-16
6,hab_custom,9337,aleatorio,1.7702748954631059e-15,4.965068306494546e-16
6,hab_custom,9338,aleatorio,1.9905285447632601,4.965068306494546e-16
6,hab_custom,9339,aleatorio,9.155133597044475e-16,4.965068306494546e-16
6,hab_custom,9340,aleatorio,5.618246417060452,4.965068306494546e-16
6,hab_custom,9341,aleatorio,1.3574470749582686,4.965068306494546e-16
6,hab_custom,9342,aleatorio,2.7521591376350605,4.965068306494546e-16
6,hab_custom,9343,aleatorio,0.67698842686012,4.965068306494546e-16
6,hab_custom,9344,aleatorio,0.5920780851939491,4.965068306494546e-16
6,hab_custom,9345,aleatorio,0.6426248742603433,4.965068306494546e-16
6,hab_custom,9346,aleatorio,1.000541958264667e-13,4.965068306494546e-16
6,hab_custom,9347,aleatorio,1.1232022131700865,4.965068306494546e-16
6,hab_custom,9348,aleatorio,6.104572784737948e-13,4.965068306494546e-16
6,hab_custom,9349,aleatorio,0.36822426757420035,4.965068306494546e-16
6,hab_custom,9350,aleatorio,0.6592893856124713,4.965068306494546e-16
6,hab_custom,9351,aleatorio,6.004243779911025e-14,4.965068306494546e-16
6,hab_custom,9352,aleatorio,0.6703225035514824,4.965068306494546e-16
6,hab_custom,9353,aleatorio,1.3852167265271988,4.965068306494546e-16
6,hab_custom,9354,aleatorio,1.3012321585749373e-12,4.965068306494546e-16
6,hab_custom,9355,aleatorio,9.558006687481042e-12,4.965068306494546e-16
6,hab_custom,9356,aleatorio,0.17152263166545312,4.965068306494546e-16
6,hab_custom,9357,aleatorio,0.5139760067612986,4.965068306494546e-16
6,hab_custom,9358,aleatorio,6.29975998305387e-14,4.965068306494546e-16
6,hab_custom,9359,aleatorio,1.1925622922972881e-11,4.965068306494546e-16
6,hab_custom,9360,aleatorio,0.7094619316602205,4.965068306494546e-16
6,hab_custom,9361,aleatorio,0.07584767981955493,4.965068306494546e-16
6,hab_custom,9362,aleatorio,0.8161919220772887,4.965068306494546e-16
6,hab_custom,9363,aleatorio,2.5146000066436358e-15,4.965068306494546e-16
6,hab_custom,9364,aleatorio,0.30529711117130504,4.965068306494546e-16
6,hab_custom,9365,aleatorio,1.3220514147075765e-14,4.965068306494546e-16
6,hab_custom,9366,aleatorio,1.843777342899158,4.965068306494546e-16
6,hab_custom,9367,aleatorio,0.7356098275367816,4.965068306494546e-16
6,hab_custom,9368,aleatorio,0.30201455390659965,4.965068306494546e-16
6,hab_custom,9369,aleatorio,1.5391711750133094e-14,4.965068306494546e-16
6,hab_custom,9370,aleatorio,7.631521572941402e-16,4.965068306494546e-16
6,hab_custom,9371,aleatorio,3.800791407964896e-15,4.965068306494546e-16
6,hab_custom,9372,aleatorio,4.493022803649863,4.965068306494546e-16
6,hab_custom,9373,aleatorio,0.30181145626631856,4.965068306494546e-16
6,hab_custom,9374,aleatorio,0.3638569317962346,4.965068306494546e-16
6,hab_custom,9375,aleatorio,1.0070624415636384,4.965068306494546e-16
6,hab_custom,9376,aleatorio,0.03629225553482552,4.965068306494546e-16
6,hab_custom,9377,aleatorio,1.024347891258752,4.965068306494546e-16
6,hab_custom,9378,aleatorio,6.439762499268511e-14,4.965068306494546e-16
6,hab_custom,9379,aleatorio,7.139536259684902,4.965068306494546e-16
6,hab_custom,9380,aleatorio,0.02921290095520765,4.965068306494546e-16
6,hab_custom,9381,aleatorio,0.04243704035868964,4.965068306494546e-16
6,hab_custom,9382,aleatorio,0.4942785626702663,4.965068306494546e-16
6,hab_custom,9383,aleatorio,0.39817036686900786,4.965068306494546e-16
6,hab_custom,9384,aleatorio,0.23851821040289858,4.965068306494546e-16
6,hab_custom,9385,aleatorio,0.5786835508494899,4.965068306494546e-16
6,hab_custom,9386,aleatorio,1.631687946612622e-15,4.965068306494546e-16
6,hab_custom,9387,aleatorio,1.111110848057422e-14,4.965068306494546e-16
6,hab_custom,9388,aleatorio,1.4233224014277697,4.965068306494546e-16
6,hab_custom,9389,aleatorio,0.3018892684120236,4.965068306494546e-16
6,hab_custom,9390,aleatorio,1.513466814338334,4.965068306494546e-16
6,hab_custom,9391,aleatorio,0.0499052189940849,4.965068306494546e-16
6,hab_custom,9392,aleatorio,4.468648238917257,4.965068306494546e-16
6,hab_custom,9393,aleatorio,1.7392038093851492,4.965068306494546e-16
6,hab_custom,9394,aleatorio,0.2493775627741251,4.965068306494546e-16
6,hab_custom,9395,aleatorio,2.0958498677354016,4.965068306494546e-16
6,hab_custom,9396,aleatorio,0.0015100212207543838,4.965068306494546e-16
6,hab_custom,9397,aleatorio,2.747279665351122,4.965068306494546e-16
6,hab_custom,9398,aleatorio,1.791955481059394,4.965068306494546e-16
6,hab_custom,9399,aleatorio,2.7106004200092774e-13,4.965068306494546e-16
6,hab_custom,9400,aleatorio,0.22900223062750097,4.965068306494546e-16
6,hab_custom,9401,aleatorio,1.4220632840964598,4.965068306494546e-16
6,hab_custom,9402,aleatorio,1.8742004996308366e-13,4.965068306494546e-16
6,hab_custom,9403,aleatorio,2.3914935841127266e-15,4.965068306494546e-16
6,hab_custom,9404,aleatorio,2.071811348676334,4.965068306494546e-16
6,hab_custom,9405,aleatorio,6.028437593285527,4.965068306494546e-16
6,hab_custom,9406,aleatorio,9.155133597044475e-16,4.965068306494546e-16
6,hab_custom,9407,aleatorio,3.203573728034442e-11,4.965068306494546e-16
6,hab_custom,9408,aleatorio,6.678328427618139e-13,4.965068306494546e-16
6,hab_custom,9409,aleatorio,0.6901968014753831,4.965068306494546e-16
6,hab_custom,9410,aleatorio,3.423252031587055e-13,4.965068306494546e-16
6,hab_custom,9411,aleatorio,0.8450986570206348,4.965068306494546e-16
6,hab_custom,9412,aleatorio,0.39221399114946587,4.965068306494546e-16
6,hab_custom,9413,aleatorio,0.21324839318734937,4.965068306494546e-16
6,hab_custom,9414,aleatorio,1.0431794474889469,4.965068306494546e-16
6,hab_custom,9415,aleatorio,2.0808612527144305e-14,4.965068306494546e-16
6,hab_custom,9416,aleatorio,3.3899660546465293,4.965068306494546e-16
6,hab_custom,9417,aleatorio,0.3781455495233226,4.965068306494546e-16
6,hab_custom,9418,aleatorio,0.16208754894019295,4.965068306494546e-16
6,hab_custom,9419,aleatorio,0.537655444446936,4.965068306494546e-16
6,hab_custom,9420,aleatorio,4.993089535733955e-13,4.965068306494546e-16
6,hab_custom,9421,aleatorio,2.5783064550830033,4.965068306494546e-16
6,hab_custom,9422,aleatorio,8.593170031305329e-13,4.965068306494546e-16
6,hab_custom,9423,aleatorio,7.906783589979253e-15,4.965068306494546e-16
6,hab_custom,9424,aleatorio,1.000515162072885,4.965068306494546e-16
6,hab_custom,9425,aleatorio,4.145342469211539,4.965068306494546e-16
6,hab_custom,9426,aleatorio,4.424260901816199e-13,4.965068306494546e-16
6,hab_custom,9427,aleatorio,0.32339746977719763,4.965068306494546e-16
6,hab_custom,9428,aleatorio,0.8536688595928688,4.965068306494546e-16
6,hab_custom,9429,aleatorio,1.84672051391288e-13,4.965068306494546e-16
6,hab_custom,9430,aleatorio,0.5426018345221656,4.965068306494546e-16
6,hab_custom,9431,aleatorio,0.06897922335301176,4.965068306494546e-16
6,hab_custom,9432,aleatorio,3.274893344025996,4.965068306494546e-16
6,hab_custom,9433,aleatorio,1.1745987461257337,4.965068306494546e-16
6,hab_custom,9434,aleatorio,1.433832727201793e-14,4.965068306494546e-16
6,hab_custom,9435,aleatorio,0.18596025759333518,4.965068306494546e-16
6,hab_custom,9436,aleatorio,0.19972287553636017,4.965068306494546e-16
6,hab_custom,9437,aleatorio,2.513238729332512,4.965068306494546e-16
6,hab_custom,9438,aleatorio,8.08254562088053e-16,4.965068306494546e-16
6,hab_custom,9439,aleatorio,0.37406742953143846,4.965068306494546e-16
6,hab_custom,9440,aleatorio,5.66849043254455e-14,4.965068306494546e-16
6,hab_custom,9441,aleatorio,2.4850154473731614e-15,4.965068306494546e-16
6,hab_custom,9442,aleatorio,2.817430187029739e-15,4.965068306494546e-16
6,hab_custom,9443,aleatorio,0.03383037733082017,4.965068306494546e-16
6,hab_custom,9444,aleatorio,4.176196651259435,4.965068306494546e-16
6,hab_custom,9445,aleatorio,0.21197399785735774,4.965068306494546e-16
6,hab_custom,9446,aleatorio,1.3020242750170041,4.965068306494546e-16
6,hab_custom,9447,aleatorio,4.0350763735665876e-11,4.965068306494546e-16
6,hab_custom,9448,aleatorio,0.921723959524436,4.965068306494546e-16
6,hab_custom,9449,aleatorio,8.929433718158347e-13,4.965068306494546e-16
6,hab_custom,9450,aleatorio,1.4721427977445467,4.965068306494546e-16
6,hab_custom,9451,aleatorio,0.09754209514595531,4.965068306494546e-16
6,hab_custom,9452,aleatorio,1.5263043145882805e-15,4.965068306494546e-16
6,hab_custom,9453,aleatorio,1.3661377276523405,4.965068306494546e-16
6,hab_custom,9454,aleatorio,3.374483096621442e-12,4.965068306494546e-16
6,hab_custom,9455,aleatorio,1.0837740205026547,4.965068306494546e-16
6,hab_custom,9456,aleatorio,2.2294556984623632,4.965068306494546e-16
6,hab_custom,9457,aleatorio,9.155133597044475e-16,4.965068306494546e-16
6,hab_custom,9458,aleatorio,0.4460004954319319,4.965068306494546e-16
6,hab_custom,9459,aleatorio,1.1072068065023972,4.965068306494546e-16
6,hab_custom,9460,aleatorio,0.09403677765478868,4.965068306494546e-16
6,hab_custom,9461,aleatorio,8.826075599823028e-12,4.965068306494546e-16
6,hab_custom,9462,aleatorio,4.166868172985678,4.965068306494546e-16
6,hab_custom,9463,aleatorio,0.2743065766666021,4.965068306494546e-16
6,hab_custom,9464,aleatorio,4.9077885678507285e-14,4.965068306494546e-16
6,hab_custom,9465,aleatorio,0.36009339120844447,4.965068306494546e-16
6,hab_custom,9466,aleatorio,1.7971716135849135e-13,4.965068306494546e-16
6,hab_custom,9467,aleatorio,2.489056864196014,4.965068306494546e-16
6,hab_custom,9468,aleatorio,0.42131043914796024,4.965068306494546e-16
6,hab_custom,9469,aleatorio,1.232667060057628,4.965068306494546e-16
6,hab_custom,9470,aleatorio,3.2497999706633216e-13,4.965068306494546e-16
6,hab_custom,9471,aleatorio,2.1075530680056574e-14,4.965068306494546e-16
6,hab_custom,9472,aleatorio,0.1464882109129847,4.965068306494546e-16
6,hab_custom,9473,aleatorio,1.3889329327993833e-14,4.965068306494546e-16
6,hab_custom,9474,aleatorio,4.246396840895892,4.965068306494546e-16
6,hab_custom,9475,aleatorio,6.211440940187155,4.965068306494546e-16
6,hab_custom,9476,aleatorio,6.048912376321349e-14,4.965068306494546e-16
6,hab_custom,9477,aleatorio,1.0688149243602896,4.965068306494546e-16
6,hab_custom,9478,aleatorio,0.10045434043262387,4.965068306494546e-16
6,hab_custom,9479,aleatorio,2.833417376606899,4.965068306494546e-16
6,hab_custom,9480,aleatorio,0.45997325824898466,4.965068306494546e-16
6,hab_custom,9481,aleatorio,1.4288015642261562,4.965068306494546e-16
6,hab_custom,9482,aleatorio,0.5210247023780146,4.965068306494546e-16
6,hab_custom,9483,aleatorio,4.2132147776256135,4.965068306494546e-16
6,hab_custom,9484,aleatorio,3.6646079072301266e-13,4.965068306494546e-16
6,hab_custom,9485,aleatorio,0.21501960269148193,4.965068306494546e-16
6,hab_custom,9486,aleatorio,1.6724380756457342,4.965068306494546e-16
6,hab_custom,9487,aleatorio,1.391574788844713,4.965068306494546e-16
6,hab_custom,9488,aleatorio,1.884441149984139,4.965068306494546e-16
6,hab_custom,9489,aleatorio,0.5639687141859452,4.965068306494546e-16
6,hab_custom,9490,aleatorio,0.8444263398921117,4.965068306494546e-16
6,hab_custom,9491,aleatorio,1.4703295453819882e-12,4.965068306494546e-16
6,hab_custom,9492,aleatorio,0.7182369808492162,4.965068306494546e-16
6,hab_custom,9493,aleatorio,4.117942449271195,4.965068306494546e-16
6,hab_custom,9494,aleatorio,0.8781239122227981,4.965068306494546e-16
6,hab_custom,9495,aleatorio,5.5146586325981506e-12,4.965068306494546e-16
6,hab_custom,9496,aleatorio,1.9860273225978185e-15,4.965068306494546e-16
6,hab_custom,9497,aleatorio,8.40517289561217e-14,4.965068306494546e-16
6,hab_custom,9498,aleatorio,1.3455046795582417,4.965068306494546e-16
6,hab_custom,9499,aleatorio,0.31911001214119916,4.965068306494546e-16
6,hab_custom,9500,aleatorio,0.56182057920665,4.965068306494546e-16
6,hab_custom,9501,aleatorio,6.218516379402531e-11,4.965068306494546e-16
6,hab_custom,9502,aleatorio,1.0169217883581996,4.965068306494546e-16
6,hab_custom,9503,aleatorio,0.051650978047296396,4.965068306494546e-16
6,hab_custom,9504,aleatorio,1.3415831834064933,4.965068306494546e-16
6,hab_custom,9505,aleatorio,1.4217791915866692e-15,4.965068306494546e-16
6,hab_custom,9506,aleatorio,1.9657773955945985,4.965068306494546e-16
6,hab_custom,9507,aleatorio,0.0539470053999234,4.965068306494546e-16
6,hab_custom,9508,aleatorio,9.370703256021602e-15,4.965068306494546e-16
6,hab_custom,9509,aleatorio,0.016266788365395756,4.965068306494546e-16
6,hab_custom,9510,aleatorio,4.382888330650481e-12,4.965068306494546e-16
6,hab_custom,9511,aleatorio,1.76375543978329,4.965068306494546e-16
6,hab_custom,9512,aleatorio,9.060703349340829e-13,4.965068306494546e-16
6,hab_custom,9513,aleatorio,1.8578911427765864e-14,4.965068306494546e-16
6,hab_custom,9514,aleatorio,1.7109227787750005e-05,4.965068306494546e-16
6,hab_custom,9515,aleatorio,2.6160119958888717,4.965068306494546e-16
6,hab_custom,9516,aleatorio,0.6685624932732148,4.965068306494546e-16
6,hab_custom,9517,aleatorio,2.0373440688064304,4.965068306494546e-16
6,hab_custom,9518,aleatorio,0.1541101066883805,4.965068306494546e-16
6,hab_custom,9519,aleatorio,0.04356149437807534,4.965068306494546e-16
6,hab_custom,9520,aleatorio,2.1359444553194585e-13,4.965068306494546e-16
6,hab_custom,9521,aleatorio,5.2635930018328865e-14,4.965068306494546e-16
6,hab_custom,9522,aleatorio,0.2918759896688098,4.965068306494546e-16
6,hab_custom,9523,aleatorio,0.3713891480152775,4.965068306494546e-16
6,hab_custom,9524,aleatorio,5.753593585349962e-14,4.965068306494546e-16
6,hab_custom,9525,aleatorio,2.5984877700496645,4.965068306494546e-16
6,hab_custom,9526,aleatorio,0.11230681703130305,4.965068306494546e-16
6,hab_custom,9527,aleatorio,1.9650006646370303e-14,4.965068306494546e-16
6,hab_custom,9528,aleatorio,5.941179760735568e-13,4.965068306494546e-16
6,hab_custom,9529,aleatorio,1.903635937714726e-15,4.965068306494546e-16
6,hab_custom,9530,aleatorio,2.8887141192996264e-15,4.965068306494546e-16
6,hab_custom,9531,aleatorio,3.717041754760416,4.965068306494546e-16
6,hab_custom,9532,aleatorio,4.97234176908602e-13,4.965068306494546e-16
6,hab_custom,9533,aleatorio,2.7401020320118956,4.965068306494546e-16
6,hab_custom,9534,aleatorio,14.915841830561146,4.965068306494546e-16
6,hab_custom,9535,aleatorio,0.7241156136070904,4.965068306494546e-16
6,hab_custom,9536,aleatorio,0.257587259796787,4.965068306494546e-16
6,hab_custom,9537,aleatorio,0.6590500783278711,4.965068306494546e-16
6,hab_custom,9538,aleatorio,2.326266858210268,4.965068306494546e-16
6,hab_custom,9539,aleatorio,1.7316435087080813,4.965068306494546e-16
6,hab_custom,9540,aleatorio,1.7799274169047632,4.965068306494546e-16
6,hab_custom,9541,aleatorio,0.013612064658233497,4.965068306494546e-16
6,hab_custom,9542,aleatorio,3.788277606066098e-11,4.965068306494546e-16
6,hab_custom,9543,aleatorio,2.1358336544934406e-13,4.965068306494546e-16
6,hab_custom,9544,aleatorio,0.022651328042359094,4.965068306494546e-16
6,hab_custom,9545,aleatorio,3.0201331455116262e-15,4.965068306494546e-16
6,hab_custom,9546,aleatorio,0.4132248813550879,4.965068306494546e-16
6,hab_custom,9547,aleatorio,2.4790020617560455,4.965068306494546e-16
6,hab_custom,9548,aleatorio,0.6985088671656058,4.965068306494546e-16
6,hab_custom,9549,aleatorio,8.74665752392291e-10,4.965068306494546e-16
6,hab_custom,9550,aleatorio,1.0155785266502761,4.965068306494546e-16
6,hab_custom,9551,aleatorio,0.06825831412302089,4.965068306494546e-16
6,hab_custom,9552,aleatorio,2.1662924065830222,4.965068306494546e-16
6,hab_custom,9553,aleatorio,0.2836507568142396,4.965068306494546e-16
6,hab_custom,9554,aleatorio,9.850375187889264e-15,4.965068306494546e-16
6,hab_custom,9555,aleatorio,0.01874094241824244,4.965068306494546e-16
6,hab_custom,9556,aleatorio,2.393815924544629,4.965068306494546e-16
6,hab_custom,9557,aleatorio,0.8167526707957085,4.965068306494546e-16
6,hab_custom,9558,aleatorio,1.1186220089863763,4.965068306494546e-16
6,hab_custom,9559,aleatorio,9.05083471427667e-13,4.965068306494546e-16
6,hab_custom,9560,aleatorio,0.44429142255353693,4.965068306494546e-16
6,hab_custom,9561,aleatorio,1.6430544291532008,4.965068306494546e-16
6,hab_custom,9562,aleatorio,5.2101151684802355e-11,4.965068306494546e-16
6,hab_custom,9563,aleatorio,1.2369836158659941,4.965068306494546e-16
6,hab_custom,9564,aleatorio,0.057280504242405716,4.965068306494546e-16
6,hab_custom,9565,aleatorio,5.747546429845392e-14,4.965068306494546e-16
6,hab_custom,9566,aleatorio,3.967168497047641,4.965068306494546e-16
6,hab_custom,9567,aleatorio,1.7763568394002505e-15,4.965068306494546e-16
6,hab_custom,9568,aleatorio,0.7340296613403825,4.965068306494546e-16
6,hab_custom,9569,aleatorio,0.9022900977997786,4.965068306494546e-16
6,hab_custom,9570,aleatorio,1.0284415391233974,4.965068306494546e-16
6,hab_custom,9571,aleatorio,2.31591679556019,4.965068306494546e-16
6,hab_custom,9572,aleatorio,2.549223450343282,4.965068306494546e-16
6,hab_custom,9573,aleatorio,2.7657671197994373,4.965068306494546e-16
6,hab_custom,9574,aleatorio,2.2619142354262737e-14,4.965068306494546e-16
6,hab_custom,9575,aleatorio,1.3667880949766722,4.965068306494546e-16
6,hab_custom,9576,aleatorio,4.577757960342121,4.965068306494546e-16
6,hab_custom,9577,aleatorio,2.335112398259575,4.965068306494546e-16
6,hab_custom,9578,aleatorio,0.3722614580970978,4.965068306494546e-16
6,hab_custom,9579,aleatorio,1.7342238036525468e-15,4.965068306494546e-16
6,hab_custom,9580,aleatorio,1.1758933860825584e-14,4.965068306494546e-16
6,hab_custom,9581,aleatorio,1.1957467920563633e-15,4.965068306494546e-16
6,hab_custom,9582,aleatorio,1.0877207632321946,4.965068306494546e-16
6,hab_custom,9583,aleatorio,0.7729052200521626,4.965068306494546e-16
6,hab_custom,9584,aleatorio,0.7682544710368955,4.965068306494546e-16
6,hab_custom,9585,aleatorio,0.8679867473986982,4.965068306494546e-16
6,hab_custom,9586,aleatorio,1.707460648051709,4.965068306494546e-16
6,hab_custom,9587,aleatorio,2.4791516303527254e-13,4.965068306494546e-16
6,hab_custom,9588,aleatorio,0.5324750404480442,4.965068306494546e-16
6,hab_custom,9589,aleatorio,1.8437253285861182,4.965068306494546e-16
6,hab_custom,9590,aleatorio,1.295888271227057,4.965068306494546e-16
6,hab_custom,9591,aleatorio,1.7252628378955153,4.965068306494546e-16
6,hab_custom,9592,aleatorio,1.4865664428802332,4.965068306494546e-16
6,hab_custom,9593,aleatorio,9.550499576785472e-16,4.965068306494546e-16
6,hab_custom,9594,aleatorio,0.5285590250125558,4.965068306494546e-16
6,hab_custom,9595,aleatorio,0.5422893851956166,4.965068306494546e-16
6,hab_custom,9596,aleatorio,1.4150203776156334,4.965068306494546e-16
6,hab_custom,9597,aleatorio,0.29642400651623085,4.965068306494546e-16
6,hab_custom,9598,aleatorio,0.7725605086426239,4.965068306494546e-16
6,hab_custom,9599,aleatorio,6.094682439513979e-12,4.965068306494546e-16
6,hab_custom,9600,aleatorio,1.074866713854122,4.965068306494546e-16
6,hab_custom,9601,aleatorio,2.30998658990096,4.965068306494546e-16
6,hab_custom,9602,aleatorio,1.5648360559470678,4.965068306494546e-16
6,hab_custom,9603,aleatorio,0.08604606172580367,4.965068306494546e-16
6,hab_custom,9604,aleatorio,3.724443207583883,4.965068306494546e-16
6,hab_custom,9605,aleatorio,1.9901061147240506,4.965068306494546e-16
6,hab_custom,9606,aleatorio,3.600205231767626e-14,4.965068306494546e-16
6,hab_custom,9607,aleatorio,1.1426412466935831,4.965068306494546e-16
6,hab_custom,9608,aleatorio,0.2875766142250627,4.965068306494546e-16
6,hab_custom,9609,aleatorio,7.768484759013353e-05,4.965068306494546e-16
6,hab_custom,9610,aleatorio,0.05032684456392883,4.965068306494546e-16
6,hab_custom,9611,aleatorio,0.4491522341486668,4.965068306494546e-16
6,hab_custom,9612,aleatorio,3.0766283373150305,4.965068306494546e-16
6,hab_custom,9613,aleatorio,4.552088513097814e-13,4.965068306494546e-16
6,hab_custom,9614,aleatorio,9.176757258672916e-14,4.965068306494546e-16
6,hab_custom,9615,aleatorio,6.300838434205451,4.965068306494546e-16
6,hab_custom,9616,aleatorio,2.5491918012085546,4.965068306494546e-16
6,hab_custom,9617,aleatorio,2.6602360739279907,4.965068306494546e-16
6,hab_custom,9618,aleatorio,0.40209184333922826,4.965068306494546e-16
6,hab_custom,9619,aleatorio,6.698079965327733,4.965068306494546e-16
6,hab_custom,9620,aleatorio,0.8697240915420055,4.965068306494546e-16
6,hab_custom,9621,aleatorio,0.27015279726341235,4.965068306494546e-16
6,hab_custom,9622,aleatorio,3.295716839233036,4.965068306494546e-16
6,hab_custom,9623,aleatorio,7.021666937153402e-16,4.965068306494546e-16
6,hab_custom,9624,aleatorio,0.9028821528222125,4.965068306494546e-16
6,hab_custom,9625,aleatorio,2.0407731321613447,4.965068306494546e-16
6,hab_custom,9626,aleatorio,2.055713740279085,4.965068306494546e-16
6,hab_custom,9627,aleatorio,1.335314280490125,4.965068306494546e-16
6,hab_custom,9628,aleatorio,1.793620188084545e-15,4.965068306494546e-16
6,hab_custom,9629,aleatorio,0.7857021458854923,4.965068306494546e-16
6,hab_custom,9630,aleatorio,2.4930252635636827,4.965068306494546e-16
6,hab_custom,9631,aleatorio,0.061774012996595275,4.965068306494546e-16
6,hab_custom,9632,aleatorio,0.8366612222371536,4.965068306494546e-16
6,hab_custom,9633,aleatorio,1.3148328074016542,4.965068306494546e-16
6,hab_custom,9634,aleatorio,0.4512069269043384,4.965068306494546e-16
6,hab_custom,9635,aleatorio,1.3082743004801073e-14,4.965068306494546e-16
6,hab_custom,9636,aleatorio,5.290713757667114,4.965068306494546e-16
6,hab_custom,9637,aleatorio,2.0239309362442457,4.965068306494546e-16
6,hab_custom,9638,aleatorio,0.2578924468721274,4.965068306494546e-16
6,hab_custom,9639,aleatorio,0.7403984334259613,4.965068306494546e-16
6,hab_custom,9640,aleatorio,0.3508035201377722,4.965068306494546e-16
6,hab_custom,9641,aleatorio,0.22733251493207707,4.965068306494546e-16
6,hab_custom,9642,aleatorio,5.144658974638587e-14,4.965068306494546e-16
6,hab_custom,9643,aleatorio,4.818522860480548,4.965068306494546e-16
6,hab_custom,9644,aleatorio,8.377587281633173e-15,4.965068306494546e-16
6,hab_custom,9645,aleatorio,0.7004989869529421,4.965068306494546e-16
6,hab_custom,9646,aleatorio,1.1322097734007351e-15,4.965068306494546e-16
6,hab_custom,9647,aleatorio,2.7016542202060964e-14,4.965068306494546e-16
6,hab_custom,9648,aleatorio,0.48085918258011423,4.965068306494546e-16
6,hab_custom,9649,aleatorio,0.9615711009492833,4.965068306494546e-16
6,hab_custom,9650,aleatorio,1.9179573390686784,4.965068306494546e-16
6,hab_custom,9651,aleatorio,0.19641707007082998,4.965068306494546e-16
6,hab_custom,9652,aleatorio,0.08165704437299809,4.965068306494546e-16
6,hab_custom,9653,aleatorio,1.1096067117810153,4.965068306494546e-16
6,hab_custom,9654,aleatorio,2.3314226011197174,4.965068306494546e-16
6,hab_custom,9655,aleatorio,0.9350389862491881,4.965068306494546e-16
6,hab_custom,9656,aleatorio,0.022927835272306837,4.965068306494546e-16
6,hab_custom,9657,aleatorio,0.5838973244805589,4.965068306494546e-16
6,hab_custom,9658,aleatorio,3.6506790072400888,4.965068306494546e-16
6,hab_custom,9659,aleatorio,0.40436102905797316,4.965068306494546e-16
6,hab_custom,9660,aleatorio,0.668068186027368,4.965068306494546e-16
6,hab_custom,9661,aleatorio,0.007639868640244436,4.965068306494546e-16
6,hab_custom,9662,aleatorio,3.0805871459662053,4.965068306494546e-16
6,hab_custom,9663,aleatorio,8.745839501485459e-13,4.965068306494546e-16
6,hab_custom,9664,aleatorio,2.8094165434640246,4.965068306494546e-16
6,hab_custom,9665,aleatorio,6.852470113539239,4.965068306494546e-16
6,hab_custom,9666,aleatorio,8.919915635744799,4.965068306494546e-16
6,hab_custom,9667,aleatorio,0.1440931169475814,4.965068306494546e-16
6,hab_custom,9668,aleatorio,1.1211117034778588,4.965068306494546e-16
6,hab_custom,9669,aleatorio,1.1322097734007351e-15,4.965068306494546e-16
6,hab_custom,9670,aleatorio,0.6571300833687107,4.965068306494546e-16
6,hab_custom,9671,aleatorio,1.5059201922129194e-11,4.965068306494546e-16
6,hab_custom,9672,aleatorio,7.254234963878836e-14,4.965068306494546e-16
6,hab_custom,9673,aleatorio,0.257462164496585,4.965068306494546e-16
6,hab_custom,9674,aleatorio,2.610232317688094e-13,4.965068306494546e-16
6,hab_custom,9675,aleatorio,2.692070941412534,4.965068306494546e-16
6,hab_custom,9676,aleatorio,7.286125327060449e-13,4.965068306494546e-16
6,hab_custom,9677,aleatorio,1.5123660817568334e-12,4.965068306494546e-16
6,hab_custom,9678,aleatorio,2.270481851382565,4.965068306494546e-16
6,hab_custom,9679,aleatorio,3.9120900260649756,4.965068306494546e-16
6,hab_custom,9680,aleatorio,1.3785206239987955,4.965068306494546e-16
6,hab_custom,9681,aleatorio,0.3609123524313326,4.965068306494546e-16
6,hab_custom,9682,aleatorio,1.5923693109537294,4.965068306494546e-16
6,hab_custom,9683,aleatorio,0.1789478476135448,4.965068306494546e-16
6,hab_custom,9684,aleatorio,0.00973367804461785,4.965068306494546e-16
6,hab_custom,9685,aleatorio,1.331151628538316e-12,4.965068306494546e-16
6,hab_custom,9686,aleatorio,1.3522991781220663,4.965068306494546e-16
6,hab_custom,9687,aleatorio,1.412616033081745e-13,4.965068306494546e-16
6,hab_custom,9688,aleatorio,0.01696465498284552,4.965068306494546e-16
6,hab_custom,9689,aleatorio,0.44638388320545114,4.965068306494546e-16
6,hab_custom,9690,aleatorio,0.530628556870961,4.965068306494546e-16
6,hab_custom,9691,aleatorio,0.06713275949259093,4.965068306494546e-16
6,hab_custom,9692,aleatorio,0.46318168982653996,4.965068306494546e-16
6,hab_custom,9693,aleatorio,3.352497066750167e-13,4.965068306494546e-16
6,hab_custom,9694,aleatorio,9.653186113630378e-13,4.965068306494546e-16
6,hab_custom,9695,aleatorio,0.13185571220396608,4.965068306494546e-16
6,hab_custom,9696,aleatorio,0.12624537161491206,4.965068306494546e-16
6,hab_custom,9697,aleatorio,4.462381849549212e-12,4.965068306494546e-16
6,hab_custom,9698,aleatorio,5.1430534889427594e-14,4.965068306494546e-16
6,hab_custom,9699,aleatorio,1.959504698623639e-11,4.965068306494546e-16
6,hab_custom,9700,aleatorio,2.8060955713059206e-12,4.965068306494546e-16
6,hab_custom,9701,aleatorio,1.7355590277542714,4.965068306494546e-16
6,hab_custom,9702,aleatorio,6.249456497973772e-12,4.965068306494546e-16
6,hab_custom,9703,aleatorio,1.9692209590552048,4.965068306494546e-16
6,hab_custom,9704,aleatorio,0.32106794938117,4.965068306494546e-16
6,hab_custom,9705,aleatorio,1.0607517227666044e-13,4.965068306494546e-16
6,hab_custom,9706,aleatorio,1.7280107476835387e-11,4.965068306494546e-16
6,hab_custom,9707,aleatorio,6.028010073543578e-15,4.965068306494546e-16
6,hab_custom,9708,aleatorio,2.087750708389048e-14,4.965068306494546e-16
6,hab_custom,9709,aleatorio,1.2134615977275103,4.965068306494546e-16
6,hab_custom,9710,aleatorio,0.4438987693651824,4.965068306494546e-16
6,hab_custom,9711,aleatorio,0.7087780691259367,4.965068306494546e-16
6,hab_custom,9712,aleatorio,1.2851454684468615,4.965068306494546e-16
6,hab_custom,9713,aleatorio,4.065906160585866,4.965068306494546e-16
6,hab_custom,9714,aleatorio,1.9984014443252818e-15,4.965068306494546e-16
6,hab_custom,9715,aleatorio,0.1830667257956813,4.965068306494546e-16
6,hab_custom,9716,aleatorio,2.2666689686301934e-13,4.965068306494546e-16
6,hab_custom,9717,aleatorio,0.03972395970643981,4.965068306494546e-16
6,hab_custom,9718,aleatorio,6.13794708837098e-14,4.965068306494546e-16
6,hab_custom,9719,aleatorio,1.4439810948515293,4.965068306494546e-16
6,hab_custom,9720,aleatorio,0.8037794224876756,4.965068306494546e-16
6,hab_custom,9721,aleatorio,2.02302267811184,4.965068306494546e-16
6,hab_custom,9722,aleatorio,0.38667089258930143,4.965068306494546e-16
6,hab_custom,9723,aleatorio,0.24226362816670255,4.965068306494546e-16
6,hab_custom,9724,aleatorio,7.364386412590295e-16,4.965068306494546e-16
6,hab_custom,9725,aleatorio,0.29273213425257916,4.965068306494546e-16
6,hab_custom,9726,aleatorio,8.769155617314473e-12,4.965068306494546e-16
6,hab_custom,9727,aleatorio,1.0256100651353227e-12,4.965068306494546e-16
6,hab_custom,9728,aleatorio,0.26745618594614834,4.965068306494546e-16
6,hab_custom,9729,aleatorio,0.9162243283388779,4.965068306494546e-16
6,hab_custom,9730,aleatorio,1.1048880402058119,4.965068306494546e-16
6,hab_custom,9731,aleatorio,1.2951463690778908,4.965068306494546e-16
6,hab_custom,9732,aleatorio,0.09850754951167491,4.965068306494546e-16
6,hab_custom,9733,aleatorio,1.1345811202801353e-13,4.965068306494546e-16
6,hab_custom,9734,aleatorio,0.5617397165809513,4.965068306494546e-16
6,hab_custom,9735,aleatorio,9.930136612989092e-16,4.965068306494546e-16
6,hab_custom,9736,aleatorio,0.9572828722977234,4.965068306494546e-16
6,hab_custom,9737,aleatorio,1.270907830601755,4.965068306494546e-16
6,hab_custom,9738,aleatorio,1.4853771724010092e-15,4.965068306494546e-16
6,hab_custom,9739,aleatorio,0.862303551104181,4.965068306494546e-16
6,hab_custom,9740,aleatorio,2.02900661633277e-15,4.965068306494546e-16
6,hab_custom,9741,aleatorio,0.49637348312811247,4.965068306494546e-16
6,hab_custom,9742,aleatorio,1.0874016147110832,4.965068306494546e-16
6,hab_custom,9743,aleatorio,1.022421607079796,4.965068306494546e-16
6,hab_custom,9744,aleatorio,8.137614838226971e-12,4.965068306494546e-16
6,hab_custom,9745,aleatorio,0.0004073211685243472,4.965068306494546e-16
6,hab_custom,9746,aleatorio,0.5150922286389369,4.965068306494546e-16
6,hab_custom,9747,aleatorio,2.095125000391386,4.965068306494546e-16
6,hab_custom,9748,aleatorio,0.10813450006800243,4.965068306494546e-16
6,hab_custom,9749,aleatorio,0.0893053003015635,4.965068306494546e-16
6,hab_custom,9750,aleatorio,6.846242831957898e-11,4.965068306494546e-16
6,hab_custom,9751,aleatorio,1.2719682623250017,4.965068306494546e-16
6,hab_custom,9752,aleatorio,0.8813230801503804,4.965068306494546e-16
6,hab_custom,9753,aleatorio,1.022290315315885,4.965068306494546e-16
6,hab_custom,9754,aleatorio,1.8437392297874668,4.965068306494546e-16
6,hab_custom,9755,aleatorio,3.1882543502422294e-14,4.965068306494546e-16
6,hab_custom,9756,aleatorio,5.079699152713534,4.965068306494546e-16
6,hab_custom,9757,aleatorio,1.6661314307253918,4.965068306494546e-16
6,hab_custom,9758,aleatorio,0.022197791287652882,4.965068306494546e-16
6,hab_custom,9759,aleatorio,9.670800478785258,4.965068306494546e-16
6,hab_custom,9760,aleatorio,1.0175362097255202e-15,4.965068306494546e-16
6,hab_custom,9761,aleatorio,0.17334875328574453,4.965068306494546e-16
6,hab_custom,9762,aleatorio,1.2620007609340378,4.965068306494546e-16
6,hab_custom,9763,aleatorio,3.9767880345592705e-14,4.965068306494546e-16
6,hab_custom,9764,aleatorio,0.7121405225867965,4.965068306494546e-16
6,hab_custom,9765,aleatorio,1.616509124176106e-15,4.965068306494546e-16
6,hab_custom,9766,aleatorio,1.6716228103242963e-13,4.965068306494546e-16
6,hab_custom,9767,aleatorio,0.2973993040849248,4.965068306494546e-16
6,hab_custom,9768,aleatorio,0.1921167385754509,4.965068306494546e-16
6,hab_custom,9769,aleatorio,0.5316850211066977,4.965068306494546e-16
6,hab_custom,9770,aleatorio,0.7499108602356463,4.965068306494546e-16
6,hab_custom,9771,aleatorio,1.9984014443252818e-15,4.965068306494546e-16
6,hab_custom,9772,aleatorio,0.3344690610268465,4.965068306494546e-16
6,hab_custom,9773,aleatorio,0.011125344171686922,4.965068306494546e-16
6,hab_custom,9774,aleatorio,1.064597218049683,4.965068306494546e-16
6,hab_custom,9775,aleatorio,1.2865871498902293,4.965068306494546e-16
6,hab_custom,9776,aleatorio,1.5032591551587917,4.965068306494546e-16
6,hab_custom,9777,aleatorio,0.005682979551669082,4.965068306494546e-16
6,hab_custom,9778,aleatorio,0.8476384828035779,4.965068306494546e-16
6,hab_custom,9779,aleatorio,4.5221895558521873e-13,4.965068306494546e-16
6,hab_custom,9780,aleatorio,3.914599554768845,4.965068306494546e-16
6,hab_custom,9781,aleatorio,2.705478795737971e-12,4.965068306494546e-16
6,hab_custom,9782,aleatorio,8.429305711108258e-14,4.965068306494546e-16
6,hab_custom,9783,aleatorio,9.822832713016688e-14,4.965068306494546e-16
6,hab_custom,9784,aleatorio,4.155820112232038,4.965068306494546e-16
6,hab_custom,9785,aleatorio,0.07275123475484958,4.965068306494546e-16
6,hab_custom,9786,aleatorio,0.35911675042008967,4.965068306494546e-16
6,hab_custom,9787,aleatorio,1.831026719408895e-15,4.965068306494546e-16
6,hab_custom,9788,aleatorio,1.4939894754939467,4.965068306494546e-16
6,hab_custom,9789,aleatorio,12.76521378856197,4.965068306494546e-16
6,hab_custom,9790,aleatorio,0.8736607534065376,4.965068306494546e-16
6,hab_custom,9791,aleatorio,1.2560739669470201e-15,4.965068306494546e-16
6,hab_custom,9792,aleatorio,0.7367238719061573,4.965068306494546e-16
6,hab_custom,9793,aleatorio,0.14115457214093588,4.965068306494546e-16
6,hab_custom,9794,aleatorio,2.5346146446290456,4.965068306494546e-16
6,hab_custom,9795,aleatorio,2.413835763369619,4.965068306494546e-16
6,hab_custom,9796,aleatorio,0.4152132720687661,4.965068306494546e-16
6,hab_custom,9797,aleatorio,0.6619430973927048,4.965068306494546e-16
6,hab_custom,9798,aleatorio,1.5830465805965794,4.965068306494546e-16
6,hab_custom,9799,aleatorio,0.446092893964137,4.965068306494546e-16
6,hab_custom,9800,aleatorio,5.978733960281817e-16,4.965068306494546e-16
6,hab_custom,9801,aleatorio,1.0105363581969407,4.965068306494546e-16
6,hab_custom,9802,aleatorio,4.907584126818271e-13,4.965068306494546e-16
6,hab_custom,9803,aleatorio,0.03347056871977111,4.965068306494546e-16
6,hab_custom,9804,aleatorio,0.25264932168625276,4.965068306494546e-16
6,hab_custom,9805,aleatorio,0.06518122203696691,4.965068306494546e-16
6,hab_custom,9806,aleatorio,0.9858721730861563,4.965068306494546e-16
6,hab_custom,9807,aleatorio,4.284373955000226,4.965068306494546e-16
6,hab_custom,9808,aleatorio,0.7824677947831419,4.965068306494546e-16
6,hab_custom,9809,aleatorio,0.8656446498723033,4.965068306494546e-16
6,hab_custom,9810,aleatorio,0.4520161739081371,4.965068306494546e-16
6,hab_custom,9811,aleatorio,7.691850745534255e-16,4.965068306494546e-16
6,hab_custom,9812,aleatorio,2.05493746824331,4.965068306494546e-16
6,hab_custom,9813,aleatorio,2.7175915519879726e-11,4.965068306494546e-16
6,hab_custom,9814,aleatorio,0.13558321800537257,4.965068306494546e-16
6,hab_custom,9815,aleatorio,0.03993270507116267,4.965068306494546e-16
6,hab_custom,9816,aleatorio,3.7169541988485304,4.965068306494546e-16
6,hab_custom,9817,aleatorio,2.0625346239654823,4.965068306494546e-16
6,hab_custom,9818,aleatorio,2.363308730843721,4.965068306494546e-16
6,hab_custom,9819,aleatorio,8.641044892339804e-14,4.965068306494546e-16
6,hab_custom,9820,aleatorio,1.2225642694929393,4.965068306494546e-16
6,hab_custom,9821,aleatorio,1.7347358974585512,4.965068306494546e-16
6,hab_custom,9822,aleatorio,2.7117738227188146e-11,4.965068306494546e-16
6,hab_custom,9823,aleatorio,3.104207053850545e-13,4.965068306494546e-16
6,hab_custom,9824,aleatorio,3.7698746970012853,4.965068306494546e-16
6,hab_custom,9825,aleatorio,3.7608975640039914,4.965068306494546e-16
6,hab_custom,9826,aleatorio,0.9743693054068953,4.965068306494546e-16
6,hab_custom,9827,aleatorio,1.5378419351717907,4.965068306494546e-16
6,hab_custom,9828,aleatorio,1.3322676295501878e-15,4.965068306494546e-16
6,hab_custom,9829,aleatorio,1.239389410743235,4.965068306494546e-16
6,hab_custom,9830,aleatorio,0.7412997201309979,4.965068306494546e-16
6,hab_custom,9831,aleatorio,0.2484698869184535,4.965068306494546e-16
6,hab_custom,9832,aleatorio,0.8040848769425537,4.965068306494546e-16
6,hab_custom,9833,aleatorio,0.8214405542198681,4.965068306494546e-16
6,hab_custom,9834,aleatorio,0.03843210414140504,4.965068306494546e-16
6,hab_custom,9835,aleatorio,0.41057077344205883,4.965068306494546e-16
6,hab_custom,9836,aleatorio,0.30059164909702407,4.965068306494546e-16
6,hab_custom,9837,aleatorio,3.070875342307753,4.965068306494546e-16
6,hab_custom,9838,aleatorio,2.3777481853147453e-12,4.965068306494546e-16
6,hab_custom,9839,aleatorio,9.415902204312364e-14,4.965068306494546e-16
6,hab_custom,9840,aleatorio,0.2733443340444635,4.965068306494546e-16
6,hab_custom,9841,aleatorio,4.990806687489116e-12,4.965068306494546e-16
6,hab_custom,9842,aleatorio,1.1736408819159438,4.965068306494546e-16
6,hab_custom,9843,aleatorio,1.616437459993083e-11,4.965068306494546e-16
6,hab_custom,9844,aleatorio,0.31640285249609656,4.965068306494546e-16
6,hab_custom,9845,aleatorio,8.773548814229876e-13,4.965068306494546e-16
6,hab_custom,9846,aleatorio,0.30976702485909297,4.965068306494546e-16
6,hab_custom,9847,aleatorio,1.9787829391207694,4.965068306494546e-16
6,hab_custom,9848,aleatorio,1.1645011280160737,4.965068306494546e-16
6,hab_custom,9849,aleatorio,0.9090325772287907,4.965068306494546e-16
6,hab_custom,9850,aleatorio,1.03730666699317,4.965068306494546e-16
6,hab_custom,9851,aleatorio,4.563820232632229,4.965068306494546e-16
6,hab_custom,9852,aleatorio,1.0503802668560418e-13,4.965068306494546e-16
6,hab_custom,9853,aleatorio,0.43899788701429354,4.965068306494546e-16
6,hab_custom,9854,aleatorio,2.6697343572326224e-15,4.965068306494546e-16
6,hab_custom,9855,aleatorio,3.3313434110605185,4.965068306494546e-16
6,hab_custom,9856,aleatorio,0.3191843362690219,4.965068306494546e-16
6,hab_custom,9857,aleatorio,0.9432069074922996,4.965068306494546e-16
6,hab_custom,9858,aleatorio,0.39498206648769396,4.965068306494546e-16
6,hab_custom,9859,aleatorio,8.600884197431617e-12,4.965068306494546e-16
6,hab_custom,9860,aleatorio,0.5357171890075475,4.965068306494546e-16
6,hab_custom,9861,aleatorio,2.4767109088476564,4.965068306494546e-16
6,hab_custom,9862,aleatorio,0.738207241170261,4.965068306494546e-16
6,hab_custom,9863,aleatorio,3.9440272533068055e-15,4.965068306494546e-16
6,hab_custom,9864,aleatorio,0.09523700900922619,4.965068306494546e-16
6,hab_custom,9865,aleatorio,0.38984461020915084,4.965068306494546e-16
6,hab_custom,9866,aleatorio,0.8177963908536933,4.965068306494546e-16
6,hab_custom,9867,aleatorio,4.341252423548169,4.965068306494546e-16
6,hab_custom,9868,aleatorio,1.8121941283108889,4.965068306494546e-16
6,hab_custom,9869,aleatorio,0.6356744310764072,4.965068306494546e-16
6,hab_custom,9870,aleatorio,0.3928508381455545,4.965068306494546e-16
6,hab_custom,9871,aleatorio,0.4690512603096684,4.965068306494546e-16
6,hab_custom,9872,aleatorio,0.4963964263994102,4.965068306494546e-16
6,hab_custom,9873,aleatorio,2.406959606118216,4.965068306494546e-16
6,hab_custom,9874,aleatorio,0.33739601165892064,4.965068306494546e-16
6,hab_custom,9875,aleatorio,0.7192110202951868,4.965068306494546e-16
6,hab_custom,9876,aleatorio,3.3344981784530398e-12,4.965068306494546e-16
6,hab_custom,9877,aleatorio,0.846086543058893,4.965068306494546e-16
6,hab_custom,9878,aleatorio,4.3472036846207214e-14,4.965068306494546e-16
6,hab_custom,9879,aleatorio,1.9850569399132991,4.965068306494546e-16
6,hab_custom,9880,aleatorio,4.5305398105856445e-15,4.965068306494546e-16
6,hab_custom,9881,aleatorio,0.2620549854638351,4.965068306494546e-16
6,hab_custom,9882,aleatorio,0.0021938156520918692,4.965068306494546e-16
6,hab_custom,9883,aleatorio,2.967038427179541e-11,4.965068306494546e-16
6,hab_custom,9884,aleatorio,0.46245775138327805,4.965068306494546e-16
6,hab_custom,9885,aleatorio,1.8433449205192483,4.965068306494546e-16
6,hab_custom,9886,aleatorio,3.8202643605717236e-14,4.965068306494546e-16
6,hab_custom,9887,aleatorio,0.5263488689827831,4.965068306494546e-16
6,hab_custom,9888,aleatorio,0.6291309215693756,4.965068306494546e-16
6,hab_custom,9889,aleatorio,2.7974027537266718e-12,4.965068306494546e-16
6,hab_custom,9890,aleatorio,0.1316229547380121,4.965068306494546e-16
6,hab_custom,9891,aleatorio,0.38217744667784087,4.965068306494546e-16
6,hab_custom,9892,aleatorio,2.3375124804374855e-12,4.965068306494546e-16
6,hab_custom,9893,aleatorio,2.945754565036118e-15,4.965068306494546e-16
6,hab_custom,9894,aleatorio,5.387969023500421e-11,4.965068306494546e-16
6,hab_custom,9895,aleatorio,3.6930304590981784,4.965068306494546e-16
6,hab_custom,9896,aleatorio,6.280369834735101e-16,4.965068306494546e-16
6,hab_custom,9897,aleatorio,6.4858220692026905e-12,4.965068306494546e-16
6,hab_custom,9898,aleatorio,0.6277091247866481,4.965068306494546e-16
6,hab_custom,9899,aleatorio,0.629365079214589,4.965068306494546e-16
6,hab_custom,9900,aleatorio,1.1102230246251565e-15,4.965068306494546e-16
6,hab_custom,9901,aleatorio,0.6215909661647653,4.965068306494546e-16
6,hab_custom,9902,aleatorio,0.08714677587531075,4.965068306494546e-16
6,hab_custom,9903,aleatorio,3.8603206521856025e-15,4.965068306494546e-16
6,hab_custom,9904,aleatorio,0.21324207574261397,4.965068306494546e-16
6,hab_custom,9905,aleatorio,0.5866519053184629,4.965068306494546e-16
6,hab_custom,9906,aleatorio,0.2456409796488698,4.965068306494546e-16
6,hab_custom,9907,aleatorio,0.3328010541901233,4.965068306494546e-16
6,hab_custom,9908,aleatorio,0.04476584704794016,4.965068306494546e-16
6,hab_custom,9909,aleatorio,4.577566798522237e-16,4.965068306494546e-16
6,hab_custom,9910,aleatorio,7.821795054500634e-12,4.965068306494546e-16
6,hab_custom,9911,aleatorio,2.8371230228319305e-13,4.965068306494546e-16
6,hab_custom,9912,aleatorio,1.232885789208146,4.965068306494546e-16
6,hab_custom,9913,aleatorio,0.5924548105930459,4.965068306494546e-16
6,hab_custom,9914,aleatorio,1.475445883130894e-13,4.965068306494546e-16
6,hab_custom,9915,aleatorio,1.3330108374721554,4.965068306494546e-16
6,hab_custom,9916,aleatorio,0.2690488811782438,4.965068306494546e-16
6,hab_custom,9917,aleatorio,4.585153013302555,4.965068306494546e-16
6,hab_custom,9918,aleatorio,4.624750713618888e-13,4.965068306494546e-16
6,hab_custom,9919,aleatorio,3.968325969580683,4.965068306494546e-16
6,hab_custom,9920,aleatorio,0.640039996908866,4.965068306494546e-16
6,hab_custom,9921,aleatorio,1.9028838674321589,4.965068306494546e-16
6,hab_custom,9922,aleatorio,1.7428533354567245e-11,4.965068306494546e-16
6,hab_custom,9923,aleatorio,5.783584124227808e-12,4.965068306494546e-16
6,hab_custom,9924,aleatorio,0.28318329613822935,4.965068306494546e-16
6,hab_custom,9925,aleatorio,0.22831969432255306,4.965068306494546e-16
6,hab_custom,9926,aleatorio,9.155133597044475e-16,4.965068306494546e-16
6,hab_custom,9927,aleatorio,4.0457989414213376e-13,4.965068306494546e-16
6,hab_custom,9928,aleatorio,0.5314949994037065,4.965068306494546e-16
6,hab_custom,9929,aleatorio,0.3845468141789569,4.965068306494546e-16
6,hab_custom,9930,aleatorio,0.05146686176130012,4.965068306494546e-16
6,hab_custom,9931,aleatorio,0.711086339631721,4.965068306494546e-16
6,hab_custom,9932,aleatorio,8.437928773508257e-12,4.965068306494546e-16
6,hab_custom,9933,aleatorio,3.8857279295392446e-13,4.965068306494546e-16
6,hab_custom,9934,aleatorio,2.4318184896460533,4.965068306494546e-16
6,hab_custom,9935,aleatorio,1.072835172099614e-11,4.965068306494546e-16
6,hab_custom,9936,aleatorio,6.758868445539598,4.965068306494546e-16
6,hab_custom,9937,aleatorio,3.4775241297732896e-11,4.965068306494546e-16
6,hab_custom,9938,aleatorio,3.1744930241618783,4.965068306494546e-16
6,hab_custom,9939,aleatorio,0.8262024585087557,4.965068306494546e-16
6,hab_custom,9940,aleatorio,1.0823439168389705e-12,4.965068306494546e-16
6,hab_custom,9941,aleatorio,0.5356005061859226,4.965068306494546e-16
6,hab_custom,9942,aleatorio,0.07211592660484538,4.965068306494546e-16
6,hab_custom,9943,aleatorio,0.6405400458755014,4.965068306494546e-16
6,hab_custom,9944,aleatorio,6.661338147750939e-16,4.965068306494546e-16
6,hab_custom,9945,aleatorio,0.5236443118342518,4.965068306494546e-16
6,hab_custom,9946,aleatorio,0.7191132409932388,4.965068306494546e-16
6,hab_custom,9947,aleatorio,1.0085769723309887e-13,4.965068306494546e-16
6,hab_custom,9948,aleatorio,0.8428263325054013,4.965068306494546e-16
6,hab_custom,9949,aleatorio,1.8259867002289372,4.965068306494546e-16
6,hab_custom,9950,aleatorio,2.7406322543077535e-13,4.965068306494546e-16
6,hab_custom,9951,aleatorio,0.11792534121977616,4.965068306494546e-16
6,hab_custom,9952,aleatorio,1.0591782521325885,4.965068306494546e-16
6,hab_custom,9953,aleatorio,2.1632790421897257,4.965068306494546e-16
6,hab_custom,9954,aleatorio,0.16915753376567863,4.965068306494546e-16
6,hab_custom,9955,aleatorio,2.18556080689366e-14,4.965068306494546e-16
6,hab_custom,9956,aleatorio,2.0471501066083613e-15,4.965068306494546e-16
6,hab_custom,9957,aleatorio,0.7962126963193743,4.965068306494546e-16
6,hab_custom,9958,aleatorio,0.05277854193689233,4.965068306494546e-16
6,hab_custom,9959,aleatorio,0.34801547146623896,4.965068306494546e-16
6,hab_custom,9960,aleatorio,1.3129770027464527,4.965068306494546e-16
6,hab_custom,9961,aleatorio,2.7465400791133423e-15,4.965068306494546e-16
6,hab_custom,9962,aleatorio,0.7946729175185546,4.965068306494546e-16
6,hab_custom,9963,aleatorio,0.6361652803535586,4.965068306494546e-16
6,hab_custom,9964,aleatorio,0.7849312784446955,4.965068306494546e-16
6,hab_custom,9965,aleatorio,0.6785685260449951,4.965068306494546e-16
6,hab_custom,9966,aleatorio,0.745911488702123,4.965068306494546e-16
6,hab_custom,9967,aleatorio,2.469718484622354,4.965068306494546e-16
6,hab_custom,9968,aleatorio,3.8217053735023043,4.965068306494546e-16
6,hab_custom,9969,aleatorio,1.868548854320467e-11,4.965068306494546e-16
6,hab_custom,9970,aleatorio,1.6616801498899145,4.965068306494546e-16
6,hab_custom,9971,aleatorio,3.193342277391083e-11,4.965068306494546e-16
6,hab_custom,9972,aleatorio,0.14796726431356697,4.965068306494546e-16
6,hab_custom,9973,aleatorio,0.4560318803006792,4.965068306494546e-16
6,hab_custom,9974,aleatorio,1.091062849155941,4.965068306494546e-16
6,hab_custom,9975,aleatorio,0.7056629275302088,4.965068306494546e-16
6,hab_custom,9976,aleatorio,1.8505790517514054,4.965068306494546e-16
6,hab_custom,9977,aleatorio,1.7073007542917074e-13,4.965068306494546e-16
6,hab_custom,9978,aleatorio,0.010721029053226762,4.965068306494546e-16
6,hab_custom,9979,aleatorio,7.259168730591305e-05,4.965068306494546e-16
6,hab_custom,9980,aleatorio,0.9228951135050384,4.965068306494546e-16
6,hab_custom,9981,aleatorio,3.165230461264536e-13,4.965068306494546e-16
6,hab_custom,9982,aleatorio,1.5051313345661763,4.965068306494546e-16
6,hab_custom,9983,aleatorio,1.0283147272128612,4.965068306494546e-16
6,hab_custom,9984,aleatorio,1.841693119940346,4.965068306494546e-16
6,hab_custom,9985,aleatorio,0.1531532994410332,4.965068306494546e-16
6,hab_custom,9986,aleatorio,0.25901936546618726,4.965068306494546e-16
6,hab_custom,9987,aleatorio,4.468561475845092e-15,4.965068306494546e-16
6,hab_custom,9988,aleatorio,1.3949801739158583e-11,4.965068306494546e-16
6,hab_custom,9989,aleatorio,0.9098503393226851,4.965068306494546e-16
6,hab_custom,9990,aleatorio,2.0068430631013405,4.965068306494546e-16
6,hab_custom,9991,aleatorio,0.14736587724673791,4.965068306494546e-16
6,hab_custom,9992,aleatorio,7.691850745534255e-16,4.965068306494546e-16
6,hab_custom,9993,aleatorio,2.9595932647735284,4.965068306494546e-16
6,hab_custom,9994,aleatorio,0.052961673927730636,4.965068306494546e-16
6,hab_custom,9995,aleatorio,1.36843236520925,4.965068306494546e-16
6,hab_custom,9996,aleatorio,5.326680578800309e-12,4.965068306494546e-16
6,hab_custom,9997,aleatorio,5.301968131996373e-13,4.965068306494546e-16
6,hab_custom,9998,aleatorio,2.9164054290509046e-13,4.965068306494546e-16
6,hab_custom,9999,aleatorio,0.3123784743634425,4.965068306494546e-16
6,hab_custom,10000,aleatorio,6.280369834735101e-16,4.965068306494546e-16
